0 verbose cli C:\Program Files\nodejs\node.exe C:\Users\fares\AppData\Roaming\npm\node_modules\npm\bin\npm-cli.js
1 info using npm@11.7.0
2 info using node@v24.13.0
3 silly config load:file:C:\Users\fares\AppData\Roaming\npm\node_modules\npm\npmrc
4 silly config load:file:L:\npm dev Packages\.npmrc
5 silly config load:file:C:\Users\fares\.npmrc
6 silly config load:file:C:\Users\fares\AppData\Roaming\npm\etc\npmrc
7 verbose title npm ci
8 verbose argv "ci" "--cache" ".npm-cache"
9 verbose logfile logs-max:10 dir:L:\npm dev Packages\.npm-cache\_logs\2026-03-16T07_40_48_266Z-
10 verbose logfile L:\npm dev Packages\.npm-cache\_logs\2026-03-16T07_40_48_266Z-debug-0.log
11 silly logfile done cleaning log files
12 silly packumentCache heap:4496293888 maxSize:1124073472 maxEntrySize:562036736
13 silly idealTree buildDeps
14 silly reify moves {}
15 http cache npm@https://registry.npmjs.org/npm/-/npm-10.9.5.tgz 0ms (cache hit)
16 silly tarball no local data for npm@https://registry.npmjs.org/npm/-/npm-10.9.5.tgz. Extracting by manifest.
17 http fetch GET 200 https://registry.npmjs.org/npm 1938ms
18 http fetch GET 200 https://registry.npmjs.org/npm/-/npm-10.9.5.tgz 6073ms (cache miss)
19 silly audit bulk request {
19 silly audit   '@babel/code-frame': [ '7.27.1' ],
19 silly audit   '@babel/compat-data': [ '7.28.5' ],
19 silly audit   '@babel/core': [ '7.28.5' ],
19 silly audit   '@babel/generator': [ '7.28.5' ],
19 silly audit   '@babel/helper-compilation-targets': [ '7.27.2' ],
19 silly audit   '@babel/helper-globals': [ '7.28.0' ],
19 silly audit   '@babel/helper-module-imports': [ '7.27.1' ],
19 silly audit   '@babel/helper-module-transforms': [ '7.28.3' ],
19 silly audit   '@babel/helper-plugin-utils': [ '7.27.1' ],
19 silly audit   '@babel/helper-string-parser': [ '7.27.1' ],
19 silly audit   '@babel/helper-validator-identifier': [ '7.28.5' ],
19 silly audit   '@babel/helper-validator-option': [ '7.27.1' ],
19 silly audit   '@babel/helpers': [ '7.28.4' ],
19 silly audit   '@babel/parser': [ '7.28.5' ],
19 silly audit   '@babel/plugin-syntax-async-generators': [ '7.8.4' ],
19 silly audit   '@babel/plugin-syntax-bigint': [ '7.8.3' ],
19 silly audit   '@babel/plugin-syntax-class-properties': [ '7.12.13' ],
19 silly audit   '@babel/plugin-syntax-class-static-block': [ '7.14.5' ],
19 silly audit   '@babel/plugin-syntax-import-attributes': [ '7.27.1' ],
19 silly audit   '@babel/plugin-syntax-import-meta': [ '7.10.4' ],
19 silly audit   '@babel/plugin-syntax-json-strings': [ '7.8.3' ],
19 silly audit   '@babel/plugin-syntax-jsx': [ '7.27.1' ],
19 silly audit   '@babel/plugin-syntax-logical-assignment-operators': [ '7.10.4' ],
19 silly audit   '@babel/plugin-syntax-nullish-coalescing-operator': [ '7.8.3' ],
19 silly audit   '@babel/plugin-syntax-numeric-separator': [ '7.10.4' ],
19 silly audit   '@babel/plugin-syntax-object-rest-spread': [ '7.8.3' ],
19 silly audit   '@babel/plugin-syntax-optional-catch-binding': [ '7.8.3' ],
19 silly audit   '@babel/plugin-syntax-optional-chaining': [ '7.8.3' ],
19 silly audit   '@babel/plugin-syntax-private-property-in-object': [ '7.14.5' ],
19 silly audit   '@babel/plugin-syntax-top-level-await': [ '7.14.5' ],
19 silly audit   '@babel/plugin-syntax-typescript': [ '7.27.1' ],
19 silly audit   '@babel/template': [ '7.27.2' ],
19 silly audit   '@babel/traverse': [ '7.28.5' ],
19 silly audit   '@babel/types': [ '7.28.5' ],
19 silly audit   '@bcoe/v8-coverage': [ '0.2.3' ],
19 silly audit   '@colors/colors': [ '1.5.0' ],
19 silly audit   '@cspotcode/source-map-support': [ '0.8.1' ],
19 silly audit   '@jridgewell/trace-mapping': [ '0.3.9', '0.3.31' ],
19 silly audit   '@emnapi/core': [ '1.7.0' ],
19 silly audit   '@emnapi/runtime': [ '1.7.0' ],
19 silly audit   '@emnapi/wasi-threads': [ '1.1.0' ],
19 silly audit   '@esbuild/aix-ppc64': [ '0.25.12' ],
19 silly audit   '@esbuild/android-arm': [ '0.25.12' ],
19 silly audit   '@esbuild/android-arm64': [ '0.25.12' ],
19 silly audit   '@esbuild/android-x64': [ '0.25.12' ],
19 silly audit   '@esbuild/darwin-arm64': [ '0.25.12' ],
19 silly audit   '@esbuild/darwin-x64': [ '0.25.12' ],
19 silly audit   '@esbuild/freebsd-arm64': [ '0.25.12' ],
19 silly audit   '@esbuild/freebsd-x64': [ '0.25.12' ],
19 silly audit   '@esbuild/linux-arm': [ '0.25.12' ],
19 silly audit   '@esbuild/linux-arm64': [ '0.25.12' ],
19 silly audit   '@esbuild/linux-ia32': [ '0.25.12' ],
19 silly audit   '@esbuild/linux-loong64': [ '0.25.12' ],
19 silly audit   '@esbuild/linux-mips64el': [ '0.25.12' ],
19 silly audit   '@esbuild/linux-ppc64': [ '0.25.12' ],
19 silly audit   '@esbuild/linux-riscv64': [ '0.25.12' ],
19 silly audit   '@esbuild/linux-s390x': [ '0.25.12' ],
19 silly audit   '@esbuild/linux-x64': [ '0.25.12' ],
19 silly audit   '@esbuild/netbsd-arm64': [ '0.25.12' ],
19 silly audit   '@esbuild/netbsd-x64': [ '0.25.12' ],
19 silly audit   '@esbuild/openbsd-arm64': [ '0.25.12' ],
19 silly audit   '@esbuild/openbsd-x64': [ '0.25.12' ],
19 silly audit   '@esbuild/openharmony-arm64': [ '0.25.12' ],
19 silly audit   '@esbuild/sunos-x64': [ '0.25.12' ],
19 silly audit   '@esbuild/win32-arm64': [ '0.25.12' ],
19 silly audit   '@esbuild/win32-ia32': [ '0.25.12' ],
19 silly audit   '@esbuild/win32-x64': [ '0.25.12' ],
19 silly audit   '@eslint-community/eslint-utils': [ '4.9.0' ],
19 silly audit   'eslint-visitor-keys': [ '3.4.3', '4.2.1' ],
19 silly audit   '@eslint-community/regexpp': [ '4.12.2' ],
19 silly audit   '@eslint/config-array': [ '0.21.1' ],
19 silly audit   '@eslint/config-helpers': [ '0.4.2' ],
19 silly audit   '@eslint/core': [ '0.17.0' ],
19 silly audit   '@eslint/eslintrc': [ '3.3.1' ],
19 silly audit   '@eslint/js': [ '9.39.1' ],
19 silly audit   '@eslint/object-schema': [ '2.1.7' ],
19 silly audit   '@eslint/plugin-kit': [ '0.4.1' ],
19 silly audit   '@faker-js/faker': [ '10.1.0' ],
19 silly audit   '@humanfs/core': [ '0.19.1' ],
19 silly audit   '@humanfs/node': [ '0.16.7' ],
19 silly audit   '@humanwhocodes/module-importer': [ '1.0.1' ],
19 silly audit   '@humanwhocodes/retry': [ '0.4.3' ],
19 silly audit   '@isaacs/cliui': [ '8.0.2' ],
19 silly audit   '@istanbuljs/load-nyc-config': [ '1.1.0' ],
19 silly audit   argparse: [ '1.0.10', '2.0.1' ],
19 silly audit   'find-up': [ '4.1.0', '5.0.0', '2.1.0' ],
19 silly audit   'js-yaml': [ '3.14.2', '4.1.1' ],
19 silly audit   'locate-path': [ '5.0.0', '6.0.0', '2.0.0' ],
19 silly audit   'p-limit': [ '2.3.0', '3.1.0', '1.3.0' ],
19 silly audit   'p-locate': [ '4.1.0', '5.0.0', '2.0.0' ],
19 silly audit   'resolve-from': [ '5.0.0', '4.0.0' ],
19 silly audit   '@istanbuljs/schema': [ '0.1.3' ],
19 silly audit   '@jest/console': [ '30.2.0' ],
19 silly audit   'ansi-styles': [ '4.3.0', '5.2.0', '3.2.1', '6.2.3' ],
19 silly audit   chalk: [ '4.1.2', '5.6.2', '2.4.2' ],
19 silly audit   '@jest/core': [ '30.2.0' ],
19 silly audit   '@jest/diff-sequences': [ '30.0.1' ],
19 silly audit   '@jest/environment': [ '30.2.0' ],
19 silly audit   '@jest/expect': [ '30.2.0' ],
19 silly audit   '@jest/expect-utils': [ '30.2.0' ],
19 silly audit   '@jest/fake-timers': [ '30.2.0' ],
19 silly audit   '@jest/get-type': [ '30.1.0' ],
19 silly audit   '@jest/globals': [ '30.2.0' ],
19 silly audit   '@jest/pattern': [ '30.0.1' ],
19 silly audit   '@jest/reporters': [ '30.2.0' ],
19 silly audit   '@jest/schemas': [ '30.0.5' ],
19 silly audit   '@jest/snapshot-utils': [ '30.2.0' ],
19 silly audit   '@jest/source-map': [ '30.0.1' ],
19 silly audit   '@jest/test-result': [ '30.2.0' ],
19 silly audit   '@jest/test-sequencer': [ '30.2.0' ],
19 silly audit   '@jest/transform': [ '30.2.0' ],
19 silly audit   '@jest/types': [ '30.2.0' ],
19 silly audit   '@jridgewell/gen-mapping': [ '0.3.13' ],
19 silly audit   '@jridgewell/remapping': [ '2.3.5' ],
19 silly audit   '@jridgewell/resolve-uri': [ '3.1.2' ],
19 silly audit   '@jridgewell/sourcemap-codec': [ '1.5.5' ],
19 silly audit   '@mongodb-js/saslprep': [ '1.3.2' ],
19 silly audit   '@napi-rs/wasm-runtime': [ '0.2.12' ],
19 silly audit   '@nodelib/fs.scandir': [ '2.1.5' ],
19 silly audit   '@nodelib/fs.stat': [ '2.0.5' ],
19 silly audit   '@nodelib/fs.walk': [ '1.2.8' ],
19 silly audit   '@octokit/auth-token': [ '5.1.2', '6.0.0' ],
19 silly audit   '@octokit/core': [ '6.1.6', '7.0.6' ],
19 silly audit   '@octokit/endpoint': [ '10.1.4', '11.0.3' ],
19 silly audit   '@octokit/graphql': [ '8.2.2', '9.0.3' ],
19 silly audit   '@octokit/openapi-types': [ '25.1.0', '24.2.0', '27.0.0', '26.0.0' ],
19 silly audit   '@octokit/plugin-paginate-rest': [ '11.6.0', '13.2.1' ],
19 silly audit   '@octokit/types': [ '13.10.0', '14.1.0', '15.0.2', '16.0.0' ],
19 silly audit   '@octokit/plugin-retry': [ '7.2.1', '8.1.0' ],
19 silly audit   '@octokit/plugin-throttling': [ '9.6.1', '11.0.3' ],
19 silly audit   '@octokit/request': [ '9.2.4', '10.0.8' ],
19 silly audit   '@octokit/request-error': [ '6.1.8', '7.1.0' ],
19 silly audit   '@pkgjs/parseargs': [ '0.11.0' ],
19 silly audit   '@pkgr/core': [ '0.2.9' ],
19 silly audit   '@pnpm/config.env-replace': [ '1.1.0' ],
19 silly audit   '@pnpm/network.ca-file': [ '1.0.2' ],
19 silly audit   'graceful-fs': [ '4.2.10', '4.2.11' ],
19 silly audit   '@pnpm/npm-conf': [ '3.0.2' ],
19 silly audit   '@rollup/rollup-android-arm-eabi': [ '4.59.0' ],
19 silly audit   '@rollup/rollup-android-arm64': [ '4.59.0' ],
19 silly audit   '@rollup/rollup-darwin-arm64': [ '4.59.0' ],
19 silly audit   '@rollup/rollup-darwin-x64': [ '4.59.0' ],
19 silly audit   '@rollup/rollup-freebsd-arm64': [ '4.59.0' ],
19 silly audit   '@rollup/rollup-freebsd-x64': [ '4.59.0' ],
19 silly audit   '@rollup/rollup-linux-arm-gnueabihf': [ '4.59.0' ],
19 silly audit   '@rollup/rollup-linux-arm-musleabihf': [ '4.59.0' ],
19 silly audit   '@rollup/rollup-linux-arm64-gnu': [ '4.59.0' ],
19 silly audit   '@rollup/rollup-linux-arm64-musl': [ '4.59.0' ],
19 silly audit   '@rollup/rollup-linux-loong64-gnu': [ '4.59.0' ],
19 silly audit   '@rollup/rollup-linux-loong64-musl': [ '4.59.0' ],
19 silly audit   '@rollup/rollup-linux-ppc64-gnu': [ '4.59.0' ],
19 silly audit   '@rollup/rollup-linux-ppc64-musl': [ '4.59.0' ],
19 silly audit   '@rollup/rollup-linux-riscv64-gnu': [ '4.59.0' ],
19 silly audit   '@rollup/rollup-linux-riscv64-musl': [ '4.59.0' ],
19 silly audit   '@rollup/rollup-linux-s390x-gnu': [ '4.59.0' ],
19 silly audit   '@rollup/rollup-linux-x64-gnu': [ '4.59.0' ],
19 silly audit   '@rollup/rollup-linux-x64-musl': [ '4.59.0' ],
19 silly audit   '@rollup/rollup-openbsd-x64': [ '4.59.0' ],
19 silly audit   '@rollup/rollup-openharmony-arm64': [ '4.59.0' ],
19 silly audit   '@rollup/rollup-win32-arm64-msvc': [ '4.59.0' ],
19 silly audit   '@rollup/rollup-win32-ia32-msvc': [ '4.59.0' ],
19 silly audit   '@rollup/rollup-win32-x64-gnu': [ '4.59.0' ],
19 silly audit   '@rollup/rollup-win32-x64-msvc': [ '4.59.0' ],
19 silly audit   '@sec-ant/readable-stream': [ '0.4.1' ],
19 silly audit   '@semantic-release/changelog': [ '6.0.3' ],
19 silly audit   '@semantic-release/commit-analyzer': [ '12.0.0', '13.0.1' ],
19 silly audit   '@semantic-release/error': [ '3.0.0', '4.0.0' ],
19 silly audit   '@semantic-release/git': [ '10.0.1' ],
19 silly audit   '@semantic-release/github': [ '10.3.5', '11.0.6' ],
19 silly audit   'aggregate-error': [ '5.0.0', '3.1.0' ],
19 silly audit   'clean-stack': [ '5.3.0', '2.2.0' ],
19 silly audit   'escape-string-regexp': [ '5.0.0', '4.0.0', '1.0.5', '2.0.0' ],
19 silly audit   'indent-string': [ '5.0.0', '4.0.0' ],
19 silly audit   '@semantic-release/npm': [ '12.0.2' ],
19 silly audit   '@sindresorhus/merge-streams': [ '4.0.0', '2.3.0' ],
19 silly audit   execa: [ '9.6.1', '8.0.1', '5.1.1' ],
19 silly audit   'get-stream': [ '9.0.1', '7.0.1', '8.0.1', '6.0.1' ],
19 silly audit   'human-signals': [ '8.0.1', '5.0.0', '2.1.0' ],
19 silly audit   'is-stream': [ '4.0.1', '3.0.0', '2.0.1' ],
19 silly audit   'npm-run-path': [ '6.0.0', '5.3.0', '4.0.1' ],
19 silly audit   'path-key': [ '4.0.0', '3.1.1' ],
19 silly audit   semver: [ '7.7.4', '7.7.3', '6.3.1' ],
19 silly audit   'strip-final-newline': [ '4.0.0', '3.0.0', '2.0.0' ],
19 silly audit   '@semantic-release/release-notes-generator': [ '13.0.0', '14.1.0' ],
19 silly audit   '@sinclair/typebox': [ '0.34.41' ],
19 silly audit   '@sindresorhus/is': [ '4.6.0' ],
19 silly audit   '@sinonjs/commons': [ '3.0.1' ],
19 silly audit   '@sinonjs/fake-timers': [ '13.0.5' ],
19 silly audit   '@standard-schema/spec': [ '1.0.0' ],
19 silly audit   '@tsconfig/node10': [ '1.0.11' ],
19 silly audit   '@tsconfig/node12': [ '1.0.11' ],
19 silly audit   '@tsconfig/node14': [ '1.0.3' ],
19 silly audit   '@tsconfig/node16': [ '1.0.4' ],
19 silly audit   '@tybys/wasm-util': [ '0.10.1' ],
19 silly audit   '@types/babel__core': [ '7.20.5' ],
19 silly audit   '@types/babel__generator': [ '7.27.0' ],
19 silly audit   '@types/babel__template': [ '7.4.4' ],
19 silly audit   '@types/babel__traverse': [ '7.28.0' ],
19 silly audit   '@types/body-parser': [ '1.19.6' ],
19 silly audit   '@types/chai': [ '5.2.3' ],
19 silly audit   '@types/connect': [ '3.4.38' ],
19 silly audit   '@types/deep-eql': [ '4.0.2' ],
19 silly audit   '@types/estree': [ '1.0.8' ],
19 silly audit   '@types/express': [ '5.0.6' ],
19 silly audit   '@types/express-serve-static-core': [ '5.1.1' ],
19 silly audit   '@types/figlet': [ '1.7.0' ],
19 silly audit   '@types/http-errors': [ '2.0.5' ],
19 silly audit   '@types/istanbul-lib-coverage': [ '2.0.6' ],
19 silly audit   '@types/istanbul-lib-report': [ '3.0.3' ],
19 silly audit   '@types/istanbul-reports': [ '3.0.4' ],
19 silly audit   '@types/jest': [ '30.0.0' ],
19 silly audit   '@types/json-schema': [ '7.0.15' ],
19 silly audit   '@types/memcached': [ '2.2.10' ],
19 silly audit   '@types/node': [ '22.19.0' ],
19 silly audit   '@types/normalize-package-data': [ '2.4.4' ],
19 silly audit   '@types/pg': [ '8.15.6' ],
19 silly audit   '@types/qs': [ '6.14.0' ],
19 silly audit   '@types/range-parser': [ '1.2.7' ],
19 silly audit   '@types/send': [ '1.2.1' ],
19 silly audit   '@types/serve-static': [ '2.2.0' ],
19 silly audit   '@types/stack-utils': [ '2.0.3' ],
19 silly audit   '@types/webidl-conversions': [ '7.0.3' ],
19 silly audit   '@types/whatwg-url': [ '11.0.5' ],
19 silly audit   '@types/yargs': [ '17.0.34' ],
19 silly audit   '@types/yargs-parser': [ '21.0.3' ],
19 silly audit   '@typescript-eslint/eslint-plugin': [ '8.46.3' ],
19 silly audit   ignore: [ '7.0.5', '5.3.2' ],
19 silly audit   '@typescript-eslint/parser': [ '8.46.3' ],
19 silly audit   '@typescript-eslint/project-service': [ '8.46.3' ],
19 silly audit   '@typescript-eslint/scope-manager': [ '8.46.3' ],
19 silly audit   '@typescript-eslint/tsconfig-utils': [ '8.46.3' ],
19 silly audit   '@typescript-eslint/type-utils': [ '8.46.3' ],
19 silly audit   '@typescript-eslint/types': [ '8.46.3' ],
19 silly audit   '@typescript-eslint/typescript-estree': [ '8.46.3' ],
19 silly audit   'brace-expansion': [ '2.0.2', '1.1.12' ],
19 silly audit   minimatch: [ '9.0.9', '3.1.5' ],
19 silly audit   '@typescript-eslint/utils': [ '8.46.3' ],
19 silly audit   '@typescript-eslint/visitor-keys': [ '8.46.3' ],
19 silly audit   '@ungap/structured-clone': [ '1.3.0' ],
19 silly audit   '@unrs/resolver-binding-android-arm-eabi': [ '1.11.1' ],
19 silly audit   '@unrs/resolver-binding-android-arm64': [ '1.11.1' ],
19 silly audit   '@unrs/resolver-binding-darwin-arm64': [ '1.11.1' ],
19 silly audit   '@unrs/resolver-binding-darwin-x64': [ '1.11.1' ],
19 silly audit   '@unrs/resolver-binding-freebsd-x64': [ '1.11.1' ],
19 silly audit   '@unrs/resolver-binding-linux-arm-gnueabihf': [ '1.11.1' ],
19 silly audit   '@unrs/resolver-binding-linux-arm-musleabihf': [ '1.11.1' ],
19 silly audit   '@unrs/resolver-binding-linux-arm64-gnu': [ '1.11.1' ],
19 silly audit   '@unrs/resolver-binding-linux-arm64-musl': [ '1.11.1' ],
19 silly audit   '@unrs/resolver-binding-linux-ppc64-gnu': [ '1.11.1' ],
19 silly audit   '@unrs/resolver-binding-linux-riscv64-gnu': [ '1.11.1' ],
19 silly audit   '@unrs/resolver-binding-linux-riscv64-musl': [ '1.11.1' ],
19 silly audit   '@unrs/resolver-binding-linux-s390x-gnu': [ '1.11.1' ],
19 silly audit   '@unrs/resolver-binding-linux-x64-gnu': [ '1.11.1' ],
19 silly audit   '@unrs/resolver-binding-linux-x64-musl': [ '1.11.1' ],
19 silly audit   '@unrs/resolver-binding-wasm32-wasi': [ '1.11.1' ],
19 silly audit   '@unrs/resolver-binding-win32-arm64-msvc': [ '1.11.1' ],
19 silly audit   '@unrs/resolver-binding-win32-ia32-msvc': [ '1.11.1' ],
19 silly audit   '@unrs/resolver-binding-win32-x64-msvc': [ '1.11.1' ],
19 silly audit   '@vitest/expect': [ '4.0.7' ],
19 silly audit   '@vitest/mocker': [ '4.0.7' ],
19 silly audit   '@vitest/pretty-format': [ '4.0.7' ],
19 silly audit   '@vitest/runner': [ '4.0.7' ],
19 silly audit   '@vitest/snapshot': [ '4.0.7' ],
19 silly audit   '@vitest/spy': [ '4.0.7' ],
19 silly audit   '@vitest/utils': [ '4.0.7' ],
19 silly audit   accepts: [ '2.0.0' ],
19 silly audit   negotiator: [ '1.0.0' ],
19 silly audit   acorn: [ '8.15.0' ],
19 silly audit   'acorn-jsx': [ '5.3.2' ],
19 silly audit   'acorn-walk': [ '8.3.4' ],
19 silly audit   'agent-base': [ '7.1.4' ],
19 silly audit   ajv: [ '6.14.0' ],
19 silly audit   'ansi-escapes': [ '4.3.2', '7.3.0' ],
19 silly audit   'ansi-regex': [ '6.2.2', '5.0.1' ],
19 silly audit   'any-promise': [ '1.3.0' ],
19 silly audit   anymatch: [ '3.1.3' ],
19 silly audit   arg: [ '4.1.3' ],
19 silly audit   'argv-formatter': [ '1.0.0' ],
19 silly audit   'array-ify': [ '1.0.0' ],
19 silly audit   'assertion-error': [ '2.0.1' ],
19 silly audit   'aws-ssl-profiles': [ '1.1.2' ],
19 silly audit   'babel-jest': [ '30.2.0' ],
19 silly audit   'babel-plugin-istanbul': [ '7.0.1' ],
19 silly audit   'babel-plugin-jest-hoist': [ '30.2.0' ],
19 silly audit   'babel-preset-current-node-syntax': [ '1.2.0' ],
19 silly audit   'babel-preset-jest': [ '30.2.0' ],
19 silly audit   'balanced-match': [ '1.0.2' ],
19 silly audit   'base64-js': [ '1.5.1' ],
19 silly audit   'baseline-browser-mapping': [ '2.8.25' ],
19 silly audit   'before-after-hook': [ '3.0.2', '4.0.0' ],
19 silly audit   'better-sqlite3': [ '12.2.0' ],
19 silly audit   bindings: [ '1.5.0' ],
19 silly audit   bl: [ '4.1.0' ],
19 silly audit   'readable-stream': [ '3.6.2', '2.3.8' ],
19 silly audit   'body-parser': [ '2.2.2' ],
19 silly audit   bottleneck: [ '2.19.5' ],
19 silly audit   braces: [ '3.0.3' ],
19 silly audit   browserslist: [ '4.27.0' ],
19 silly audit   'bs-logger': [ '0.2.6' ],
19 silly audit   bser: [ '2.1.1' ],
19 silly audit   bson: [ '6.10.4' ],
19 silly audit   buffer: [ '5.7.1' ],
19 silly audit   'buffer-from': [ '1.1.2' ],
19 silly audit   bytes: [ '3.1.2' ],
19 silly audit   'call-bind-apply-helpers': [ '1.0.2' ],
19 silly audit   'call-bound': [ '1.0.4' ],
19 silly audit   callsites: [ '3.1.0' ],
19 silly audit   camelcase: [ '5.3.1', '6.3.0' ],
19 silly audit   'caniuse-lite': [ '1.0.30001754' ],
19 silly audit   chai: [ '6.2.0' ],
19 silly audit   'char-regex': [ '1.0.2' ],
19 silly audit   'ci-info': [ '4.3.1', '4.4.0' ],
19 silly audit   'cjs-module-lexer': [ '2.1.0' ],
19 silly audit   'cli-highlight': [ '2.1.11' ],
19 silly audit   cliui: [ '7.0.4', '8.0.1' ],
19 silly audit   'emoji-regex': [ '8.0.0', '9.2.2' ],
19 silly audit   'string-width': [ '4.2.3', '5.1.2' ],
19 silly audit   'strip-ansi': [ '6.0.1', '7.1.2', '7.2.0' ],
19 silly audit   'wrap-ansi': [ '7.0.0', '8.1.0' ],
19 silly audit   yargs: [ '16.2.0', '17.7.2' ],
19 silly audit   'yargs-parser': [ '20.2.9', '21.1.1' ],
19 silly audit   'cli-table3': [ '0.6.5' ],
19 silly audit   co: [ '4.6.0' ],
19 silly audit   'collect-v8-coverage': [ '1.0.3' ],
19 silly audit   'color-convert': [ '2.0.1', '1.9.3' ],
19 silly audit   'color-name': [ '1.1.4', '1.1.3' ],
19 silly audit   commander: [ '12.1.0', '14.0.2' ],
19 silly audit   'compare-func': [ '2.0.0' ],
19 silly audit   'concat-map': [ '0.0.1' ],
19 silly audit   'config-chain': [ '1.1.13' ],
19 silly audit   'connection-parse': [ '0.0.7' ],
19 silly audit   'content-disposition': [ '1.0.0' ],
19 silly audit   'content-type': [ '1.0.5' ],
19 silly audit   'conventional-changelog-angular': [ '7.0.0', '8.1.0' ],
19 silly audit   'conventional-changelog-writer': [ '7.0.1', '8.2.0' ],
19 silly audit   'conventional-commits-filter': [ '4.0.0', '5.0.0' ],
19 silly audit   'conventional-commits-parser': [ '5.0.0', '6.2.1' ],
19 silly audit   'convert-hrtime': [ '5.0.0' ],
19 silly audit   'convert-source-map': [ '2.0.0' ],
19 silly audit   cookie: [ '0.7.2' ],
19 silly audit   'cookie-signature': [ '1.2.2' ],
19 silly audit   'core-util-is': [ '1.0.3' ],
19 silly audit   cosmiconfig: [ '9.0.0' ],
19 silly audit   'create-require': [ '1.1.1' ],
19 silly audit   'cross-spawn': [ '7.0.6' ],
19 silly audit   'crypto-random-string': [ '4.0.0' ],
19 silly audit   'type-fest': [ '1.4.0', '4.41.0', '2.19.0', '0.21.3' ],
19 silly audit   debug: [ '4.4.3' ],
19 silly audit   'decompress-response': [ '6.0.0' ],
19 silly audit   dedent: [ '1.7.0' ],
19 silly audit   'deep-extend': [ '0.6.0' ],
19 silly audit   'deep-is': [ '0.1.4' ],
19 silly audit   deepmerge: [ '4.3.1' ],
19 silly audit   denque: [ '2.1.0' ],
19 silly audit   depd: [ '2.0.0' ],
19 silly audit   'detect-libc': [ '2.1.2' ],
19 silly audit   'detect-newline': [ '3.1.0' ],
19 silly audit   diff: [ '4.0.4', '5.2.2' ],
19 silly audit   'dir-glob': [ '3.0.1' ],
19 silly audit   'dot-prop': [ '5.3.0' ],
19 silly audit   dotenv: [ '17.2.3' ],
19 silly audit   'dunder-proto': [ '1.0.1' ],
19 silly audit   duplexer2: [ '0.1.4' ],
19 silly audit   eastasianwidth: [ '0.2.0' ],
19 silly audit   'ee-first': [ '1.1.1' ],
19 silly audit   'electron-to-chromium': [ '1.5.245' ],
19 silly audit   emittery: [ '0.13.1' ],
19 silly audit   emojilib: [ '2.4.0' ],
19 silly audit   encodeurl: [ '2.0.0' ],
19 silly audit   'end-of-stream': [ '1.4.5' ],
19 silly audit   'env-ci': [ '11.2.0' ],
19 silly audit   'mimic-fn': [ '4.0.0', '2.1.0' ],
19 silly audit   onetime: [ '6.0.0', '5.1.2' ],
19 silly audit   'env-paths': [ '2.2.1' ],
19 silly audit   environment: [ '1.1.0' ],
19 silly audit   'error-ex': [ '1.3.4' ],
19 silly audit   'es-define-property': [ '1.0.1' ],
19 silly audit   'es-errors': [ '1.3.0' ],
19 silly audit   'es-module-lexer': [ '1.7.0' ],
19 silly audit   'es-object-atoms': [ '1.1.1' ],
19 silly audit   esbuild: [ '0.25.12' ],
19 silly audit   escalade: [ '3.2.0' ],
19 silly audit   'escape-html': [ '1.0.3' ],
19 silly audit   eslint: [ '9.39.1' ],
19 silly audit   'eslint-scope': [ '8.4.0' ],
19 silly audit   espree: [ '10.4.0' ],
19 silly audit   esprima: [ '4.0.1' ],
19 silly audit   esquery: [ '1.6.0' ],
19 silly audit   esrecurse: [ '4.3.0' ],
19 silly audit   estraverse: [ '5.3.0' ],
19 silly audit   'estree-walker': [ '3.0.3' ],
19 silly audit   esutils: [ '2.0.3' ],
19 silly audit   etag: [ '1.8.1' ],
19 silly audit   'signal-exit': [ '3.0.7', '4.1.0' ],
19 silly audit   'exit-x': [ '0.2.2' ],
19 silly audit   'expand-template': [ '2.0.3' ],
19 silly audit   expect: [ '30.2.0' ],
19 silly audit   'expect-type': [ '1.2.2' ],
19 silly audit   express: [ '5.1.0' ],
19 silly audit   'fast-content-type-parse': [ '2.0.1', '3.0.0' ],
19 silly audit   'fast-deep-equal': [ '3.1.3' ],
19 silly audit   'fast-glob': [ '3.3.3' ],
19 silly audit   'glob-parent': [ '5.1.2', '6.0.2' ],
19 silly audit   'fast-json-stable-stringify': [ '2.1.0' ],
19 silly audit   'fast-levenshtein': [ '2.0.6' ],
19 silly audit   fastq: [ '1.19.1' ],
19 silly audit   'fb-watchman': [ '2.0.2' ],
19 silly audit   figlet: [ '1.9.3' ],
19 silly audit   figures: [ '6.1.0', '2.0.0' ],
19 silly audit   'file-entry-cache': [ '8.0.0' ],
19 silly audit   'file-uri-to-path': [ '1.0.0' ],
19 silly audit   'fill-range': [ '7.1.1' ],
19 silly audit   finalhandler: [ '2.1.0' ],
19 silly audit   'find-up-simple': [ '1.0.1' ],
19 silly audit   'find-versions': [ '6.0.0' ],
19 silly audit   'flat-cache': [ '4.0.1' ],
19 silly audit   flatted: [ '3.3.3' ],
19 silly audit   'foreground-child': [ '3.3.1' ],
19 silly audit   forwarded: [ '0.2.0' ],
19 silly audit   fresh: [ '2.0.0' ],
19 silly audit   from2: [ '2.3.0' ],
19 silly audit   'fs-constants': [ '1.0.0' ],
19 silly audit   'fs-extra': [ '11.3.3' ],
19 silly audit   'fs.realpath': [ '1.0.0' ],
19 silly audit   fsevents: [ '2.3.3' ],
19 silly audit   'function-bind': [ '1.1.2' ],
19 silly audit   'function-timeout': [ '1.0.2' ],
19 silly audit   'generate-function': [ '2.3.1' ],
19 silly audit   gensync: [ '1.0.0-beta.2' ],
19 silly audit   'get-caller-file': [ '2.0.5' ],
19 silly audit   'get-intrinsic': [ '1.3.0' ],
19 silly audit   'get-package-type': [ '0.1.0' ],
19 silly audit   'get-proto': [ '1.0.1' ],
19 silly audit   'get-tsconfig': [ '4.13.0' ],
19 silly audit   'git-log-parser': [ '1.2.1' ],
19 silly audit   split2: [ '1.0.0', '4.2.0' ],
19 silly audit   'github-from-package': [ '0.0.0' ],
19 silly audit   glob: [ '10.5.0', '7.2.3' ],
19 silly audit   globals: [ '14.0.0' ],
19 silly audit   globby: [ '14.1.0' ],
19 silly audit   'path-type': [ '6.0.0', '4.0.0' ],
19 silly audit   slash: [ '5.1.0', '3.0.0' ],
19 silly audit   gopd: [ '1.2.0' ],
19 silly audit   graphemer: [ '1.4.0' ],
19 silly audit   handlebars: [ '4.7.8' ],
19 silly audit   'has-flag': [ '4.0.0', '3.0.0' ],
19 silly audit   'has-symbols': [ '1.1.0' ],
19 silly audit   hashring: [ '3.2.0' ],
19 silly audit   hasown: [ '2.0.2' ],
19 silly audit   'highlight.js': [ '10.7.3' ],
19 silly audit   'hook-std': [ '4.0.0' ],
19 silly audit   'hosted-git-info': [ '7.0.2', '8.1.0' ],
19 silly audit   'lru-cache': [ '10.4.3', '5.1.1', '7.18.3' ],
19 silly audit   'html-escaper': [ '2.0.2' ],
19 silly audit   'http-errors': [ '2.0.0' ],
19 silly audit   statuses: [ '2.0.1', '2.0.2' ],
19 silly audit   'http-proxy-agent': [ '7.0.2' ],
19 silly audit   'https-proxy-agent': [ '7.0.6' ],
19 silly audit   'iconv-lite': [ '0.7.0', '0.6.3' ],
19 silly audit   ieee754: [ '1.2.1' ],
19 silly audit   'import-fresh': [ '3.3.1' ],
19 silly audit   'import-from-esm': [ '1.3.4', '2.0.0' ],
19 silly audit   'import-local': [ '3.2.0' ],
19 silly audit   'import-meta-resolve': [ '4.2.0' ],
19 silly audit   imurmurhash: [ '0.1.4' ],
19 silly audit   'index-to-position': [ '1.2.0' ],
19 silly audit   inflight: [ '1.0.6' ],
19 silly audit   inherits: [ '2.0.4' ],
19 silly audit   ini: [ '1.3.8', '5.0.0' ],
19 silly audit   'into-stream': [ '7.0.0' ],
19 silly audit   'ipaddr.js': [ '1.9.1' ],
19 silly audit   'is-arrayish': [ '0.2.1' ],
19 silly audit   'is-extglob': [ '2.1.1' ],
19 silly audit   'is-fullwidth-code-point': [ '3.0.0' ],
19 silly audit   'is-generator-fn': [ '2.1.0' ],
19 silly audit   'is-glob': [ '4.0.3' ],
19 silly audit   'is-number': [ '7.0.0' ],
19 silly audit   'is-obj': [ '2.0.0' ],
19 silly audit   'is-plain-obj': [ '4.1.0' ],
19 silly audit   'is-promise': [ '4.0.0' ],
19 silly audit   'is-property': [ '1.0.2' ],
19 silly audit   'is-text-path': [ '2.0.0' ],
19 silly audit   'is-unicode-supported': [ '2.1.0' ],
19 silly audit   isarray: [ '1.0.0' ],
19 silly audit   isexe: [ '2.0.0', '3.1.5' ],
19 silly audit   'issue-parser': [ '7.0.1' ],
19 silly audit   'istanbul-lib-coverage': [ '3.2.2' ],
19 silly audit   'istanbul-lib-instrument': [ '6.0.3' ],
19 silly audit   'istanbul-lib-report': [ '3.0.1' ],
19 silly audit   'istanbul-lib-source-maps': [ '5.0.6' ],
19 silly audit   'istanbul-reports': [ '3.2.0' ],
19 silly audit   jackpot: [ '0.0.6' ],
19 silly audit   jackspeak: [ '3.4.3' ],
19 silly audit   'java-properties': [ '1.0.2' ],
19 silly audit   jest: [ '30.2.0' ],
19 silly audit   'jest-changed-files': [ '30.2.0' ],
19 silly audit   'jest-circus': [ '30.2.0' ],
19 silly audit   'jest-cli': [ '30.2.0' ],
19 silly audit   'jest-config': [ '30.2.0' ],
19 silly audit   'jest-diff': [ '30.2.0' ],
19 silly audit   'jest-docblock': [ '30.2.0' ],
19 silly audit   'jest-each': [ '30.2.0' ],
19 silly audit   'jest-environment-node': [ '30.2.0' ],
19 silly audit   'jest-haste-map': [ '30.2.0' ],
19 silly audit   'jest-leak-detector': [ '30.2.0' ],
19 silly audit   'jest-matcher-utils': [ '30.2.0' ],
19 silly audit   'jest-message-util': [ '30.2.0' ],
19 silly audit   'jest-mock': [ '30.2.0' ],
19 silly audit   'jest-pnp-resolver': [ '1.2.3' ],
19 silly audit   'jest-regex-util': [ '30.0.1' ],
19 silly audit   'jest-resolve': [ '30.2.0' ],
19 silly audit   'jest-resolve-dependencies': [ '30.2.0' ],
19 silly audit   'jest-runner': [ '30.2.0' ],
19 silly audit   'jest-runtime': [ '30.2.0' ],
19 silly audit   'jest-snapshot': [ '30.2.0' ],
19 silly audit   'jest-util': [ '30.2.0' ],
19 silly audit   picomatch: [ '4.0.3', '2.3.1' ],
19 silly audit   'jest-validate': [ '30.2.0' ],
19 silly audit   'jest-watcher': [ '30.2.0' ],
19 silly audit   'jest-worker': [ '30.2.0' ],
19 silly audit   'supports-color': [ '8.1.1', '5.5.0', '7.2.0', '9.4.0' ],
19 silly audit   'js-tokens': [ '4.0.0' ],
19 silly audit   jsesc: [ '3.1.0' ],
19 silly audit   'json-buffer': [ '3.0.1' ],
19 silly audit   'json-parse-better-errors': [ '1.0.2' ],
19 silly audit   'json-parse-even-better-errors': [ '2.3.1', '4.0.0' ],
19 silly audit   'json-schema-traverse': [ '0.4.1' ],
19 silly audit   'json-stable-stringify-without-jsonify': [ '1.0.1' ],
19 silly audit   'json-stringify-safe': [ '5.0.1' ],
19 silly audit   'json-with-bigint': [ '3.5.7' ],
19 silly audit   json5: [ '2.2.3' ],
19 silly audit   jsonfile: [ '6.2.0' ],
19 silly audit   jsonparse: [ '1.3.1' ],
19 silly audit   JSONStream: [ '1.3.5' ],
19 silly audit   keyv: [ '4.5.4' ],
19 silly audit   leven: [ '3.1.0' ],
19 silly audit   levn: [ '0.4.1' ],
19 silly audit   'lines-and-columns': [ '1.2.4' ],
19 silly audit   'load-json-file': [ '4.0.0' ],
19 silly audit   'parse-json': [ '4.0.0', '5.2.0', '8.3.0' ],
19 silly audit   'strip-bom': [ '3.0.0', '4.0.0' ],
19 silly audit   lodash: [ '4.17.23' ],
19 silly audit   'lodash-es': [ '4.17.23' ],
19 silly audit   'lodash.capitalize': [ '4.2.1' ],
19 silly audit   'lodash.escaperegexp': [ '4.1.2' ],
19 silly audit   'lodash.isplainobject': [ '4.0.6' ],
19 silly audit   'lodash.isstring': [ '4.0.1' ],
19 silly audit   'lodash.memoize': [ '4.1.2' ],
19 silly audit   'lodash.merge': [ '4.6.2' ],
19 silly audit   'lodash.uniqby': [ '4.7.0' ],
19 silly audit   long: [ '5.3.2' ],
19 silly audit   'lru.min': [ '1.1.2' ],
19 silly audit   'magic-string': [ '0.30.21' ],
19 silly audit   'make-asynchronous': [ '1.0.1' ],
19 silly audit   'make-dir': [ '4.0.0' ],
19 silly audit   'make-error': [ '1.3.6' ],
19 silly audit   makeerror: [ '1.0.12' ],
19 silly audit   marked: [ '15.0.12' ],
19 silly audit   'marked-terminal': [ '7.3.0' ],
19 silly audit   'math-intrinsics': [ '1.1.0' ],
19 silly audit   'media-typer': [ '1.1.0' ],
19 silly audit   memcached: [ '2.2.2' ],
19 silly audit   'memory-pager': [ '1.5.0' ],
19 silly audit   meow: [ '12.1.1', '13.2.0' ],
19 silly audit   'merge-descriptors': [ '2.0.0' ],
19 silly audit   'merge-stream': [ '2.0.0' ],
19 silly audit   merge2: [ '1.4.1' ],
19 silly audit   micromatch: [ '4.0.8' ],
19 silly audit   mime: [ '4.1.0' ],
19 silly audit   'mime-db': [ '1.54.0' ],
19 silly audit   'mime-types': [ '3.0.1' ],
19 silly audit   'mimic-response': [ '3.1.0' ],
19 silly audit   minimist: [ '1.2.8' ],
19 silly audit   minipass: [ '7.1.2', '7.1.3', '3.3.6', '5.0.0' ],
19 silly audit   'mkdirp-classic': [ '0.5.3' ],
19 silly audit   mongodb: [ '6.20.0' ],
19 silly audit   'mongodb-connection-string-url': [ '3.0.2' ],
19 silly audit   ms: [ '2.1.3' ],
19 silly audit   mysql2: [ '3.15.3' ],
19 silly audit   mz: [ '2.7.0' ],
19 silly audit   'named-placeholders': [ '1.1.3' ],
19 silly audit   nanoid: [ '3.3.11' ],
19 silly audit   'napi-build-utils': [ '2.0.0' ],
19 silly audit   'napi-postinstall': [ '0.3.4' ],
19 silly audit   'natural-compare': [ '1.4.0' ],
19 silly audit   'neo-async': [ '2.6.2' ],
19 silly audit   'nerf-dart': [ '1.0.0' ],
19 silly audit   'node-abi': [ '3.87.0' ],
19 silly audit   'node-emoji': [ '2.2.0' ],
19 silly audit   'node-int64': [ '0.4.0' ],
19 silly audit   'node-releases': [ '2.0.27' ],
19 silly audit   'normalize-package-data': [ '6.0.2', '7.0.1' ],
19 silly audit   'normalize-path': [ '3.0.0' ],
19 silly audit   'normalize-url': [ '8.1.1' ],
19 silly audit   pacote: [ '19.0.1', '20.0.0' ],
19 silly audit   chownr: [ '1.1.4', '3.0.0', '2.0.0' ],
19 silly audit   tar: [ '7.5.9', '6.2.1' ],
19 silly audit   yallist: [ '3.1.1', '5.0.0', '4.0.0' ],
19 silly audit   which: [ '2.0.2', '5.0.0' ],
19 silly audit   fdir: [ '6.5.0' ],
19 silly audit   'fs-minipass': [ '3.0.3', '2.1.0' ],
19 silly audit   minizlib: [ '3.1.0', '2.1.2' ],
19 silly audit   'p-map': [ '7.0.4' ],
19 silly audit   'package-json-from-dist': [ '1.0.1' ],
19 silly audit   'path-scurry': [ '1.11.1' ],
19 silly audit   retry: [ '0.6.0', '0.12.0' ],
19 silly audit   'safer-buffer': [ '2.1.2' ],
19 silly audit   'shebang-command': [ '2.0.0' ],
19 silly audit   'shebang-regex': [ '3.0.0' ],
19 silly audit   'spdx-correct': [ '3.2.0' ],
19 silly audit   'spdx-expression-parse': [ '3.0.1', '4.0.0' ],
19 silly audit   'spdx-exceptions': [ '2.5.0' ],
19 silly audit   'spdx-license-ids': [ '3.0.22', '3.0.23' ],
19 silly audit   tinyglobby: [ '0.2.15' ],
19 silly audit   'util-deprecate': [ '1.0.2' ],
19 silly audit   'validate-npm-package-license': [ '3.0.4' ],
19 silly audit   'write-file-atomic': [ '5.0.1', '6.0.0' ],
19 silly audit   'object-assign': [ '4.1.1' ],
19 silly audit   'object-inspect': [ '1.13.4' ],
19 silly audit   'on-finished': [ '2.4.1' ],
19 silly audit   once: [ '1.4.0' ],
19 silly audit   optionator: [ '0.9.4' ],
19 silly audit   'p-each-series': [ '3.0.0' ],
19 silly audit   'p-event': [ '6.0.1' ],
19 silly audit   'p-filter': [ '4.1.0' ],
19 silly audit   'p-is-promise': [ '3.0.0' ],
19 silly audit   'p-reduce': [ '2.1.0', '3.0.0' ],
19 silly audit   'p-timeout': [ '6.1.4' ],
19 silly audit   'p-try': [ '2.2.0', '1.0.0' ],
19 silly audit   'parent-module': [ '1.0.1' ],
19 silly audit   'parse-ms': [ '4.0.0' ],
19 silly audit   parse5: [ '5.1.1', '6.0.1' ],
19 silly audit   'parse5-htmlparser2-tree-adapter': [ '6.0.1' ],
19 silly audit   parseurl: [ '1.3.3' ],
19 silly audit   'path-exists': [ '4.0.0', '3.0.0' ],
19 silly audit   'path-is-absolute': [ '1.0.1' ],
19 silly audit   'path-to-regexp': [ '8.3.0' ],
19 silly audit   pathe: [ '2.0.3' ],
19 silly audit   pg: [ '8.16.3' ],
19 silly audit   'pg-cloudflare': [ '1.2.7' ],
19 silly audit   'pg-connection-string': [ '2.9.1' ],
19 silly audit   'pg-int8': [ '1.0.1' ],
19 silly audit   'pg-pool': [ '3.10.1' ],
19 silly audit   'pg-protocol': [ '1.10.3' ],
19 silly audit   'pg-types': [ '2.2.0' ],
19 silly audit   pgpass: [ '1.0.5' ],
19 silly audit   picocolors: [ '1.1.1' ],
19 silly audit   pify: [ '3.0.0' ],
19 silly audit   pirates: [ '4.0.7' ],
19 silly audit   'pkg-conf': [ '2.1.0' ],
19 silly audit   'pkg-dir': [ '4.2.0' ],
19 silly audit   postcss: [ '8.5.6' ],
19 silly audit   'postgres-array': [ '2.0.0' ],
19 silly audit   'postgres-bytea': [ '1.0.0' ],
19 silly audit   'postgres-date': [ '1.0.7' ],
19 silly audit   'postgres-interval': [ '1.2.0' ],
19 silly audit   'prebuild-install': [ '7.1.3' ],
19 silly audit   'prelude-ls': [ '1.2.1' ],
19 silly audit   'pretty-format': [ '30.2.0' ],
19 silly audit   'pretty-ms': [ '9.3.0' ],
19 silly audit   'process-nextick-args': [ '2.0.1' ],
19 silly audit   'proto-list': [ '1.2.4' ],
19 silly audit   'proxy-addr': [ '2.0.7' ],
19 silly audit   pump: [ '3.0.3' ],
19 silly audit   punycode: [ '2.3.1' ],
19 silly audit   'pure-rand': [ '7.0.1' ],
19 silly audit   qs: [ '6.15.0' ],
19 silly audit   'queue-microtask': [ '1.2.3' ],
19 silly audit   'range-parser': [ '1.2.1' ],
19 silly audit   'raw-body': [ '3.0.1' ],
19 silly audit   rc: [ '1.2.8' ],
19 silly audit   'strip-json-comments': [ '2.0.1', '3.1.1' ],
19 silly audit   'react-is': [ '18.3.1' ],
19 silly audit   'read-package-up': [ '11.0.0' ],
19 silly audit   'read-pkg': [ '9.0.1' ],
19 silly audit   'read-pkg-up': [ '11.0.0' ],
19 silly audit   'unicorn-magic': [ '0.1.0', '0.3.0' ],
19 silly audit   'safe-buffer': [ '5.1.2', '5.2.1' ],
19 silly audit   'registry-auth-token': [ '5.1.1' ],
19 silly audit   'require-directory': [ '2.1.1' ],
19 silly audit   'resolve-cwd': [ '3.0.0' ],
19 silly audit   'resolve-pkg-maps': [ '1.0.0' ],
19 silly audit   reusify: [ '1.1.0' ],
19 silly audit   rollup: [ '4.59.0' ],
19 silly audit   router: [ '2.2.0' ],
19 silly audit   'run-parallel': [ '1.2.0' ],
19 silly audit   'semantic-release': [ '24.2.9' ],
19 silly audit   'semver-diff': [ '5.0.0' ],
19 silly audit   'semver-regex': [ '4.0.5' ],
19 silly audit   send: [ '1.2.0' ],
19 silly audit   'seq-queue': [ '0.0.5' ],
19 silly audit   'serve-static': [ '2.2.0' ],
19 silly audit   setprototypeof: [ '1.2.0' ],
19 silly audit   'side-channel': [ '1.1.0' ],
19 silly audit   'side-channel-list': [ '1.0.0' ],
19 silly audit   'side-channel-map': [ '1.0.1' ],
19 silly audit   'side-channel-weakmap': [ '1.0.2' ],
19 silly audit   siginfo: [ '2.0.0' ],
19 silly audit   signale: [ '1.4.0' ],
19 silly audit   'simple-concat': [ '1.0.1' ],
19 silly audit   'simple-get': [ '4.0.1' ],
19 silly audit   'simple-lru-cache': [ '0.0.2' ],
19 silly audit   'skin-tone': [ '2.0.0' ],
19 silly audit   'source-map': [ '0.6.1' ],
19 silly audit   'source-map-js': [ '1.2.1' ],
19 silly audit   'source-map-support': [ '0.5.13' ],
19 silly audit   'sparse-bitfield': [ '3.0.3' ],
19 silly audit   'spawn-error-forwarder': [ '1.0.0' ],
19 silly audit   'sprintf-js': [ '1.0.3' ],
19 silly audit   sqlstring: [ '2.3.3' ],
19 silly audit   'stack-utils': [ '2.0.6' ],
19 silly audit   stackback: [ '0.0.2' ],
19 silly audit   'std-env': [ '3.10.0' ],
19 silly audit   'stream-combiner2': [ '1.1.1' ],
19 silly audit   string_decoder: [ '1.1.1' ],
19 silly audit   'string-length': [ '4.0.2' ],
19 silly audit   'super-regex': [ '1.1.0' ],
19 silly audit   'supports-hyperlinks': [ '3.2.0' ],
19 silly audit   synckit: [ '0.11.11' ],
19 silly audit   'tar-fs': [ '2.1.4' ],
19 silly audit   'tar-stream': [ '2.2.0' ],
19 silly audit   'temp-dir': [ '3.0.0' ],
19 silly audit   tempy: [ '3.2.0' ],
19 silly audit   'test-exclude': [ '6.0.0' ],
19 silly audit   'text-extensions': [ '2.4.0' ],
19 silly audit   thenify: [ '3.3.1' ],
19 silly audit   'thenify-all': [ '1.6.0' ],
19 silly audit   through: [ '2.3.8' ],
19 silly audit   through2: [ '2.0.5' ],
19 silly audit   'time-span': [ '5.1.0' ],
19 silly audit   tinybench: [ '2.9.0' ],
19 silly audit   tinyexec: [ '0.3.2' ],
19 silly audit   tinyrainbow: [ '3.0.3' ],
19 silly audit   tmpl: [ '1.0.5' ],
19 silly audit   'to-regex-range': [ '5.0.1' ],
19 silly audit   toidentifier: [ '1.0.1' ],
19 silly audit   tr46: [ '5.1.1' ],
19 silly audit   traverse: [ '0.6.8' ],
19 silly audit   'ts-api-utils': [ '2.1.0' ],
19 silly audit   'ts-jest': [ '29.4.5' ],
19 silly audit   'ts-node': [ '10.9.2' ],
19 silly audit   tslib: [ '2.8.1' ],
19 silly audit   tsx: [ '4.20.6' ],
19 silly audit   'tunnel-agent': [ '0.6.0' ],
19 silly audit   'type-check': [ '0.4.0' ],
19 silly audit   'type-detect': [ '4.0.8' ],
19 silly audit   'type-is': [ '2.0.1' ],
19 silly audit   typescript: [ '5.9.3' ],
19 silly audit   'typescript-eslint': [ '8.46.3' ],
19 silly audit   'uglify-js': [ '3.19.3' ],
19 silly audit   'undici-types': [ '6.21.0' ],
19 silly audit   'unicode-emoji-modifier-base': [ '1.0.0' ],
19 silly audit   'unique-string': [ '3.0.0' ],
19 silly audit   'universal-user-agent': [ '7.0.3' ],
19 silly audit   universalify: [ '2.0.1' ],
19 silly audit   unpipe: [ '1.0.0' ],
19 silly audit   'unrs-resolver': [ '1.11.1' ],
19 silly audit   'update-browserslist-db': [ '1.1.4' ],
19 silly audit   'uri-js': [ '4.4.1' ],
19 silly audit   'url-join': [ '5.0.0' ],
19 silly audit   'v8-compile-cache-lib': [ '3.0.1' ],
19 silly audit   'v8-to-istanbul': [ '9.3.0' ],
19 silly audit   vary: [ '1.1.2' ],
19 silly audit   vite: [ '7.2.1' ],
19 silly audit   vitest: [ '4.0.7' ],
19 silly audit   walker: [ '1.0.8' ],
19 silly audit   'web-worker': [ '1.2.0' ],
19 silly audit   'webidl-conversions': [ '7.0.0' ],
19 silly audit   'whatwg-url': [ '14.2.0' ],
19 silly audit   'why-is-node-running': [ '2.3.0' ],
19 silly audit   'word-wrap': [ '1.2.5' ],
19 silly audit   wordwrap: [ '1.0.0' ],
19 silly audit   wrappy: [ '1.0.2' ],
19 silly audit   xtend: [ '4.0.2' ],
19 silly audit   y18n: [ '5.0.8' ],
19 silly audit   yn: [ '3.1.1' ],
19 silly audit   'yocto-queue': [ '0.1.0' ],
19 silly audit   yoctocolors: [ '2.1.2' ],
19 silly audit   npm: [ '10.9.5' ],
19 silly audit   abbrev: [ '3.0.1' ],
19 silly audit   aproba: [ '2.1.0' ],
19 silly audit   'binary-extensions': [ '2.3.0' ],
19 silly audit   archy: [ '1.0.0' ],
19 silly audit   cacache: [ '19.0.1' ],
19 silly audit   'cidr-regex': [ '4.1.3' ],
19 silly audit   'cli-columns': [ '4.0.0' ],
19 silly audit   'cmd-shim': [ '7.0.0' ],
19 silly audit   'common-ancestor-path': [ '1.0.1' ],
19 silly audit   cssesc: [ '3.0.0' ],
19 silly audit   encoding: [ '0.1.13' ],
19 silly audit   'err-code': [ '2.0.3' ],
19 silly audit   'exponential-backoff': [ '3.1.3' ],
19 silly audit   'fastest-levenshtein': [ '1.0.16' ],
19 silly audit   'http-cache-semantics': [ '4.2.0' ],
19 silly audit   'ignore-walk': [ '7.0.0' ],
19 silly audit   'init-package-json': [ '7.0.2' ],
19 silly audit   'ip-regex': [ '5.0.0' ],
19 silly audit   'ip-address': [ '10.1.0' ],
19 silly audit   'is-cidr': [ '5.1.1' ],
19 silly audit   'json-stringify-nice': [ '1.1.4' ],
19 silly audit   'bin-links': [ '5.0.0' ],
19 silly audit   'just-diff': [ '6.0.2' ],
19 silly audit   libnpmaccess: [ '9.0.0' ],
19 silly audit   'just-diff-apply': [ '5.5.0' ],
19 silly audit   libnpmexec: [ '9.0.2' ],
19 silly audit   libnpmdiff: [ '7.0.2' ],
19 silly audit   libnpmfund: [ '6.0.2' ],
19 silly audit   libnpmhook: [ '11.0.0' ],
19 silly audit   libnpmpack: [ '8.0.2' ],
19 silly audit   libnpmorg: [ '7.0.0' ],
19 silly audit   libnpmsearch: [ '8.0.0' ],
19 silly audit   libnpmpublish: [ '10.0.2' ],
19 silly audit   libnpmversion: [ '7.0.0' ],
19 silly audit   libnpmteam: [ '7.0.0' ],
19 silly audit   'make-fetch-happen': [ '14.0.3' ],
19 silly audit   'minipass-pipeline': [ '1.2.4' ],
19 silly audit   'minipass-collect': [ '2.0.1' ],
19 silly audit   'minipass-flush': [ '1.0.5' ],
19 silly audit   'minipass-fetch': [ '4.0.1' ],
19 silly audit   'minipass-sized': [ '1.0.3' ],
19 silly audit   mkdirp: [ '1.0.4' ],
19 silly audit   'mute-stream': [ '2.0.0' ],
19 silly audit   'node-gyp': [ '11.5.0' ],
19 silly audit   nopt: [ '8.1.0' ],
19 silly audit   'npm-audit-report': [ '6.0.0' ],
19 silly audit   'npm-bundled': [ '4.0.0' ],
19 silly audit   'npm-normalize-package-bin': [ '4.0.0' ],
19 silly audit   'npm-package-arg': [ '12.0.2' ],
19 silly audit   'npm-install-checks': [ '7.1.2' ],
19 silly audit   'npm-packlist': [ '9.0.0' ],
19 silly audit   'npm-pick-manifest': [ '10.0.0' ],
19 silly audit   'npm-profile': [ '11.0.1' ],
19 silly audit   'npm-registry-fetch': [ '18.0.2' ],
19 silly audit   'npm-user-validate': [ '3.0.0' ],
19 silly audit   'parse-conflict-json': [ '4.0.0' ],
19 silly audit   'postcss-selector-parser': [ '7.1.1' ],
19 silly audit   'proc-log': [ '5.0.0' ],
19 silly audit   proggy: [ '3.0.0' ],
19 silly audit   'promise-all-reject-late': [ '1.0.1' ],
19 silly audit   'promise-call-limit': [ '3.0.2' ],
19 silly audit   'promise-retry': [ '2.0.1' ],
19 silly audit   read: [ '4.1.0' ],
19 silly audit   promzard: [ '2.0.0' ],
19 silly audit   'read-cmd-shim': [ '5.0.0' ],
19 silly audit   'qrcode-terminal': [ '0.12.0' ],
19 silly audit   'read-package-json-fast': [ '4.0.0' ],
19 silly audit   socks: [ '2.8.7' ],
19 silly audit   sigstore: [ '3.1.0' ],
19 silly audit   '@sigstore/core': [ '2.0.0' ],
19 silly audit   '@sigstore/sign': [ '3.1.0' ],
19 silly audit   '@sigstore/bundle': [ '3.1.0' ],
19 silly audit   '@sigstore/verify': [ '2.1.1' ],
19 silly audit   'smart-buffer': [ '4.2.0' ],
19 silly audit   'socks-proxy-agent': [ '8.0.5' ],
19 silly audit   ssri: [ '12.0.0' ],
19 silly audit   'text-table': [ '0.2.0' ],
19 silly audit   'tiny-relative-date': [ '1.3.0' ],
19 silly audit   treeverse: [ '3.0.0' ],
19 silly audit   'tuf-js': [ '3.1.0' ],
19 silly audit   '@tufjs/models': [ '3.0.1' ],
19 silly audit   'unique-slug': [ '5.0.0' ],
19 silly audit   'unique-filename': [ '4.0.0' ],
19 silly audit   'validate-npm-package-name': [ '6.0.2' ],
19 silly audit   'walk-up-path': [ '3.0.1' ],
19 silly audit   '@isaacs/string-locale-compare': [ '1.1.0' ],
19 silly audit   '@npmcli/agent': [ '3.0.0' ],
19 silly audit   '@isaacs/fs-minipass': [ '4.0.1' ],
19 silly audit   '@npmcli/arborist': [ '8.0.2' ],
19 silly audit   '@npmcli/config': [ '9.0.0' ],
19 silly audit   '@npmcli/fs': [ '4.0.0' ],
19 silly audit   '@npmcli/git': [ '6.0.3' ],
19 silly audit   '@npmcli/installed-package-contents': [ '3.0.0' ],
19 silly audit   '@npmcli/map-workspaces': [ '4.0.2' ],
19 silly audit   '@npmcli/name-from-folder': [ '3.0.0' ],
19 silly audit   '@npmcli/metavuln-calculator': [ '8.0.1' ],
19 silly audit   '@npmcli/package-json': [ '6.2.0' ],
19 silly audit   '@npmcli/node-gyp': [ '4.0.0' ],
19 silly audit   '@npmcli/promise-spawn': [ '8.0.3' ],
19 silly audit   '@npmcli/query': [ '4.0.1' ],
19 silly audit   '@npmcli/redact': [ '3.2.2' ],
19 silly audit   '@tufjs/canonical-json': [ '2.0.0' ],
19 silly audit   '@npmcli/run-script': [ '9.1.0' ],
19 silly audit   '@sigstore/protobuf-specs': [ '0.4.3' ],
19 silly audit   '@sigstore/tuf': [ '3.1.1' ]
19 silly audit }
20 http cache yoctocolors@https://registry.npmjs.org/yoctocolors/-/yoctocolors-2.1.2.tgz 0ms (cache hit)
21 http cache yocto-queue@https://registry.npmjs.org/yocto-queue/-/yocto-queue-0.1.0.tgz 0ms (cache hit)
22 http cache yargs-parser@https://registry.npmjs.org/yargs-parser/-/yargs-parser-21.1.1.tgz 0ms (cache hit)
23 http cache yn@https://registry.npmjs.org/yn/-/yn-3.1.1.tgz 0ms (cache hit)
24 http cache yargs@https://registry.npmjs.org/yargs/-/yargs-17.7.2.tgz 0ms (cache hit)
25 http cache yallist@https://registry.npmjs.org/yallist/-/yallist-3.1.1.tgz 0ms (cache hit)
26 http cache y18n@https://registry.npmjs.org/y18n/-/y18n-5.0.8.tgz 0ms (cache hit)
27 http cache xtend@https://registry.npmjs.org/xtend/-/xtend-4.0.2.tgz 0ms (cache hit)
28 http cache wrappy@https://registry.npmjs.org/wrappy/-/wrappy-1.0.2.tgz 0ms (cache hit)
29 http cache write-file-atomic@https://registry.npmjs.org/write-file-atomic/-/write-file-atomic-5.0.1.tgz 0ms (cache hit)
30 http cache wrap-ansi-cjs@https://registry.npmjs.org/wrap-ansi/-/wrap-ansi-7.0.0.tgz 0ms (cache hit)
31 http cache wordwrap@https://registry.npmjs.org/wordwrap/-/wordwrap-1.0.0.tgz 0ms (cache hit)
32 http cache wrap-ansi@https://registry.npmjs.org/wrap-ansi/-/wrap-ansi-8.1.0.tgz 0ms (cache hit)
33 http cache word-wrap@https://registry.npmjs.org/word-wrap/-/word-wrap-1.2.5.tgz 0ms (cache hit)
34 http cache why-is-node-running@https://registry.npmjs.org/why-is-node-running/-/why-is-node-running-2.3.0.tgz 0ms (cache hit)
35 http cache which@https://registry.npmjs.org/which/-/which-2.0.2.tgz 0ms (cache hit)
36 http cache whatwg-url@https://registry.npmjs.org/whatwg-url/-/whatwg-url-14.2.0.tgz 0ms (cache hit)
37 http cache webidl-conversions@https://registry.npmjs.org/webidl-conversions/-/webidl-conversions-7.0.0.tgz 0ms (cache hit)
38 http cache web-worker@https://registry.npmjs.org/web-worker/-/web-worker-1.2.0.tgz 0ms (cache hit)
39 http cache walker@https://registry.npmjs.org/walker/-/walker-1.0.8.tgz 0ms (cache hit)
40 http cache vitest@https://registry.npmjs.org/vitest/-/vitest-4.0.7.tgz 0ms (cache hit)
41 http cache vary@https://registry.npmjs.org/vary/-/vary-1.1.2.tgz 0ms (cache hit)
42 http cache vite@https://registry.npmjs.org/vite/-/vite-7.2.1.tgz 0ms (cache hit)
43 http cache validate-npm-package-license@https://registry.npmjs.org/validate-npm-package-license/-/validate-npm-package-license-3.0.4.tgz 0ms (cache hit)
44 http cache v8-to-istanbul@https://registry.npmjs.org/v8-to-istanbul/-/v8-to-istanbul-9.3.0.tgz 0ms (cache hit)
45 http cache v8-compile-cache-lib@https://registry.npmjs.org/v8-compile-cache-lib/-/v8-compile-cache-lib-3.0.1.tgz 0ms (cache hit)
46 http cache util-deprecate@https://registry.npmjs.org/util-deprecate/-/util-deprecate-1.0.2.tgz 0ms (cache hit)
47 http cache url-join@https://registry.npmjs.org/url-join/-/url-join-5.0.0.tgz 0ms (cache hit)
48 http cache uri-js@https://registry.npmjs.org/uri-js/-/uri-js-4.4.1.tgz 0ms (cache hit)
49 http cache update-browserslist-db@https://registry.npmjs.org/update-browserslist-db/-/update-browserslist-db-1.1.4.tgz 0ms (cache hit)
50 http cache unrs-resolver@https://registry.npmjs.org/unrs-resolver/-/unrs-resolver-1.11.1.tgz 0ms (cache hit)
51 http cache unpipe@https://registry.npmjs.org/unpipe/-/unpipe-1.0.0.tgz 0ms (cache hit)
52 http cache universalify@https://registry.npmjs.org/universalify/-/universalify-2.0.1.tgz 0ms (cache hit)
53 http cache universal-user-agent@https://registry.npmjs.org/universal-user-agent/-/universal-user-agent-7.0.3.tgz 0ms (cache hit)
54 http cache unique-string@https://registry.npmjs.org/unique-string/-/unique-string-3.0.0.tgz 0ms (cache hit)
55 http cache unicorn-magic@https://registry.npmjs.org/unicorn-magic/-/unicorn-magic-0.3.0.tgz 0ms (cache hit)
56 http cache unicode-emoji-modifier-base@https://registry.npmjs.org/unicode-emoji-modifier-base/-/unicode-emoji-modifier-base-1.0.0.tgz 0ms (cache hit)
57 http cache undici-types@https://registry.npmjs.org/undici-types/-/undici-types-6.21.0.tgz 0ms (cache hit)
58 http cache uglify-js@https://registry.npmjs.org/uglify-js/-/uglify-js-3.19.3.tgz 0ms (cache hit)
59 http cache typescript@https://registry.npmjs.org/typescript/-/typescript-5.9.3.tgz 0ms (cache hit)
60 http cache typescript-eslint@https://registry.npmjs.org/typescript-eslint/-/typescript-eslint-8.46.3.tgz 0ms (cache hit)
61 http cache type-is@https://registry.npmjs.org/type-is/-/type-is-2.0.1.tgz 0ms (cache hit)
62 http cache type-fest@https://registry.npmjs.org/type-fest/-/type-fest-0.21.3.tgz 0ms (cache hit)
63 http cache tunnel-agent@https://registry.npmjs.org/tunnel-agent/-/tunnel-agent-0.6.0.tgz 0ms (cache hit)
64 http cache type-check@https://registry.npmjs.org/type-check/-/type-check-0.4.0.tgz 0ms (cache hit)
65 http cache tsx@https://registry.npmjs.org/tsx/-/tsx-4.20.6.tgz 0ms (cache hit)
66 http cache type-detect@https://registry.npmjs.org/type-detect/-/type-detect-4.0.8.tgz 0ms (cache hit)
67 http cache ts-node@https://registry.npmjs.org/ts-node/-/ts-node-10.9.2.tgz 0ms (cache hit)
68 http cache ts-jest@https://registry.npmjs.org/ts-jest/-/ts-jest-29.4.5.tgz 0ms (cache hit)
69 http cache ts-api-utils@https://registry.npmjs.org/ts-api-utils/-/ts-api-utils-2.1.0.tgz 0ms (cache hit)
70 http cache traverse@https://registry.npmjs.org/traverse/-/traverse-0.6.8.tgz 0ms (cache hit)
71 http cache toidentifier@https://registry.npmjs.org/toidentifier/-/toidentifier-1.0.1.tgz 0ms (cache hit)
72 http cache tr46@https://registry.npmjs.org/tr46/-/tr46-5.1.1.tgz 0ms (cache hit)
73 http cache to-regex-range@https://registry.npmjs.org/to-regex-range/-/to-regex-range-5.0.1.tgz 0ms (cache hit)
74 http cache tmpl@https://registry.npmjs.org/tmpl/-/tmpl-1.0.5.tgz 0ms (cache hit)
75 http cache tinyrainbow@https://registry.npmjs.org/tinyrainbow/-/tinyrainbow-3.0.3.tgz 0ms (cache hit)
76 http cache tinyglobby@https://registry.npmjs.org/tinyglobby/-/tinyglobby-0.2.15.tgz 0ms (cache hit)
77 http cache tinyexec@https://registry.npmjs.org/tinyexec/-/tinyexec-0.3.2.tgz 0ms (cache hit)
78 http cache tinybench@https://registry.npmjs.org/tinybench/-/tinybench-2.9.0.tgz 0ms (cache hit)
79 http cache time-span@https://registry.npmjs.org/time-span/-/time-span-5.1.0.tgz 0ms (cache hit)
80 http cache through2@https://registry.npmjs.org/through2/-/through2-2.0.5.tgz 0ms (cache hit)
81 http cache through@https://registry.npmjs.org/through/-/through-2.3.8.tgz 0ms (cache hit)
82 http cache thenify-all@https://registry.npmjs.org/thenify-all/-/thenify-all-1.6.0.tgz 0ms (cache hit)
83 http cache thenify@https://registry.npmjs.org/thenify/-/thenify-3.3.1.tgz 0ms (cache hit)
84 http cache test-exclude@https://registry.npmjs.org/test-exclude/-/test-exclude-6.0.0.tgz 0ms (cache hit)
85 http cache text-extensions@https://registry.npmjs.org/text-extensions/-/text-extensions-2.4.0.tgz 0ms (cache hit)
86 http cache tempy@https://registry.npmjs.org/tempy/-/tempy-3.2.0.tgz 0ms (cache hit)
87 http cache tar-stream@https://registry.npmjs.org/tar-stream/-/tar-stream-2.2.0.tgz 0ms (cache hit)
88 http cache tar-fs@https://registry.npmjs.org/tar-fs/-/tar-fs-2.1.4.tgz 0ms (cache hit)
89 http cache temp-dir@https://registry.npmjs.org/temp-dir/-/temp-dir-3.0.0.tgz 0ms (cache hit)
90 http cache synckit@https://registry.npmjs.org/synckit/-/synckit-0.11.11.tgz 0ms (cache hit)
91 http cache supports-color@https://registry.npmjs.org/supports-color/-/supports-color-7.2.0.tgz 0ms (cache hit)
92 http cache supports-hyperlinks@https://registry.npmjs.org/supports-hyperlinks/-/supports-hyperlinks-3.2.0.tgz 0ms (cache hit)
93 http cache super-regex@https://registry.npmjs.org/super-regex/-/super-regex-1.1.0.tgz 0ms (cache hit)
94 http cache strip-json-comments@https://registry.npmjs.org/strip-json-comments/-/strip-json-comments-3.1.1.tgz 0ms (cache hit)
95 http cache strip-final-newline@https://registry.npmjs.org/strip-final-newline/-/strip-final-newline-2.0.0.tgz 0ms (cache hit)
96 http cache strip-ansi@https://registry.npmjs.org/strip-ansi/-/strip-ansi-7.1.2.tgz 0ms (cache hit)
97 http cache strip-bom@https://registry.npmjs.org/strip-bom/-/strip-bom-4.0.0.tgz 0ms (cache hit)
98 http cache strip-ansi-cjs@https://registry.npmjs.org/strip-ansi/-/strip-ansi-6.0.1.tgz 0ms (cache hit)
99 http cache string-width-cjs@https://registry.npmjs.org/string-width/-/string-width-4.2.3.tgz 0ms (cache hit)
100 http cache string-width@https://registry.npmjs.org/string-width/-/string-width-5.1.2.tgz 0ms (cache hit)
101 http cache string_decoder@https://registry.npmjs.org/string_decoder/-/string_decoder-1.1.1.tgz 0ms (cache hit)
102 http cache string-length@https://registry.npmjs.org/string-length/-/string-length-4.0.2.tgz 0ms (cache hit)
103 http cache stream-combiner2@https://registry.npmjs.org/stream-combiner2/-/stream-combiner2-1.1.1.tgz 0ms (cache hit)
104 http cache std-env@https://registry.npmjs.org/std-env/-/std-env-3.10.0.tgz 0ms (cache hit)
105 http cache statuses@https://registry.npmjs.org/statuses/-/statuses-2.0.2.tgz 0ms (cache hit)
106 http cache stack-utils@https://registry.npmjs.org/stack-utils/-/stack-utils-2.0.6.tgz 0ms (cache hit)
107 http cache sqlstring@https://registry.npmjs.org/sqlstring/-/sqlstring-2.3.3.tgz 0ms (cache hit)
108 http cache stackback@https://registry.npmjs.org/stackback/-/stackback-0.0.2.tgz 0ms (cache hit)
109 http cache sprintf-js@https://registry.npmjs.org/sprintf-js/-/sprintf-js-1.0.3.tgz 0ms (cache hit)
110 http cache spdx-license-ids@https://registry.npmjs.org/spdx-license-ids/-/spdx-license-ids-3.0.22.tgz 0ms (cache hit)
111 http cache split2@https://registry.npmjs.org/split2/-/split2-4.2.0.tgz 0ms (cache hit)
112 http cache spdx-correct@https://registry.npmjs.org/spdx-correct/-/spdx-correct-3.2.0.tgz 0ms (cache hit)
113 http cache spdx-exceptions@https://registry.npmjs.org/spdx-exceptions/-/spdx-exceptions-2.5.0.tgz 0ms (cache hit)
114 http cache spawn-error-forwarder@https://registry.npmjs.org/spawn-error-forwarder/-/spawn-error-forwarder-1.0.0.tgz 0ms (cache hit)
115 http cache sparse-bitfield@https://registry.npmjs.org/sparse-bitfield/-/sparse-bitfield-3.0.3.tgz 0ms (cache hit)
116 http cache spdx-expression-parse@https://registry.npmjs.org/spdx-expression-parse/-/spdx-expression-parse-3.0.1.tgz 0ms (cache hit)
117 http cache source-map-js@https://registry.npmjs.org/source-map-js/-/source-map-js-1.2.1.tgz 0ms (cache hit)
118 http cache source-map@https://registry.npmjs.org/source-map/-/source-map-0.6.1.tgz 0ms (cache hit)
119 http cache source-map-support@https://registry.npmjs.org/source-map-support/-/source-map-support-0.5.13.tgz 0ms (cache hit)
120 http cache slash@https://registry.npmjs.org/slash/-/slash-3.0.0.tgz 0ms (cache hit)
121 http cache skin-tone@https://registry.npmjs.org/skin-tone/-/skin-tone-2.0.0.tgz 0ms (cache hit)
122 http cache simple-lru-cache@https://registry.npmjs.org/simple-lru-cache/-/simple-lru-cache-0.0.2.tgz 0ms (cache hit)
123 http cache simple-get@https://registry.npmjs.org/simple-get/-/simple-get-4.0.1.tgz 0ms (cache hit)
124 http cache simple-concat@https://registry.npmjs.org/simple-concat/-/simple-concat-1.0.1.tgz 0ms (cache hit)
125 http cache signale@https://registry.npmjs.org/signale/-/signale-1.4.0.tgz 0ms (cache hit)
126 http cache signal-exit@https://registry.npmjs.org/signal-exit/-/signal-exit-4.1.0.tgz 0ms (cache hit)
127 http cache side-channel-weakmap@https://registry.npmjs.org/side-channel-weakmap/-/side-channel-weakmap-1.0.2.tgz 0ms (cache hit)
128 http cache siginfo@https://registry.npmjs.org/siginfo/-/siginfo-2.0.0.tgz 0ms (cache hit)
129 http cache side-channel-map@https://registry.npmjs.org/side-channel-map/-/side-channel-map-1.0.1.tgz 0ms (cache hit)
130 http cache shebang-regex@https://registry.npmjs.org/shebang-regex/-/shebang-regex-3.0.0.tgz 0ms (cache hit)
131 http cache shebang-command@https://registry.npmjs.org/shebang-command/-/shebang-command-2.0.0.tgz 0ms (cache hit)
132 http cache side-channel@https://registry.npmjs.org/side-channel/-/side-channel-1.1.0.tgz 0ms (cache hit)
133 http cache side-channel-list@https://registry.npmjs.org/side-channel-list/-/side-channel-list-1.0.0.tgz 0ms (cache hit)
134 http cache serve-static@https://registry.npmjs.org/serve-static/-/serve-static-2.2.0.tgz 0ms (cache hit)
135 http cache seq-queue@https://registry.npmjs.org/seq-queue/-/seq-queue-0.0.5.tgz 0ms (cache hit)
136 http cache setprototypeof@https://registry.npmjs.org/setprototypeof/-/setprototypeof-1.2.0.tgz 0ms (cache hit)
137 http cache semver-regex@https://registry.npmjs.org/semver-regex/-/semver-regex-4.0.5.tgz 0ms (cache hit)
138 http cache semver@https://registry.npmjs.org/semver/-/semver-6.3.1.tgz 0ms (cache hit)
139 http cache send@https://registry.npmjs.org/send/-/send-1.2.0.tgz 0ms (cache hit)
140 http cache semver-diff@https://registry.npmjs.org/semver-diff/-/semver-diff-5.0.0.tgz 0ms (cache hit)
141 http cache safer-buffer@https://registry.npmjs.org/safer-buffer/-/safer-buffer-2.1.2.tgz 0ms (cache hit)
142 http cache safe-buffer@https://registry.npmjs.org/safe-buffer/-/safe-buffer-5.2.1.tgz 0ms (cache hit)
143 http cache run-parallel@https://registry.npmjs.org/run-parallel/-/run-parallel-1.2.0.tgz 0ms (cache hit)
144 http cache router@https://registry.npmjs.org/router/-/router-2.2.0.tgz 0ms (cache hit)
145 http cache semantic-release@https://registry.npmjs.org/semantic-release/-/semantic-release-24.2.9.tgz 0ms (cache hit)
146 http cache reusify@https://registry.npmjs.org/reusify/-/reusify-1.1.0.tgz 0ms (cache hit)
147 http cache rollup@https://registry.npmjs.org/rollup/-/rollup-4.59.0.tgz 0ms (cache hit)
148 http cache resolve-pkg-maps@https://registry.npmjs.org/resolve-pkg-maps/-/resolve-pkg-maps-1.0.0.tgz 0ms (cache hit)
149 http cache retry@https://registry.npmjs.org/retry/-/retry-0.6.0.tgz 0ms (cache hit)
150 http cache resolve-from@https://registry.npmjs.org/resolve-from/-/resolve-from-4.0.0.tgz 0ms (cache hit)
151 http cache resolve-cwd@https://registry.npmjs.org/resolve-cwd/-/resolve-cwd-3.0.0.tgz 0ms (cache hit)
152 http cache require-directory@https://registry.npmjs.org/require-directory/-/require-directory-2.1.1.tgz 0ms (cache hit)
153 http cache registry-auth-token@https://registry.npmjs.org/registry-auth-token/-/registry-auth-token-5.1.1.tgz 0ms (cache hit)
154 http cache readable-stream@https://registry.npmjs.org/readable-stream/-/readable-stream-2.3.8.tgz 0ms (cache hit)
155 http cache read-pkg-up@https://registry.npmjs.org/read-pkg-up/-/read-pkg-up-11.0.0.tgz 0ms (cache hit)
156 http cache read-pkg@https://registry.npmjs.org/read-pkg/-/read-pkg-9.0.1.tgz 0ms (cache hit)
157 http cache read-package-up@https://registry.npmjs.org/read-package-up/-/read-package-up-11.0.0.tgz 0ms (cache hit)
158 http cache react-is@https://registry.npmjs.org/react-is/-/react-is-18.3.1.tgz 0ms (cache hit)
159 http cache raw-body@https://registry.npmjs.org/raw-body/-/raw-body-3.0.1.tgz 0ms (cache hit)
160 http cache rc@https://registry.npmjs.org/rc/-/rc-1.2.8.tgz 0ms (cache hit)
161 http cache range-parser@https://registry.npmjs.org/range-parser/-/range-parser-1.2.1.tgz 0ms (cache hit)
162 http cache queue-microtask@https://registry.npmjs.org/queue-microtask/-/queue-microtask-1.2.3.tgz 0ms (cache hit)
163 http cache qs@https://registry.npmjs.org/qs/-/qs-6.15.0.tgz 0ms (cache hit)
164 http cache pure-rand@https://registry.npmjs.org/pure-rand/-/pure-rand-7.0.1.tgz 0ms (cache hit)
165 http cache punycode@https://registry.npmjs.org/punycode/-/punycode-2.3.1.tgz 0ms (cache hit)
166 http cache pump@https://registry.npmjs.org/pump/-/pump-3.0.3.tgz 0ms (cache hit)
167 http cache proxy-addr@https://registry.npmjs.org/proxy-addr/-/proxy-addr-2.0.7.tgz 0ms (cache hit)
168 http cache proto-list@https://registry.npmjs.org/proto-list/-/proto-list-1.2.4.tgz 0ms (cache hit)
169 http cache pretty-ms@https://registry.npmjs.org/pretty-ms/-/pretty-ms-9.3.0.tgz 0ms (cache hit)
170 http cache process-nextick-args@https://registry.npmjs.org/process-nextick-args/-/process-nextick-args-2.0.1.tgz 0ms (cache hit)
171 http cache postgres-interval@https://registry.npmjs.org/postgres-interval/-/postgres-interval-1.2.0.tgz 0ms (cache hit)
172 http cache postgres-date@https://registry.npmjs.org/postgres-date/-/postgres-date-1.0.7.tgz 0ms (cache hit)
173 http cache prelude-ls@https://registry.npmjs.org/prelude-ls/-/prelude-ls-1.2.1.tgz 0ms (cache hit)
174 http cache postgres-bytea@https://registry.npmjs.org/postgres-bytea/-/postgres-bytea-1.0.0.tgz 0ms (cache hit)
175 http cache pretty-format@https://registry.npmjs.org/pretty-format/-/pretty-format-30.2.0.tgz 0ms (cache hit)
176 http cache prebuild-install@https://registry.npmjs.org/prebuild-install/-/prebuild-install-7.1.3.tgz 0ms (cache hit)
177 http cache postcss@https://registry.npmjs.org/postcss/-/postcss-8.5.6.tgz 0ms (cache hit)
178 http cache postgres-array@https://registry.npmjs.org/postgres-array/-/postgres-array-2.0.0.tgz 0ms (cache hit)
179 http cache pkg-dir@https://registry.npmjs.org/pkg-dir/-/pkg-dir-4.2.0.tgz 0ms (cache hit)
180 http cache pkg-conf@https://registry.npmjs.org/pkg-conf/-/pkg-conf-2.1.0.tgz 0ms (cache hit)
181 http cache pirates@https://registry.npmjs.org/pirates/-/pirates-4.0.7.tgz 0ms (cache hit)
182 http cache pify@https://registry.npmjs.org/pify/-/pify-3.0.0.tgz 0ms (cache hit)
183 http cache picomatch@https://registry.npmjs.org/picomatch/-/picomatch-2.3.1.tgz 0ms (cache hit)
184 http cache picocolors@https://registry.npmjs.org/picocolors/-/picocolors-1.1.1.tgz 0ms (cache hit)
185 http cache pgpass@https://registry.npmjs.org/pgpass/-/pgpass-1.0.5.tgz 0ms (cache hit)
186 http cache pg-types@https://registry.npmjs.org/pg-types/-/pg-types-2.2.0.tgz 0ms (cache hit)
187 http cache pg-protocol@https://registry.npmjs.org/pg-protocol/-/pg-protocol-1.10.3.tgz 0ms (cache hit)
188 http cache pg-pool@https://registry.npmjs.org/pg-pool/-/pg-pool-3.10.1.tgz 0ms (cache hit)
189 http cache pg-int8@https://registry.npmjs.org/pg-int8/-/pg-int8-1.0.1.tgz 0ms (cache hit)
190 http cache pg-connection-string@https://registry.npmjs.org/pg-connection-string/-/pg-connection-string-2.9.1.tgz 0ms (cache hit)
191 http cache pg@https://registry.npmjs.org/pg/-/pg-8.16.3.tgz 0ms (cache hit)
192 http cache pathe@https://registry.npmjs.org/pathe/-/pathe-2.0.3.tgz 0ms (cache hit)
193 http cache pg-cloudflare@https://registry.npmjs.org/pg-cloudflare/-/pg-cloudflare-1.2.7.tgz 0ms (cache hit)
194 http cache path-type@https://registry.npmjs.org/path-type/-/path-type-4.0.0.tgz 0ms (cache hit)
195 http cache path-to-regexp@https://registry.npmjs.org/path-to-regexp/-/path-to-regexp-8.3.0.tgz 0ms (cache hit)
196 http cache path-scurry@https://registry.npmjs.org/path-scurry/-/path-scurry-1.11.1.tgz 0ms (cache hit)
197 http cache path-key@https://registry.npmjs.org/path-key/-/path-key-3.1.1.tgz 0ms (cache hit)
198 http cache path-is-absolute@https://registry.npmjs.org/path-is-absolute/-/path-is-absolute-1.0.1.tgz 0ms (cache hit)
199 http cache path-exists@https://registry.npmjs.org/path-exists/-/path-exists-4.0.0.tgz 0ms (cache hit)
200 http cache parseurl@https://registry.npmjs.org/parseurl/-/parseurl-1.3.3.tgz 0ms (cache hit)
201 http cache parse5@https://registry.npmjs.org/parse5/-/parse5-5.1.1.tgz 0ms (cache hit)
202 http cache parse5-htmlparser2-tree-adapter@https://registry.npmjs.org/parse5-htmlparser2-tree-adapter/-/parse5-htmlparser2-tree-adapter-6.0.1.tgz 0ms (cache hit)
203 http cache parse-ms@https://registry.npmjs.org/parse-ms/-/parse-ms-4.0.0.tgz 0ms (cache hit)
204 http cache parse-json@https://registry.npmjs.org/parse-json/-/parse-json-5.2.0.tgz 0ms (cache hit)
205 http cache parent-module@https://registry.npmjs.org/parent-module/-/parent-module-1.0.1.tgz 0ms (cache hit)
206 http cache package-json-from-dist@https://registry.npmjs.org/package-json-from-dist/-/package-json-from-dist-1.0.1.tgz 0ms (cache hit)
207 http cache p-try@https://registry.npmjs.org/p-try/-/p-try-2.2.0.tgz 0ms (cache hit)
208 http cache p-is-promise@https://registry.npmjs.org/p-is-promise/-/p-is-promise-3.0.0.tgz 0ms (cache hit)
209 http cache p-reduce@https://registry.npmjs.org/p-reduce/-/p-reduce-2.1.0.tgz 0ms (cache hit)
210 http cache p-locate@https://registry.npmjs.org/p-locate/-/p-locate-5.0.0.tgz 0ms (cache hit)
211 http cache p-limit@https://registry.npmjs.org/p-limit/-/p-limit-3.1.0.tgz 0ms (cache hit)
212 http cache p-filter@https://registry.npmjs.org/p-filter/-/p-filter-4.1.0.tgz 0ms (cache hit)
213 http cache p-event@https://registry.npmjs.org/p-event/-/p-event-6.0.1.tgz 0ms (cache hit)
214 http cache p-each-series@https://registry.npmjs.org/p-each-series/-/p-each-series-3.0.0.tgz 0ms (cache hit)
215 http cache optionator@https://registry.npmjs.org/optionator/-/optionator-0.9.4.tgz 0ms (cache hit)
216 http cache onetime@https://registry.npmjs.org/onetime/-/onetime-5.1.2.tgz 0ms (cache hit)
217 http cache p-timeout@https://registry.npmjs.org/p-timeout/-/p-timeout-6.1.4.tgz 0ms (cache hit)
218 http cache once@https://registry.npmjs.org/once/-/once-1.4.0.tgz 0ms (cache hit)
219 http cache on-finished@https://registry.npmjs.org/on-finished/-/on-finished-2.4.1.tgz 0ms (cache hit)
220 http cache object-inspect@https://registry.npmjs.org/object-inspect/-/object-inspect-1.13.4.tgz 0ms (cache hit)
221 http cache npm-run-path@https://registry.npmjs.org/npm-run-path/-/npm-run-path-4.0.1.tgz 0ms (cache hit)
222 http cache object-assign@https://registry.npmjs.org/object-assign/-/object-assign-4.1.1.tgz 0ms (cache hit)
223 http cache normalize-url@https://registry.npmjs.org/normalize-url/-/normalize-url-8.1.1.tgz 0ms (cache hit)
224 http cache normalize-path@https://registry.npmjs.org/normalize-path/-/normalize-path-3.0.0.tgz 0ms (cache hit)
225 http cache node-releases@https://registry.npmjs.org/node-releases/-/node-releases-2.0.27.tgz 0ms (cache hit)
226 http cache normalize-package-data@https://registry.npmjs.org/normalize-package-data/-/normalize-package-data-6.0.2.tgz 0ms (cache hit)
227 http cache node-emoji@https://registry.npmjs.org/node-emoji/-/node-emoji-2.2.0.tgz 0ms (cache hit)
228 http cache node-int64@https://registry.npmjs.org/node-int64/-/node-int64-0.4.0.tgz 0ms (cache hit)
229 http cache node-abi@https://registry.npmjs.org/node-abi/-/node-abi-3.87.0.tgz 0ms (cache hit)
230 http cache nerf-dart@https://registry.npmjs.org/nerf-dart/-/nerf-dart-1.0.0.tgz 0ms (cache hit)
231 http cache neo-async@https://registry.npmjs.org/neo-async/-/neo-async-2.6.2.tgz 0ms (cache hit)
232 http cache natural-compare@https://registry.npmjs.org/natural-compare/-/natural-compare-1.4.0.tgz 0ms (cache hit)
233 http cache napi-postinstall@https://registry.npmjs.org/napi-postinstall/-/napi-postinstall-0.3.4.tgz 0ms (cache hit)
234 http cache napi-build-utils@https://registry.npmjs.org/napi-build-utils/-/napi-build-utils-2.0.0.tgz 0ms (cache hit)
235 http cache nanoid@https://registry.npmjs.org/nanoid/-/nanoid-3.3.11.tgz 0ms (cache hit)
236 http cache named-placeholders@https://registry.npmjs.org/named-placeholders/-/named-placeholders-1.1.3.tgz 0ms (cache hit)
237 http cache mz@https://registry.npmjs.org/mz/-/mz-2.7.0.tgz 0ms (cache hit)
238 http cache mysql2@https://registry.npmjs.org/mysql2/-/mysql2-3.15.3.tgz 0ms (cache hit)
239 http cache ms@https://registry.npmjs.org/ms/-/ms-2.1.3.tgz 0ms (cache hit)
240 http cache mongodb-connection-string-url@https://registry.npmjs.org/mongodb-connection-string-url/-/mongodb-connection-string-url-3.0.2.tgz 0ms (cache hit)
241 http cache mongodb@https://registry.npmjs.org/mongodb/-/mongodb-6.20.0.tgz 0ms (cache hit)
242 http cache mkdirp-classic@https://registry.npmjs.org/mkdirp-classic/-/mkdirp-classic-0.5.3.tgz 0ms (cache hit)
243 http cache minipass@https://registry.npmjs.org/minipass/-/minipass-7.1.2.tgz 0ms (cache hit)
244 http cache minimist@https://registry.npmjs.org/minimist/-/minimist-1.2.8.tgz 0ms (cache hit)
245 http cache minimatch@https://registry.npmjs.org/minimatch/-/minimatch-3.1.5.tgz 0ms (cache hit)
246 http cache mimic-fn@https://registry.npmjs.org/mimic-fn/-/mimic-fn-2.1.0.tgz 0ms (cache hit)
247 http cache mime-types@https://registry.npmjs.org/mime-types/-/mime-types-3.0.1.tgz 0ms (cache hit)
248 http cache mime-db@https://registry.npmjs.org/mime-db/-/mime-db-1.54.0.tgz 0ms (cache hit)
249 http cache mime@https://registry.npmjs.org/mime/-/mime-4.1.0.tgz 0ms (cache hit)
250 http cache micromatch@https://registry.npmjs.org/micromatch/-/micromatch-4.0.8.tgz 0ms (cache hit)
251 http cache merge2@https://registry.npmjs.org/merge2/-/merge2-1.4.1.tgz 0ms (cache hit)
252 http cache merge-stream@https://registry.npmjs.org/merge-stream/-/merge-stream-2.0.0.tgz 0ms (cache hit)
253 http cache merge-descriptors@https://registry.npmjs.org/merge-descriptors/-/merge-descriptors-2.0.0.tgz 0ms (cache hit)
254 http cache mimic-response@https://registry.npmjs.org/mimic-response/-/mimic-response-3.1.0.tgz 0ms (cache hit)
255 http cache meow@https://registry.npmjs.org/meow/-/meow-12.1.1.tgz 0ms (cache hit)
256 http cache memory-pager@https://registry.npmjs.org/memory-pager/-/memory-pager-1.5.0.tgz 0ms (cache hit)
257 http cache memcached@https://registry.npmjs.org/memcached/-/memcached-2.2.2.tgz 0ms (cache hit)
258 http cache media-typer@https://registry.npmjs.org/media-typer/-/media-typer-1.1.0.tgz 0ms (cache hit)
259 http cache math-intrinsics@https://registry.npmjs.org/math-intrinsics/-/math-intrinsics-1.1.0.tgz 0ms (cache hit)
260 http cache marked-terminal@https://registry.npmjs.org/marked-terminal/-/marked-terminal-7.3.0.tgz 0ms (cache hit)
261 http cache marked@https://registry.npmjs.org/marked/-/marked-15.0.12.tgz 0ms (cache hit)
262 http cache makeerror@https://registry.npmjs.org/makeerror/-/makeerror-1.0.12.tgz 0ms (cache hit)
263 http cache make-error@https://registry.npmjs.org/make-error/-/make-error-1.3.6.tgz 0ms (cache hit)
264 http cache make-dir@https://registry.npmjs.org/make-dir/-/make-dir-4.0.0.tgz 0ms (cache hit)
265 http cache make-asynchronous@https://registry.npmjs.org/make-asynchronous/-/make-asynchronous-1.0.1.tgz 0ms (cache hit)
266 http cache magic-string@https://registry.npmjs.org/magic-string/-/magic-string-0.30.21.tgz 0ms (cache hit)
267 http cache lru.min@https://registry.npmjs.org/lru.min/-/lru.min-1.1.2.tgz 0ms (cache hit)
268 http cache long@https://registry.npmjs.org/long/-/long-5.3.2.tgz 0ms (cache hit)
269 http cache lodash.uniqby@https://registry.npmjs.org/lodash.uniqby/-/lodash.uniqby-4.7.0.tgz 0ms (cache hit)
270 http cache lodash.merge@https://registry.npmjs.org/lodash.merge/-/lodash.merge-4.6.2.tgz 0ms (cache hit)
271 http cache lru-cache@https://registry.npmjs.org/lru-cache/-/lru-cache-5.1.1.tgz 0ms (cache hit)
272 http cache lodash.memoize@https://registry.npmjs.org/lodash.memoize/-/lodash.memoize-4.1.2.tgz 0ms (cache hit)
273 http cache lodash.isstring@https://registry.npmjs.org/lodash.isstring/-/lodash.isstring-4.0.1.tgz 0ms (cache hit)
274 http cache lodash.isplainobject@https://registry.npmjs.org/lodash.isplainobject/-/lodash.isplainobject-4.0.6.tgz 0ms (cache hit)
275 http cache lodash.escaperegexp@https://registry.npmjs.org/lodash.escaperegexp/-/lodash.escaperegexp-4.1.2.tgz 0ms (cache hit)
276 http cache lodash.capitalize@https://registry.npmjs.org/lodash.capitalize/-/lodash.capitalize-4.2.1.tgz 0ms (cache hit)
277 http cache lodash-es@https://registry.npmjs.org/lodash-es/-/lodash-es-4.17.23.tgz 0ms (cache hit)
278 http cache lodash@https://registry.npmjs.org/lodash/-/lodash-4.17.23.tgz 0ms (cache hit)
279 http cache locate-path@https://registry.npmjs.org/locate-path/-/locate-path-6.0.0.tgz 0ms (cache hit)
280 http cache load-json-file@https://registry.npmjs.org/load-json-file/-/load-json-file-4.0.0.tgz 0ms (cache hit)
281 http cache lines-and-columns@https://registry.npmjs.org/lines-and-columns/-/lines-and-columns-1.2.4.tgz 0ms (cache hit)
282 http cache levn@https://registry.npmjs.org/levn/-/levn-0.4.1.tgz 0ms (cache hit)
283 http cache leven@https://registry.npmjs.org/leven/-/leven-3.1.0.tgz 0ms (cache hit)
284 http cache keyv@https://registry.npmjs.org/keyv/-/keyv-4.5.4.tgz 0ms (cache hit)
285 http cache JSONStream@https://registry.npmjs.org/JSONStream/-/JSONStream-1.3.5.tgz 0ms (cache hit)
286 http cache jsonparse@https://registry.npmjs.org/jsonparse/-/jsonparse-1.3.1.tgz 0ms (cache hit)
287 http cache jsonfile@https://registry.npmjs.org/jsonfile/-/jsonfile-6.2.0.tgz 0ms (cache hit)
288 http cache json5@https://registry.npmjs.org/json5/-/json5-2.2.3.tgz 0ms (cache hit)
289 http cache json-with-bigint@https://registry.npmjs.org/json-with-bigint/-/json-with-bigint-3.5.7.tgz 0ms (cache hit)
290 http cache json-stringify-safe@https://registry.npmjs.org/json-stringify-safe/-/json-stringify-safe-5.0.1.tgz 0ms (cache hit)
291 http cache json-stable-stringify-without-jsonify@https://registry.npmjs.org/json-stable-stringify-without-jsonify/-/json-stable-stringify-without-jsonify-1.0.1.tgz 0ms (cache hit)
292 http cache json-schema-traverse@https://registry.npmjs.org/json-schema-traverse/-/json-schema-traverse-0.4.1.tgz 0ms (cache hit)
293 http cache json-parse-even-better-errors@https://registry.npmjs.org/json-parse-even-better-errors/-/json-parse-even-better-errors-2.3.1.tgz 0ms (cache hit)
294 http cache json-parse-better-errors@https://registry.npmjs.org/json-parse-better-errors/-/json-parse-better-errors-1.0.2.tgz 0ms (cache hit)
295 http cache json-buffer@https://registry.npmjs.org/json-buffer/-/json-buffer-3.0.1.tgz 0ms (cache hit)
296 http cache jsesc@https://registry.npmjs.org/jsesc/-/jsesc-3.1.0.tgz 0ms (cache hit)
297 http cache js-yaml@https://registry.npmjs.org/js-yaml/-/js-yaml-4.1.1.tgz 0ms (cache hit)
298 http cache js-tokens@https://registry.npmjs.org/js-tokens/-/js-tokens-4.0.0.tgz 0ms (cache hit)
299 http cache jest-watcher@https://registry.npmjs.org/jest-watcher/-/jest-watcher-30.2.0.tgz 0ms (cache hit)
300 http cache jest-validate@https://registry.npmjs.org/jest-validate/-/jest-validate-30.2.0.tgz 0ms (cache hit)
301 http cache jest-worker@https://registry.npmjs.org/jest-worker/-/jest-worker-30.2.0.tgz 0ms (cache hit)
302 http cache jest-util@https://registry.npmjs.org/jest-util/-/jest-util-30.2.0.tgz 0ms (cache hit)
303 http cache jest-runtime@https://registry.npmjs.org/jest-runtime/-/jest-runtime-30.2.0.tgz 0ms (cache hit)
304 http cache jest-snapshot@https://registry.npmjs.org/jest-snapshot/-/jest-snapshot-30.2.0.tgz 0ms (cache hit)
305 http cache jest-runner@https://registry.npmjs.org/jest-runner/-/jest-runner-30.2.0.tgz 0ms (cache hit)
306 http cache jest-resolve-dependencies@https://registry.npmjs.org/jest-resolve-dependencies/-/jest-resolve-dependencies-30.2.0.tgz 0ms (cache hit)
307 http cache jest-resolve@https://registry.npmjs.org/jest-resolve/-/jest-resolve-30.2.0.tgz 0ms (cache hit)
308 http cache jest-pnp-resolver@https://registry.npmjs.org/jest-pnp-resolver/-/jest-pnp-resolver-1.2.3.tgz 0ms (cache hit)
309 http cache jest-regex-util@https://registry.npmjs.org/jest-regex-util/-/jest-regex-util-30.0.1.tgz 0ms (cache hit)
310 http cache jest-mock@https://registry.npmjs.org/jest-mock/-/jest-mock-30.2.0.tgz 0ms (cache hit)
311 http cache jest-message-util@https://registry.npmjs.org/jest-message-util/-/jest-message-util-30.2.0.tgz 0ms (cache hit)
312 http cache jest-matcher-utils@https://registry.npmjs.org/jest-matcher-utils/-/jest-matcher-utils-30.2.0.tgz 1ms (cache hit)
313 http cache jest-haste-map@https://registry.npmjs.org/jest-haste-map/-/jest-haste-map-30.2.0.tgz 0ms (cache hit)
314 http cache jest-environment-node@https://registry.npmjs.org/jest-environment-node/-/jest-environment-node-30.2.0.tgz 0ms (cache hit)
315 http cache jest-leak-detector@https://registry.npmjs.org/jest-leak-detector/-/jest-leak-detector-30.2.0.tgz 0ms (cache hit)
316 http cache jest-each@https://registry.npmjs.org/jest-each/-/jest-each-30.2.0.tgz 0ms (cache hit)
317 http cache jest-docblock@https://registry.npmjs.org/jest-docblock/-/jest-docblock-30.2.0.tgz 0ms (cache hit)
318 http cache jest-diff@https://registry.npmjs.org/jest-diff/-/jest-diff-30.2.0.tgz 0ms (cache hit)
319 http cache jest-config@https://registry.npmjs.org/jest-config/-/jest-config-30.2.0.tgz 0ms (cache hit)
320 http cache jest-cli@https://registry.npmjs.org/jest-cli/-/jest-cli-30.2.0.tgz 0ms (cache hit)
321 http cache jest-circus@https://registry.npmjs.org/jest-circus/-/jest-circus-30.2.0.tgz 0ms (cache hit)
322 http cache jest-changed-files@https://registry.npmjs.org/jest-changed-files/-/jest-changed-files-30.2.0.tgz 0ms (cache hit)
323 http cache jest@https://registry.npmjs.org/jest/-/jest-30.2.0.tgz 0ms (cache hit)
324 http cache java-properties@https://registry.npmjs.org/java-properties/-/java-properties-1.0.2.tgz 0ms (cache hit)
325 http cache jackpot@https://registry.npmjs.org/jackpot/-/jackpot-0.0.6.tgz 0ms (cache hit)
326 http cache jackspeak@https://registry.npmjs.org/jackspeak/-/jackspeak-3.4.3.tgz 0ms (cache hit)
327 http cache istanbul-reports@https://registry.npmjs.org/istanbul-reports/-/istanbul-reports-3.2.0.tgz 0ms (cache hit)
328 http cache istanbul-lib-source-maps@https://registry.npmjs.org/istanbul-lib-source-maps/-/istanbul-lib-source-maps-5.0.6.tgz 0ms (cache hit)
329 http cache istanbul-lib-report@https://registry.npmjs.org/istanbul-lib-report/-/istanbul-lib-report-3.0.1.tgz 0ms (cache hit)
330 http cache istanbul-lib-instrument@https://registry.npmjs.org/istanbul-lib-instrument/-/istanbul-lib-instrument-6.0.3.tgz 0ms (cache hit)
331 http cache istanbul-lib-coverage@https://registry.npmjs.org/istanbul-lib-coverage/-/istanbul-lib-coverage-3.2.2.tgz 0ms (cache hit)
332 http cache issue-parser@https://registry.npmjs.org/issue-parser/-/issue-parser-7.0.1.tgz 1ms (cache hit)
333 http cache isexe@https://registry.npmjs.org/isexe/-/isexe-2.0.0.tgz 0ms (cache hit)
334 http cache isarray@https://registry.npmjs.org/isarray/-/isarray-1.0.0.tgz 0ms (cache hit)
335 http cache is-unicode-supported@https://registry.npmjs.org/is-unicode-supported/-/is-unicode-supported-2.1.0.tgz 0ms (cache hit)
336 http cache is-stream@https://registry.npmjs.org/is-stream/-/is-stream-2.0.1.tgz 0ms (cache hit)
337 http cache is-property@https://registry.npmjs.org/is-property/-/is-property-1.0.2.tgz 0ms (cache hit)
338 http cache is-promise@https://registry.npmjs.org/is-promise/-/is-promise-4.0.0.tgz 0ms (cache hit)
339 http cache is-plain-obj@https://registry.npmjs.org/is-plain-obj/-/is-plain-obj-4.1.0.tgz 0ms (cache hit)
340 http cache is-obj@https://registry.npmjs.org/is-obj/-/is-obj-2.0.0.tgz 0ms (cache hit)
341 http cache is-text-path@https://registry.npmjs.org/is-text-path/-/is-text-path-2.0.0.tgz 0ms (cache hit)
342 http cache is-number@https://registry.npmjs.org/is-number/-/is-number-7.0.0.tgz 0ms (cache hit)
343 http cache is-glob@https://registry.npmjs.org/is-glob/-/is-glob-4.0.3.tgz 0ms (cache hit)
344 http cache is-generator-fn@https://registry.npmjs.org/is-generator-fn/-/is-generator-fn-2.1.0.tgz 0ms (cache hit)
345 http cache is-fullwidth-code-point@https://registry.npmjs.org/is-fullwidth-code-point/-/is-fullwidth-code-point-3.0.0.tgz 0ms (cache hit)
346 http cache is-extglob@https://registry.npmjs.org/is-extglob/-/is-extglob-2.1.1.tgz 0ms (cache hit)
347 http cache is-arrayish@https://registry.npmjs.org/is-arrayish/-/is-arrayish-0.2.1.tgz 0ms (cache hit)
348 http cache ipaddr.js@https://registry.npmjs.org/ipaddr.js/-/ipaddr.js-1.9.1.tgz 0ms (cache hit)
349 http cache into-stream@https://registry.npmjs.org/into-stream/-/into-stream-7.0.0.tgz 0ms (cache hit)
350 http cache inherits@https://registry.npmjs.org/inherits/-/inherits-2.0.4.tgz 0ms (cache hit)
351 http cache ini@https://registry.npmjs.org/ini/-/ini-1.3.8.tgz 0ms (cache hit)
352 http cache inflight@https://registry.npmjs.org/inflight/-/inflight-1.0.6.tgz 0ms (cache hit)
353 http cache index-to-position@https://registry.npmjs.org/index-to-position/-/index-to-position-1.2.0.tgz 0ms (cache hit)
354 http cache indent-string@https://registry.npmjs.org/indent-string/-/indent-string-4.0.0.tgz 0ms (cache hit)
355 http cache imurmurhash@https://registry.npmjs.org/imurmurhash/-/imurmurhash-0.1.4.tgz 0ms (cache hit)
356 http cache import-meta-resolve@https://registry.npmjs.org/import-meta-resolve/-/import-meta-resolve-4.2.0.tgz 0ms (cache hit)
357 http cache import-local@https://registry.npmjs.org/import-local/-/import-local-3.2.0.tgz 0ms (cache hit)
358 http cache import-from-esm@https://registry.npmjs.org/import-from-esm/-/import-from-esm-1.3.4.tgz 0ms (cache hit)
359 http cache import-fresh@https://registry.npmjs.org/import-fresh/-/import-fresh-3.3.1.tgz 0ms (cache hit)
360 http cache ignore@https://registry.npmjs.org/ignore/-/ignore-5.3.2.tgz 0ms (cache hit)
361 http cache iconv-lite@https://registry.npmjs.org/iconv-lite/-/iconv-lite-0.7.0.tgz 0ms (cache hit)
362 http cache ieee754@https://registry.npmjs.org/ieee754/-/ieee754-1.2.1.tgz 0ms (cache hit)
363 http cache human-signals@https://registry.npmjs.org/human-signals/-/human-signals-2.1.0.tgz 0ms (cache hit)
364 http cache https-proxy-agent@https://registry.npmjs.org/https-proxy-agent/-/https-proxy-agent-7.0.6.tgz 0ms (cache hit)
365 http cache http-errors@https://registry.npmjs.org/http-errors/-/http-errors-2.0.0.tgz 0ms (cache hit)
366 http cache http-proxy-agent@https://registry.npmjs.org/http-proxy-agent/-/http-proxy-agent-7.0.2.tgz 0ms (cache hit)
367 http cache html-escaper@https://registry.npmjs.org/html-escaper/-/html-escaper-2.0.2.tgz 0ms (cache hit)
368 http cache hook-std@https://registry.npmjs.org/hook-std/-/hook-std-4.0.0.tgz 0ms (cache hit)
369 http cache hosted-git-info@https://registry.npmjs.org/hosted-git-info/-/hosted-git-info-7.0.2.tgz 0ms (cache hit)
370 http cache hashring@https://registry.npmjs.org/hashring/-/hashring-3.2.0.tgz 0ms (cache hit)
371 http cache highlight.js@https://registry.npmjs.org/highlight.js/-/highlight.js-10.7.3.tgz 0ms (cache hit)
372 http cache hasown@https://registry.npmjs.org/hasown/-/hasown-2.0.2.tgz 0ms (cache hit)
373 http cache has-flag@https://registry.npmjs.org/has-flag/-/has-flag-4.0.0.tgz 0ms (cache hit)
374 http cache has-symbols@https://registry.npmjs.org/has-symbols/-/has-symbols-1.1.0.tgz 0ms (cache hit)
375 http cache graphemer@https://registry.npmjs.org/graphemer/-/graphemer-1.4.0.tgz 0ms (cache hit)
376 http cache graceful-fs@https://registry.npmjs.org/graceful-fs/-/graceful-fs-4.2.11.tgz 0ms (cache hit)
377 http cache gopd@https://registry.npmjs.org/gopd/-/gopd-1.2.0.tgz 0ms (cache hit)
378 http cache globby@https://registry.npmjs.org/globby/-/globby-14.1.0.tgz 0ms (cache hit)
379 http cache globals@https://registry.npmjs.org/globals/-/globals-14.0.0.tgz 0ms (cache hit)
380 http cache glob-parent@https://registry.npmjs.org/glob-parent/-/glob-parent-6.0.2.tgz 0ms (cache hit)
381 http cache glob@https://registry.npmjs.org/glob/-/glob-10.5.0.tgz 0ms (cache hit)
382 http cache github-from-package@https://registry.npmjs.org/github-from-package/-/github-from-package-0.0.0.tgz 0ms (cache hit)
383 http cache git-log-parser@https://registry.npmjs.org/git-log-parser/-/git-log-parser-1.2.1.tgz 0ms (cache hit)
384 http cache handlebars@https://registry.npmjs.org/handlebars/-/handlebars-4.7.8.tgz 0ms (cache hit)
385 http cache get-tsconfig@https://registry.npmjs.org/get-tsconfig/-/get-tsconfig-4.13.0.tgz 0ms (cache hit)
386 http cache get-stream@https://registry.npmjs.org/get-stream/-/get-stream-6.0.1.tgz 0ms (cache hit)
387 http cache get-proto@https://registry.npmjs.org/get-proto/-/get-proto-1.0.1.tgz 0ms (cache hit)
388 http cache get-package-type@https://registry.npmjs.org/get-package-type/-/get-package-type-0.1.0.tgz 0ms (cache hit)
389 http cache get-intrinsic@https://registry.npmjs.org/get-intrinsic/-/get-intrinsic-1.3.0.tgz 0ms (cache hit)
390 http cache get-caller-file@https://registry.npmjs.org/get-caller-file/-/get-caller-file-2.0.5.tgz 0ms (cache hit)
391 http cache gensync@https://registry.npmjs.org/gensync/-/gensync-1.0.0-beta.2.tgz 0ms (cache hit)
392 http cache generate-function@https://registry.npmjs.org/generate-function/-/generate-function-2.3.1.tgz 0ms (cache hit)
393 http cache function-timeout@https://registry.npmjs.org/function-timeout/-/function-timeout-1.0.2.tgz 0ms (cache hit)
394 http cache function-bind@https://registry.npmjs.org/function-bind/-/function-bind-1.1.2.tgz 0ms (cache hit)
395 http cache fs.realpath@https://registry.npmjs.org/fs.realpath/-/fs.realpath-1.0.0.tgz 0ms (cache hit)
396 http cache fs-extra@https://registry.npmjs.org/fs-extra/-/fs-extra-11.3.3.tgz 0ms (cache hit)
397 http cache fs-constants@https://registry.npmjs.org/fs-constants/-/fs-constants-1.0.0.tgz 0ms (cache hit)
398 http cache from2@https://registry.npmjs.org/from2/-/from2-2.3.0.tgz 0ms (cache hit)
399 http cache fresh@https://registry.npmjs.org/fresh/-/fresh-2.0.0.tgz 0ms (cache hit)
400 http cache forwarded@https://registry.npmjs.org/forwarded/-/forwarded-0.2.0.tgz 0ms (cache hit)
401 http cache foreground-child@https://registry.npmjs.org/foreground-child/-/foreground-child-3.3.1.tgz 0ms (cache hit)
402 http cache flatted@https://registry.npmjs.org/flatted/-/flatted-3.3.3.tgz 0ms (cache hit)
403 http cache flat-cache@https://registry.npmjs.org/flat-cache/-/flat-cache-4.0.1.tgz 0ms (cache hit)
404 http cache find-versions@https://registry.npmjs.org/find-versions/-/find-versions-6.0.0.tgz 0ms (cache hit)
405 http cache find-up-simple@https://registry.npmjs.org/find-up-simple/-/find-up-simple-1.0.1.tgz 0ms (cache hit)
406 http cache find-up@https://registry.npmjs.org/find-up/-/find-up-5.0.0.tgz 0ms (cache hit)
407 http cache finalhandler@https://registry.npmjs.org/finalhandler/-/finalhandler-2.1.0.tgz 0ms (cache hit)
408 http cache fill-range@https://registry.npmjs.org/fill-range/-/fill-range-7.1.1.tgz 0ms (cache hit)
409 http cache file-uri-to-path@https://registry.npmjs.org/file-uri-to-path/-/file-uri-to-path-1.0.0.tgz 0ms (cache hit)
410 http cache file-entry-cache@https://registry.npmjs.org/file-entry-cache/-/file-entry-cache-8.0.0.tgz 0ms (cache hit)
411 http cache figures@https://registry.npmjs.org/figures/-/figures-6.1.0.tgz 0ms (cache hit)
412 http cache figlet@https://registry.npmjs.org/figlet/-/figlet-1.9.3.tgz 0ms (cache hit)
413 http cache fb-watchman@https://registry.npmjs.org/fb-watchman/-/fb-watchman-2.0.2.tgz 0ms (cache hit)
414 http cache fastq@https://registry.npmjs.org/fastq/-/fastq-1.19.1.tgz 0ms (cache hit)
415 http cache fast-levenshtein@https://registry.npmjs.org/fast-levenshtein/-/fast-levenshtein-2.0.6.tgz 0ms (cache hit)
416 http cache fast-json-stable-stringify@https://registry.npmjs.org/fast-json-stable-stringify/-/fast-json-stable-stringify-2.1.0.tgz 0ms (cache hit)
417 http cache fast-glob@https://registry.npmjs.org/fast-glob/-/fast-glob-3.3.3.tgz 0ms (cache hit)
418 http cache fast-deep-equal@https://registry.npmjs.org/fast-deep-equal/-/fast-deep-equal-3.1.3.tgz 0ms (cache hit)
419 http cache express@https://registry.npmjs.org/express/-/express-5.1.0.tgz 0ms (cache hit)
420 http cache fast-content-type-parse@https://registry.npmjs.org/fast-content-type-parse/-/fast-content-type-parse-2.0.1.tgz 0ms (cache hit)
421 http cache expect-type@https://registry.npmjs.org/expect-type/-/expect-type-1.2.2.tgz 0ms (cache hit)
422 http cache expect@https://registry.npmjs.org/expect/-/expect-30.2.0.tgz 0ms (cache hit)
423 http cache expand-template@https://registry.npmjs.org/expand-template/-/expand-template-2.0.3.tgz 0ms (cache hit)
424 http cache exit-x@https://registry.npmjs.org/exit-x/-/exit-x-0.2.2.tgz 0ms (cache hit)
425 http cache execa@https://registry.npmjs.org/execa/-/execa-5.1.1.tgz 0ms (cache hit)
426 http cache etag@https://registry.npmjs.org/etag/-/etag-1.8.1.tgz 0ms (cache hit)
427 http cache esutils@https://registry.npmjs.org/esutils/-/esutils-2.0.3.tgz 0ms (cache hit)
428 http cache estree-walker@https://registry.npmjs.org/estree-walker/-/estree-walker-3.0.3.tgz 0ms (cache hit)
429 http cache estraverse@https://registry.npmjs.org/estraverse/-/estraverse-5.3.0.tgz 0ms (cache hit)
430 http cache esrecurse@https://registry.npmjs.org/esrecurse/-/esrecurse-4.3.0.tgz 0ms (cache hit)
431 http cache esquery@https://registry.npmjs.org/esquery/-/esquery-1.6.0.tgz 0ms (cache hit)
432 http cache esprima@https://registry.npmjs.org/esprima/-/esprima-4.0.1.tgz 0ms (cache hit)
433 http cache espree@https://registry.npmjs.org/espree/-/espree-10.4.0.tgz 0ms (cache hit)
434 http cache eslint-visitor-keys@https://registry.npmjs.org/eslint-visitor-keys/-/eslint-visitor-keys-4.2.1.tgz 0ms (cache hit)
435 http cache eslint-scope@https://registry.npmjs.org/eslint-scope/-/eslint-scope-8.4.0.tgz 0ms (cache hit)
436 http cache eslint@https://registry.npmjs.org/eslint/-/eslint-9.39.1.tgz 0ms (cache hit)
437 http cache escape-string-regexp@https://registry.npmjs.org/escape-string-regexp/-/escape-string-regexp-4.0.0.tgz 0ms (cache hit)
438 http cache escape-html@https://registry.npmjs.org/escape-html/-/escape-html-1.0.3.tgz 0ms (cache hit)
439 http cache escalade@https://registry.npmjs.org/escalade/-/escalade-3.2.0.tgz 0ms (cache hit)
440 http cache esbuild@https://registry.npmjs.org/esbuild/-/esbuild-0.25.12.tgz 0ms (cache hit)
441 http cache es-object-atoms@https://registry.npmjs.org/es-object-atoms/-/es-object-atoms-1.1.1.tgz 0ms (cache hit)
442 http cache es-module-lexer@https://registry.npmjs.org/es-module-lexer/-/es-module-lexer-1.7.0.tgz 0ms (cache hit)
443 http cache es-errors@https://registry.npmjs.org/es-errors/-/es-errors-1.3.0.tgz 0ms (cache hit)
444 http cache es-define-property@https://registry.npmjs.org/es-define-property/-/es-define-property-1.0.1.tgz 0ms (cache hit)
445 http cache error-ex@https://registry.npmjs.org/error-ex/-/error-ex-1.3.4.tgz 0ms (cache hit)
446 http cache env-ci@https://registry.npmjs.org/env-ci/-/env-ci-11.2.0.tgz 0ms (cache hit)
447 http cache env-paths@https://registry.npmjs.org/env-paths/-/env-paths-2.2.1.tgz 0ms (cache hit)
448 http cache environment@https://registry.npmjs.org/environment/-/environment-1.1.0.tgz 0ms (cache hit)
449 http cache end-of-stream@https://registry.npmjs.org/end-of-stream/-/end-of-stream-1.4.5.tgz 0ms (cache hit)
450 http cache encodeurl@https://registry.npmjs.org/encodeurl/-/encodeurl-2.0.0.tgz 0ms (cache hit)
451 http cache emojilib@https://registry.npmjs.org/emojilib/-/emojilib-2.4.0.tgz 0ms (cache hit)
452 http cache emittery@https://registry.npmjs.org/emittery/-/emittery-0.13.1.tgz 0ms (cache hit)
453 http cache electron-to-chromium@https://registry.npmjs.org/electron-to-chromium/-/electron-to-chromium-1.5.245.tgz 0ms (cache hit)
454 http cache ee-first@https://registry.npmjs.org/ee-first/-/ee-first-1.1.1.tgz 0ms (cache hit)
455 http cache eastasianwidth@https://registry.npmjs.org/eastasianwidth/-/eastasianwidth-0.2.0.tgz 0ms (cache hit)
456 http cache duplexer2@https://registry.npmjs.org/duplexer2/-/duplexer2-0.1.4.tgz 0ms (cache hit)
457 http cache dotenv@https://registry.npmjs.org/dotenv/-/dotenv-17.2.3.tgz 0ms (cache hit)
458 http cache dot-prop@https://registry.npmjs.org/dot-prop/-/dot-prop-5.3.0.tgz 0ms (cache hit)
459 http cache dir-glob@https://registry.npmjs.org/dir-glob/-/dir-glob-3.0.1.tgz 0ms (cache hit)
460 http cache dunder-proto@https://registry.npmjs.org/dunder-proto/-/dunder-proto-1.0.1.tgz 0ms (cache hit)
461 http cache detect-newline@https://registry.npmjs.org/detect-newline/-/detect-newline-3.1.0.tgz 0ms (cache hit)
462 http cache depd@https://registry.npmjs.org/depd/-/depd-2.0.0.tgz 0ms (cache hit)
463 http cache detect-libc@https://registry.npmjs.org/detect-libc/-/detect-libc-2.1.2.tgz 0ms (cache hit)
464 http cache deepmerge@https://registry.npmjs.org/deepmerge/-/deepmerge-4.3.1.tgz 0ms (cache hit)
465 http cache denque@https://registry.npmjs.org/denque/-/denque-2.1.0.tgz 0ms (cache hit)
466 http cache emoji-regex@https://registry.npmjs.org/emoji-regex/-/emoji-regex-9.2.2.tgz 0ms (cache hit)
467 http cache deep-is@https://registry.npmjs.org/deep-is/-/deep-is-0.1.4.tgz 0ms (cache hit)
468 http cache deep-extend@https://registry.npmjs.org/deep-extend/-/deep-extend-0.6.0.tgz 0ms (cache hit)
469 http cache diff@https://registry.npmjs.org/diff/-/diff-4.0.4.tgz 0ms (cache hit)
470 http cache dedent@https://registry.npmjs.org/dedent/-/dedent-1.7.0.tgz 0ms (cache hit)
471 http cache debug@https://registry.npmjs.org/debug/-/debug-4.4.3.tgz 0ms (cache hit)
472 http cache decompress-response@https://registry.npmjs.org/decompress-response/-/decompress-response-6.0.0.tgz 0ms (cache hit)
473 http cache crypto-random-string@https://registry.npmjs.org/crypto-random-string/-/crypto-random-string-4.0.0.tgz 0ms (cache hit)
474 http cache cross-spawn@https://registry.npmjs.org/cross-spawn/-/cross-spawn-7.0.6.tgz 0ms (cache hit)
475 http cache create-require@https://registry.npmjs.org/create-require/-/create-require-1.1.1.tgz 0ms (cache hit)
476 http cache core-util-is@https://registry.npmjs.org/core-util-is/-/core-util-is-1.0.3.tgz 0ms (cache hit)
477 http cache cookie-signature@https://registry.npmjs.org/cookie-signature/-/cookie-signature-1.2.2.tgz 0ms (cache hit)
478 http cache cosmiconfig@https://registry.npmjs.org/cosmiconfig/-/cosmiconfig-9.0.0.tgz 0ms (cache hit)
479 http cache cookie@https://registry.npmjs.org/cookie/-/cookie-0.7.2.tgz 0ms (cache hit)
480 http cache convert-source-map@https://registry.npmjs.org/convert-source-map/-/convert-source-map-2.0.0.tgz 0ms (cache hit)
481 http cache convert-hrtime@https://registry.npmjs.org/convert-hrtime/-/convert-hrtime-5.0.0.tgz 0ms (cache hit)
482 http cache conventional-commits-parser@https://registry.npmjs.org/conventional-commits-parser/-/conventional-commits-parser-5.0.0.tgz 0ms (cache hit)
483 http cache conventional-commits-filter@https://registry.npmjs.org/conventional-commits-filter/-/conventional-commits-filter-4.0.0.tgz 0ms (cache hit)
484 http cache conventional-changelog-writer@https://registry.npmjs.org/conventional-changelog-writer/-/conventional-changelog-writer-7.0.1.tgz 0ms (cache hit)
485 http cache conventional-changelog-angular@https://registry.npmjs.org/conventional-changelog-angular/-/conventional-changelog-angular-7.0.0.tgz 0ms (cache hit)
486 http cache content-type@https://registry.npmjs.org/content-type/-/content-type-1.0.5.tgz 0ms (cache hit)
487 http cache connection-parse@https://registry.npmjs.org/connection-parse/-/connection-parse-0.0.7.tgz 0ms (cache hit)
488 http cache content-disposition@https://registry.npmjs.org/content-disposition/-/content-disposition-1.0.0.tgz 0ms (cache hit)
489 http cache config-chain@https://registry.npmjs.org/config-chain/-/config-chain-1.1.13.tgz 0ms (cache hit)
490 http cache concat-map@https://registry.npmjs.org/concat-map/-/concat-map-0.0.1.tgz 0ms (cache hit)
491 http cache commander@https://registry.npmjs.org/commander/-/commander-12.1.0.tgz 0ms (cache hit)
492 http cache compare-func@https://registry.npmjs.org/compare-func/-/compare-func-2.0.0.tgz 0ms (cache hit)
493 http cache color-name@https://registry.npmjs.org/color-name/-/color-name-1.1.4.tgz 0ms (cache hit)
494 http cache color-convert@https://registry.npmjs.org/color-convert/-/color-convert-2.0.1.tgz 0ms (cache hit)
495 http cache collect-v8-coverage@https://registry.npmjs.org/collect-v8-coverage/-/collect-v8-coverage-1.0.3.tgz 0ms (cache hit)
496 http cache cliui@https://registry.npmjs.org/cliui/-/cliui-8.0.1.tgz 0ms (cache hit)
497 http cache co@https://registry.npmjs.org/co/-/co-4.6.0.tgz 0ms (cache hit)
498 http cache cli-table3@https://registry.npmjs.org/cli-table3/-/cli-table3-0.6.5.tgz 0ms (cache hit)
499 http cache cli-highlight@https://registry.npmjs.org/cli-highlight/-/cli-highlight-2.1.11.tgz 0ms (cache hit)
500 http cache cjs-module-lexer@https://registry.npmjs.org/cjs-module-lexer/-/cjs-module-lexer-2.1.0.tgz 0ms (cache hit)
501 http cache clean-stack@https://registry.npmjs.org/clean-stack/-/clean-stack-2.2.0.tgz 0ms (cache hit)
502 http cache ci-info@https://registry.npmjs.org/ci-info/-/ci-info-4.3.1.tgz 0ms (cache hit)
503 http cache char-regex@https://registry.npmjs.org/char-regex/-/char-regex-1.0.2.tgz 0ms (cache hit)
504 http cache chalk@https://registry.npmjs.org/chalk/-/chalk-5.6.2.tgz 0ms (cache hit)
505 http cache chai@https://registry.npmjs.org/chai/-/chai-6.2.0.tgz 0ms (cache hit)
506 http cache caniuse-lite@https://registry.npmjs.org/caniuse-lite/-/caniuse-lite-1.0.30001754.tgz 0ms (cache hit)
507 http cache camelcase@https://registry.npmjs.org/camelcase/-/camelcase-5.3.1.tgz 0ms (cache hit)
508 http cache callsites@https://registry.npmjs.org/callsites/-/callsites-3.1.0.tgz 0ms (cache hit)
509 http cache call-bound@https://registry.npmjs.org/call-bound/-/call-bound-1.0.4.tgz 0ms (cache hit)
510 http cache call-bind-apply-helpers@https://registry.npmjs.org/call-bind-apply-helpers/-/call-bind-apply-helpers-1.0.2.tgz 0ms (cache hit)
511 http cache bytes@https://registry.npmjs.org/bytes/-/bytes-3.1.2.tgz 0ms (cache hit)
512 http cache buffer-from@https://registry.npmjs.org/buffer-from/-/buffer-from-1.1.2.tgz 0ms (cache hit)
513 http cache bson@https://registry.npmjs.org/bson/-/bson-6.10.4.tgz 0ms (cache hit)
514 http cache buffer@https://registry.npmjs.org/buffer/-/buffer-5.7.1.tgz 0ms (cache hit)
515 http cache bser@https://registry.npmjs.org/bser/-/bser-2.1.1.tgz 0ms (cache hit)
516 http cache bs-logger@https://registry.npmjs.org/bs-logger/-/bs-logger-0.2.6.tgz 0ms (cache hit)
517 http cache browserslist@https://registry.npmjs.org/browserslist/-/browserslist-4.27.0.tgz 0ms (cache hit)
518 http cache bottleneck@https://registry.npmjs.org/bottleneck/-/bottleneck-2.19.5.tgz 0ms (cache hit)
519 http cache body-parser@https://registry.npmjs.org/body-parser/-/body-parser-2.2.2.tgz 0ms (cache hit)
520 http cache braces@https://registry.npmjs.org/braces/-/braces-3.0.3.tgz 0ms (cache hit)
521 http cache brace-expansion@https://registry.npmjs.org/brace-expansion/-/brace-expansion-1.1.12.tgz 0ms (cache hit)
522 http cache bl@https://registry.npmjs.org/bl/-/bl-4.1.0.tgz 0ms (cache hit)
523 http cache better-sqlite3@https://registry.npmjs.org/better-sqlite3/-/better-sqlite3-12.2.0.tgz 0ms (cache hit)
524 http cache before-after-hook@https://registry.npmjs.org/before-after-hook/-/before-after-hook-3.0.2.tgz 0ms (cache hit)
525 http cache base64-js@https://registry.npmjs.org/base64-js/-/base64-js-1.5.1.tgz 0ms (cache hit)
526 http cache balanced-match@https://registry.npmjs.org/balanced-match/-/balanced-match-1.0.2.tgz 0ms (cache hit)
527 http cache babel-preset-jest@https://registry.npmjs.org/babel-preset-jest/-/babel-preset-jest-30.2.0.tgz 0ms (cache hit)
528 http cache babel-preset-current-node-syntax@https://registry.npmjs.org/babel-preset-current-node-syntax/-/babel-preset-current-node-syntax-1.2.0.tgz 0ms (cache hit)
529 http cache babel-plugin-jest-hoist@https://registry.npmjs.org/babel-plugin-jest-hoist/-/babel-plugin-jest-hoist-30.2.0.tgz 0ms (cache hit)
530 http cache bindings@https://registry.npmjs.org/bindings/-/bindings-1.5.0.tgz 0ms (cache hit)
531 http cache babel-plugin-istanbul@https://registry.npmjs.org/babel-plugin-istanbul/-/babel-plugin-istanbul-7.0.1.tgz 0ms (cache hit)
532 http cache babel-jest@https://registry.npmjs.org/babel-jest/-/babel-jest-30.2.0.tgz 0ms (cache hit)
533 http cache aws-ssl-profiles@https://registry.npmjs.org/aws-ssl-profiles/-/aws-ssl-profiles-1.1.2.tgz 0ms (cache hit)
534 http cache assertion-error@https://registry.npmjs.org/assertion-error/-/assertion-error-2.0.1.tgz 0ms (cache hit)
535 http cache baseline-browser-mapping@https://registry.npmjs.org/baseline-browser-mapping/-/baseline-browser-mapping-2.8.25.tgz 0ms (cache hit)
536 http cache array-ify@https://registry.npmjs.org/array-ify/-/array-ify-1.0.0.tgz 0ms (cache hit)
537 http cache argv-formatter@https://registry.npmjs.org/argv-formatter/-/argv-formatter-1.0.0.tgz 0ms (cache hit)
538 http cache arg@https://registry.npmjs.org/arg/-/arg-4.1.3.tgz 0ms (cache hit)
539 http cache anymatch@https://registry.npmjs.org/anymatch/-/anymatch-3.1.3.tgz 0ms (cache hit)
540 http cache any-promise@https://registry.npmjs.org/any-promise/-/any-promise-1.3.0.tgz 0ms (cache hit)
541 http cache argparse@https://registry.npmjs.org/argparse/-/argparse-2.0.1.tgz 0ms (cache hit)
542 http cache ansi-regex@https://registry.npmjs.org/ansi-regex/-/ansi-regex-6.2.2.tgz 0ms (cache hit)
543 http cache ansi-escapes@https://registry.npmjs.org/ansi-escapes/-/ansi-escapes-4.3.2.tgz 0ms (cache hit)
544 http cache ansi-styles@https://registry.npmjs.org/ansi-styles/-/ansi-styles-5.2.0.tgz 0ms (cache hit)
545 http cache aggregate-error@https://registry.npmjs.org/aggregate-error/-/aggregate-error-3.1.0.tgz 0ms (cache hit)
546 http cache ajv@https://registry.npmjs.org/ajv/-/ajv-6.14.0.tgz 0ms (cache hit)
547 http cache agent-base@https://registry.npmjs.org/agent-base/-/agent-base-7.1.4.tgz 0ms (cache hit)
548 http cache acorn-jsx@https://registry.npmjs.org/acorn-jsx/-/acorn-jsx-5.3.2.tgz 0ms (cache hit)
549 http cache acorn-walk@https://registry.npmjs.org/acorn-walk/-/acorn-walk-8.3.4.tgz 0ms (cache hit)
550 http cache acorn@https://registry.npmjs.org/acorn/-/acorn-8.15.0.tgz 0ms (cache hit)
551 http cache @vitest/utils@https://registry.npmjs.org/@vitest/utils/-/utils-4.0.7.tgz 0ms (cache hit)
552 http cache @vitest/snapshot@https://registry.npmjs.org/@vitest/snapshot/-/snapshot-4.0.7.tgz 0ms (cache hit)
553 http cache accepts@https://registry.npmjs.org/accepts/-/accepts-2.0.0.tgz 0ms (cache hit)
554 http cache @vitest/runner@https://registry.npmjs.org/@vitest/runner/-/runner-4.0.7.tgz 0ms (cache hit)
555 http cache @vitest/pretty-format@https://registry.npmjs.org/@vitest/pretty-format/-/pretty-format-4.0.7.tgz 0ms (cache hit)
556 http cache @vitest/expect@https://registry.npmjs.org/@vitest/expect/-/expect-4.0.7.tgz 0ms (cache hit)
557 http cache @vitest/spy@https://registry.npmjs.org/@vitest/spy/-/spy-4.0.7.tgz 0ms (cache hit)
558 http cache @unrs/resolver-binding-win32-x64-msvc@https://registry.npmjs.org/@unrs/resolver-binding-win32-x64-msvc/-/resolver-binding-win32-x64-msvc-1.11.1.tgz 0ms (cache hit)
559 http cache @ungap/structured-clone@https://registry.npmjs.org/@ungap/structured-clone/-/structured-clone-1.3.0.tgz 0ms (cache hit)
560 http cache @typescript-eslint/visitor-keys@https://registry.npmjs.org/@typescript-eslint/visitor-keys/-/visitor-keys-8.46.3.tgz 0ms (cache hit)
561 http cache @vitest/mocker@https://registry.npmjs.org/@vitest/mocker/-/mocker-4.0.7.tgz 0ms (cache hit)
562 http cache @typescript-eslint/utils@https://registry.npmjs.org/@typescript-eslint/utils/-/utils-8.46.3.tgz 0ms (cache hit)
563 http cache @typescript-eslint/typescript-estree@https://registry.npmjs.org/@typescript-eslint/typescript-estree/-/typescript-estree-8.46.3.tgz 0ms (cache hit)
564 http cache @typescript-eslint/types@https://registry.npmjs.org/@typescript-eslint/types/-/types-8.46.3.tgz 0ms (cache hit)
565 http cache @typescript-eslint/type-utils@https://registry.npmjs.org/@typescript-eslint/type-utils/-/type-utils-8.46.3.tgz 0ms (cache hit)
566 http cache @typescript-eslint/tsconfig-utils@https://registry.npmjs.org/@typescript-eslint/tsconfig-utils/-/tsconfig-utils-8.46.3.tgz 0ms (cache hit)
567 http cache @typescript-eslint/scope-manager@https://registry.npmjs.org/@typescript-eslint/scope-manager/-/scope-manager-8.46.3.tgz 0ms (cache hit)
568 http cache @typescript-eslint/parser@https://registry.npmjs.org/@typescript-eslint/parser/-/parser-8.46.3.tgz 0ms (cache hit)
569 http cache @typescript-eslint/eslint-plugin@https://registry.npmjs.org/@typescript-eslint/eslint-plugin/-/eslint-plugin-8.46.3.tgz 0ms (cache hit)
570 http cache @typescript-eslint/project-service@https://registry.npmjs.org/@typescript-eslint/project-service/-/project-service-8.46.3.tgz 0ms (cache hit)
571 http cache @types/yargs-parser@https://registry.npmjs.org/@types/yargs-parser/-/yargs-parser-21.0.3.tgz 0ms (cache hit)
572 http cache @types/yargs@https://registry.npmjs.org/@types/yargs/-/yargs-17.0.34.tgz 0ms (cache hit)
573 http cache @types/whatwg-url@https://registry.npmjs.org/@types/whatwg-url/-/whatwg-url-11.0.5.tgz 0ms (cache hit)
574 http cache @types/webidl-conversions@https://registry.npmjs.org/@types/webidl-conversions/-/webidl-conversions-7.0.3.tgz 0ms (cache hit)
575 http cache @types/stack-utils@https://registry.npmjs.org/@types/stack-utils/-/stack-utils-2.0.3.tgz 0ms (cache hit)
576 http cache @types/serve-static@https://registry.npmjs.org/@types/serve-static/-/serve-static-2.2.0.tgz 0ms (cache hit)
577 http cache @types/send@https://registry.npmjs.org/@types/send/-/send-1.2.1.tgz 0ms (cache hit)
578 http cache @types/qs@https://registry.npmjs.org/@types/qs/-/qs-6.14.0.tgz 0ms (cache hit)
579 http cache @types/pg@https://registry.npmjs.org/@types/pg/-/pg-8.15.6.tgz 0ms (cache hit)
580 http cache @types/node@https://registry.npmjs.org/@types/node/-/node-22.19.0.tgz 0ms (cache hit)
581 http cache @types/normalize-package-data@https://registry.npmjs.org/@types/normalize-package-data/-/normalize-package-data-2.4.4.tgz 0ms (cache hit)
582 http cache @types/memcached@https://registry.npmjs.org/@types/memcached/-/memcached-2.2.10.tgz 0ms (cache hit)
583 http cache @types/json-schema@https://registry.npmjs.org/@types/json-schema/-/json-schema-7.0.15.tgz 0ms (cache hit)
584 http cache @types/jest@https://registry.npmjs.org/@types/jest/-/jest-30.0.0.tgz 0ms (cache hit)
585 http cache @types/istanbul-reports@https://registry.npmjs.org/@types/istanbul-reports/-/istanbul-reports-3.0.4.tgz 0ms (cache hit)
586 http cache @types/istanbul-lib-report@https://registry.npmjs.org/@types/istanbul-lib-report/-/istanbul-lib-report-3.0.3.tgz 0ms (cache hit)
587 http cache @types/istanbul-lib-coverage@https://registry.npmjs.org/@types/istanbul-lib-coverage/-/istanbul-lib-coverage-2.0.6.tgz 0ms (cache hit)
588 http cache @types/http-errors@https://registry.npmjs.org/@types/http-errors/-/http-errors-2.0.5.tgz 0ms (cache hit)
589 http cache @types/figlet@https://registry.npmjs.org/@types/figlet/-/figlet-1.7.0.tgz 0ms (cache hit)
590 http cache @types/range-parser@https://registry.npmjs.org/@types/range-parser/-/range-parser-1.2.7.tgz 0ms (cache hit)
591 http cache @types/express-serve-static-core@https://registry.npmjs.org/@types/express-serve-static-core/-/express-serve-static-core-5.1.1.tgz 0ms (cache hit)
592 http cache @types/estree@https://registry.npmjs.org/@types/estree/-/estree-1.0.8.tgz 0ms (cache hit)
593 http cache @types/express@https://registry.npmjs.org/@types/express/-/express-5.0.6.tgz 0ms (cache hit)
594 http cache @types/deep-eql@https://registry.npmjs.org/@types/deep-eql/-/deep-eql-4.0.2.tgz 0ms (cache hit)
595 http cache @types/babel__traverse@https://registry.npmjs.org/@types/babel__traverse/-/babel__traverse-7.28.0.tgz 0ms (cache hit)
596 http cache @types/connect@https://registry.npmjs.org/@types/connect/-/connect-3.4.38.tgz 0ms (cache hit)
597 http cache @types/chai@https://registry.npmjs.org/@types/chai/-/chai-5.2.3.tgz 0ms (cache hit)
598 http cache @tsconfig/node16@https://registry.npmjs.org/@tsconfig/node16/-/node16-1.0.4.tgz 0ms (cache hit)
599 http cache @types/babel__generator@https://registry.npmjs.org/@types/babel__generator/-/babel__generator-7.27.0.tgz 0ms (cache hit)
600 http cache @types/babel__template@https://registry.npmjs.org/@types/babel__template/-/babel__template-7.4.4.tgz 0ms (cache hit)
601 http cache @types/body-parser@https://registry.npmjs.org/@types/body-parser/-/body-parser-1.19.6.tgz 0ms (cache hit)
602 http cache @types/babel__core@https://registry.npmjs.org/@types/babel__core/-/babel__core-7.20.5.tgz 0ms (cache hit)
603 http cache @tsconfig/node14@https://registry.npmjs.org/@tsconfig/node14/-/node14-1.0.3.tgz 0ms (cache hit)
604 http cache @standard-schema/spec@https://registry.npmjs.org/@standard-schema/spec/-/spec-1.0.0.tgz 0ms (cache hit)
605 http cache @tsconfig/node12@https://registry.npmjs.org/@tsconfig/node12/-/node12-1.0.11.tgz 0ms (cache hit)
606 http cache @tsconfig/node10@https://registry.npmjs.org/@tsconfig/node10/-/node10-1.0.11.tgz 0ms (cache hit)
607 http cache @sinonjs/fake-timers@https://registry.npmjs.org/@sinonjs/fake-timers/-/fake-timers-13.0.5.tgz 0ms (cache hit)
608 http cache @sindresorhus/merge-streams@https://registry.npmjs.org/@sindresorhus/merge-streams/-/merge-streams-2.3.0.tgz 0ms (cache hit)
609 http cache @sinonjs/commons@https://registry.npmjs.org/@sinonjs/commons/-/commons-3.0.1.tgz 0ms (cache hit)
610 http cache @sindresorhus/is@https://registry.npmjs.org/@sindresorhus/is/-/is-4.6.0.tgz 0ms (cache hit)
611 http cache @sinclair/typebox@https://registry.npmjs.org/@sinclair/typebox/-/typebox-0.34.41.tgz 0ms (cache hit)
612 http cache @semantic-release/release-notes-generator@https://registry.npmjs.org/@semantic-release/release-notes-generator/-/release-notes-generator-13.0.0.tgz 0ms (cache hit)
613 http cache @semantic-release/npm@https://registry.npmjs.org/@semantic-release/npm/-/npm-12.0.2.tgz 0ms (cache hit)
614 http cache @semantic-release/github@https://registry.npmjs.org/@semantic-release/github/-/github-10.3.5.tgz 0ms (cache hit)
615 http cache @semantic-release/git@https://registry.npmjs.org/@semantic-release/git/-/git-10.0.1.tgz 0ms (cache hit)
616 http cache @sec-ant/readable-stream@https://registry.npmjs.org/@sec-ant/readable-stream/-/readable-stream-0.4.1.tgz 0ms (cache hit)
617 http cache @semantic-release/error@https://registry.npmjs.org/@semantic-release/error/-/error-3.0.0.tgz 0ms (cache hit)
618 http cache @semantic-release/commit-analyzer@https://registry.npmjs.org/@semantic-release/commit-analyzer/-/commit-analyzer-12.0.0.tgz 0ms (cache hit)
619 http cache @semantic-release/changelog@https://registry.npmjs.org/@semantic-release/changelog/-/changelog-6.0.3.tgz 0ms (cache hit)
620 http cache @rollup/rollup-win32-x64-msvc@https://registry.npmjs.org/@rollup/rollup-win32-x64-msvc/-/rollup-win32-x64-msvc-4.59.0.tgz 0ms (cache hit)
621 http cache @rollup/rollup-win32-x64-gnu@https://registry.npmjs.org/@rollup/rollup-win32-x64-gnu/-/rollup-win32-x64-gnu-4.59.0.tgz 0ms (cache hit)
622 http cache @pnpm/npm-conf@https://registry.npmjs.org/@pnpm/npm-conf/-/npm-conf-3.0.2.tgz 0ms (cache hit)
623 http cache @pkgr/core@https://registry.npmjs.org/@pkgr/core/-/core-0.2.9.tgz 0ms (cache hit)
624 http cache @pnpm/network.ca-file@https://registry.npmjs.org/@pnpm/network.ca-file/-/network.ca-file-1.0.2.tgz 0ms (cache hit)
625 http cache @pkgjs/parseargs@https://registry.npmjs.org/@pkgjs/parseargs/-/parseargs-0.11.0.tgz 0ms (cache hit)
626 http cache @pnpm/config.env-replace@https://registry.npmjs.org/@pnpm/config.env-replace/-/config.env-replace-1.1.0.tgz 0ms (cache hit)
627 http cache @octokit/request-error@https://registry.npmjs.org/@octokit/request-error/-/request-error-6.1.8.tgz 0ms (cache hit)
628 http cache @octokit/request@https://registry.npmjs.org/@octokit/request/-/request-9.2.4.tgz 0ms (cache hit)
629 http cache @octokit/plugin-throttling@https://registry.npmjs.org/@octokit/plugin-throttling/-/plugin-throttling-9.6.1.tgz 0ms (cache hit)
630 http cache @octokit/plugin-retry@https://registry.npmjs.org/@octokit/plugin-retry/-/plugin-retry-7.2.1.tgz 0ms (cache hit)
631 http cache @octokit/types@https://registry.npmjs.org/@octokit/types/-/types-14.1.0.tgz 0ms (cache hit)
632 http cache @octokit/plugin-paginate-rest@https://registry.npmjs.org/@octokit/plugin-paginate-rest/-/plugin-paginate-rest-11.6.0.tgz 0ms (cache hit)
633 http cache @octokit/openapi-types@https://registry.npmjs.org/@octokit/openapi-types/-/openapi-types-25.1.0.tgz 0ms (cache hit)
634 http cache @octokit/graphql@https://registry.npmjs.org/@octokit/graphql/-/graphql-8.2.2.tgz 0ms (cache hit)
635 http cache @octokit/endpoint@https://registry.npmjs.org/@octokit/endpoint/-/endpoint-10.1.4.tgz 0ms (cache hit)
636 http cache @nodelib/fs.walk@https://registry.npmjs.org/@nodelib/fs.walk/-/fs.walk-1.2.8.tgz 0ms (cache hit)
637 http cache @octokit/core@https://registry.npmjs.org/@octokit/core/-/core-6.1.6.tgz 0ms (cache hit)
638 http cache @octokit/auth-token@https://registry.npmjs.org/@octokit/auth-token/-/auth-token-5.1.2.tgz 0ms (cache hit)
639 http cache @nodelib/fs.stat@https://registry.npmjs.org/@nodelib/fs.stat/-/fs.stat-2.0.5.tgz 0ms (cache hit)
640 http cache @nodelib/fs.scandir@https://registry.npmjs.org/@nodelib/fs.scandir/-/fs.scandir-2.1.5.tgz 0ms (cache hit)
641 http cache @mongodb-js/saslprep@https://registry.npmjs.org/@mongodb-js/saslprep/-/saslprep-1.3.2.tgz 0ms (cache hit)
642 http cache @jridgewell/trace-mapping@https://registry.npmjs.org/@jridgewell/trace-mapping/-/trace-mapping-0.3.31.tgz 0ms (cache hit)
643 http cache @jridgewell/sourcemap-codec@https://registry.npmjs.org/@jridgewell/sourcemap-codec/-/sourcemap-codec-1.5.5.tgz 0ms (cache hit)
644 http cache @jridgewell/remapping@https://registry.npmjs.org/@jridgewell/remapping/-/remapping-2.3.5.tgz 0ms (cache hit)
645 http cache @jridgewell/resolve-uri@https://registry.npmjs.org/@jridgewell/resolve-uri/-/resolve-uri-3.1.2.tgz 0ms (cache hit)
646 http cache @jest/types@https://registry.npmjs.org/@jest/types/-/types-30.2.0.tgz 0ms (cache hit)
647 http cache @jridgewell/gen-mapping@https://registry.npmjs.org/@jridgewell/gen-mapping/-/gen-mapping-0.3.13.tgz 0ms (cache hit)
648 http cache @jest/transform@https://registry.npmjs.org/@jest/transform/-/transform-30.2.0.tgz 0ms (cache hit)
649 http cache @jest/test-sequencer@https://registry.npmjs.org/@jest/test-sequencer/-/test-sequencer-30.2.0.tgz 0ms (cache hit)
650 http cache @jest/source-map@https://registry.npmjs.org/@jest/source-map/-/source-map-30.0.1.tgz 0ms (cache hit)
651 http cache @jest/test-result@https://registry.npmjs.org/@jest/test-result/-/test-result-30.2.0.tgz 0ms (cache hit)
652 http cache @jest/schemas@https://registry.npmjs.org/@jest/schemas/-/schemas-30.0.5.tgz 0ms (cache hit)
653 http cache @jest/reporters@https://registry.npmjs.org/@jest/reporters/-/reporters-30.2.0.tgz 0ms (cache hit)
654 http cache @jest/pattern@https://registry.npmjs.org/@jest/pattern/-/pattern-30.0.1.tgz 0ms (cache hit)
655 http cache @jest/globals@https://registry.npmjs.org/@jest/globals/-/globals-30.2.0.tgz 0ms (cache hit)
656 http cache @jest/fake-timers@https://registry.npmjs.org/@jest/fake-timers/-/fake-timers-30.2.0.tgz 0ms (cache hit)
657 http cache @jest/expect-utils@https://registry.npmjs.org/@jest/expect-utils/-/expect-utils-30.2.0.tgz 0ms (cache hit)
658 http cache @jest/get-type@https://registry.npmjs.org/@jest/get-type/-/get-type-30.1.0.tgz 0ms (cache hit)
659 http cache @jest/expect@https://registry.npmjs.org/@jest/expect/-/expect-30.2.0.tgz 0ms (cache hit)
660 http cache @jest/environment@https://registry.npmjs.org/@jest/environment/-/environment-30.2.0.tgz 0ms (cache hit)
661 http cache @jest/diff-sequences@https://registry.npmjs.org/@jest/diff-sequences/-/diff-sequences-30.0.1.tgz 0ms (cache hit)
662 http cache @jest/snapshot-utils@https://registry.npmjs.org/@jest/snapshot-utils/-/snapshot-utils-30.2.0.tgz 0ms (cache hit)
663 http cache @jest/core@https://registry.npmjs.org/@jest/core/-/core-30.2.0.tgz 0ms (cache hit)
664 http cache @jest/console@https://registry.npmjs.org/@jest/console/-/console-30.2.0.tgz 1ms (cache hit)
665 http cache @istanbuljs/schema@https://registry.npmjs.org/@istanbuljs/schema/-/schema-0.1.3.tgz 0ms (cache hit)
666 http cache @istanbuljs/load-nyc-config@https://registry.npmjs.org/@istanbuljs/load-nyc-config/-/load-nyc-config-1.1.0.tgz 0ms (cache hit)
667 http cache @isaacs/cliui@https://registry.npmjs.org/@isaacs/cliui/-/cliui-8.0.2.tgz 0ms (cache hit)
668 http cache @humanwhocodes/retry@https://registry.npmjs.org/@humanwhocodes/retry/-/retry-0.4.3.tgz 0ms (cache hit)
669 http cache @humanwhocodes/module-importer@https://registry.npmjs.org/@humanwhocodes/module-importer/-/module-importer-1.0.1.tgz 0ms (cache hit)
670 http cache @humanfs/node@https://registry.npmjs.org/@humanfs/node/-/node-0.16.7.tgz 0ms (cache hit)
671 http cache @humanfs/core@https://registry.npmjs.org/@humanfs/core/-/core-0.19.1.tgz 0ms (cache hit)
672 http cache @faker-js/faker@https://registry.npmjs.org/@faker-js/faker/-/faker-10.1.0.tgz 0ms (cache hit)
673 http cache @eslint/plugin-kit@https://registry.npmjs.org/@eslint/plugin-kit/-/plugin-kit-0.4.1.tgz 0ms (cache hit)
674 http cache @eslint/object-schema@https://registry.npmjs.org/@eslint/object-schema/-/object-schema-2.1.7.tgz 0ms (cache hit)
675 http cache @eslint/js@https://registry.npmjs.org/@eslint/js/-/js-9.39.1.tgz 0ms (cache hit)
676 http cache @eslint/eslintrc@https://registry.npmjs.org/@eslint/eslintrc/-/eslintrc-3.3.1.tgz 0ms (cache hit)
677 http cache @eslint-community/regexpp@https://registry.npmjs.org/@eslint-community/regexpp/-/regexpp-4.12.2.tgz 0ms (cache hit)
678 http cache @eslint/core@https://registry.npmjs.org/@eslint/core/-/core-0.17.0.tgz 0ms (cache hit)
679 http cache @eslint/config-helpers@https://registry.npmjs.org/@eslint/config-helpers/-/config-helpers-0.4.2.tgz 0ms (cache hit)
680 http cache @eslint/config-array@https://registry.npmjs.org/@eslint/config-array/-/config-array-0.21.1.tgz 0ms (cache hit)
681 http cache @esbuild/win32-x64@https://registry.npmjs.org/@esbuild/win32-x64/-/win32-x64-0.25.12.tgz 0ms (cache hit)
682 http cache @eslint-community/eslint-utils@https://registry.npmjs.org/@eslint-community/eslint-utils/-/eslint-utils-4.9.0.tgz 0ms (cache hit)
683 http cache @colors/colors@https://registry.npmjs.org/@colors/colors/-/colors-1.5.0.tgz 0ms (cache hit)
684 http cache @cspotcode/source-map-support@https://registry.npmjs.org/@cspotcode/source-map-support/-/source-map-support-0.8.1.tgz 0ms (cache hit)
685 http cache @bcoe/v8-coverage@https://registry.npmjs.org/@bcoe/v8-coverage/-/v8-coverage-0.2.3.tgz 0ms (cache hit)
686 http cache @babel/types@https://registry.npmjs.org/@babel/types/-/types-7.28.5.tgz 0ms (cache hit)
687 http cache @babel/traverse@https://registry.npmjs.org/@babel/traverse/-/traverse-7.28.5.tgz 0ms (cache hit)
688 http cache @babel/template@https://registry.npmjs.org/@babel/template/-/template-7.27.2.tgz 0ms (cache hit)
689 http cache @babel/plugin-syntax-typescript@https://registry.npmjs.org/@babel/plugin-syntax-typescript/-/plugin-syntax-typescript-7.27.1.tgz 0ms (cache hit)
690 http cache @babel/plugin-syntax-private-property-in-object@https://registry.npmjs.org/@babel/plugin-syntax-private-property-in-object/-/plugin-syntax-private-property-in-object-7.14.5.tgz 0ms (cache hit)
691 http cache @babel/plugin-syntax-optional-chaining@https://registry.npmjs.org/@babel/plugin-syntax-optional-chaining/-/plugin-syntax-optional-chaining-7.8.3.tgz 0ms (cache hit)
692 http cache @babel/plugin-syntax-top-level-await@https://registry.npmjs.org/@babel/plugin-syntax-top-level-await/-/plugin-syntax-top-level-await-7.14.5.tgz 0ms (cache hit)
693 http cache @babel/plugin-syntax-numeric-separator@https://registry.npmjs.org/@babel/plugin-syntax-numeric-separator/-/plugin-syntax-numeric-separator-7.10.4.tgz 0ms (cache hit)
694 http cache @babel/plugin-syntax-optional-catch-binding@https://registry.npmjs.org/@babel/plugin-syntax-optional-catch-binding/-/plugin-syntax-optional-catch-binding-7.8.3.tgz 0ms (cache hit)
695 http cache @babel/plugin-syntax-nullish-coalescing-operator@https://registry.npmjs.org/@babel/plugin-syntax-nullish-coalescing-operator/-/plugin-syntax-nullish-coalescing-operator-7.8.3.tgz 0ms (cache hit)
696 http cache @babel/plugin-syntax-object-rest-spread@https://registry.npmjs.org/@babel/plugin-syntax-object-rest-spread/-/plugin-syntax-object-rest-spread-7.8.3.tgz 0ms (cache hit)
697 http cache @babel/plugin-syntax-logical-assignment-operators@https://registry.npmjs.org/@babel/plugin-syntax-logical-assignment-operators/-/plugin-syntax-logical-assignment-operators-7.10.4.tgz 0ms (cache hit)
698 http cache @babel/plugin-syntax-jsx@https://registry.npmjs.org/@babel/plugin-syntax-jsx/-/plugin-syntax-jsx-7.27.1.tgz 0ms (cache hit)
699 http cache @babel/plugin-syntax-json-strings@https://registry.npmjs.org/@babel/plugin-syntax-json-strings/-/plugin-syntax-json-strings-7.8.3.tgz 0ms (cache hit)
700 http cache @babel/plugin-syntax-import-meta@https://registry.npmjs.org/@babel/plugin-syntax-import-meta/-/plugin-syntax-import-meta-7.10.4.tgz 0ms (cache hit)
701 http cache @babel/plugin-syntax-import-attributes@https://registry.npmjs.org/@babel/plugin-syntax-import-attributes/-/plugin-syntax-import-attributes-7.27.1.tgz 0ms (cache hit)
702 http cache @babel/plugin-syntax-class-properties@https://registry.npmjs.org/@babel/plugin-syntax-class-properties/-/plugin-syntax-class-properties-7.12.13.tgz 0ms (cache hit)
703 http cache @babel/plugin-syntax-async-generators@https://registry.npmjs.org/@babel/plugin-syntax-async-generators/-/plugin-syntax-async-generators-7.8.4.tgz 0ms (cache hit)
704 http cache @babel/parser@https://registry.npmjs.org/@babel/parser/-/parser-7.28.5.tgz 0ms (cache hit)
705 http cache @babel/plugin-syntax-class-static-block@https://registry.npmjs.org/@babel/plugin-syntax-class-static-block/-/plugin-syntax-class-static-block-7.14.5.tgz 0ms (cache hit)
706 http cache @babel/plugin-syntax-bigint@https://registry.npmjs.org/@babel/plugin-syntax-bigint/-/plugin-syntax-bigint-7.8.3.tgz 0ms (cache hit)
707 http cache @babel/helpers@https://registry.npmjs.org/@babel/helpers/-/helpers-7.28.4.tgz 0ms (cache hit)
708 http cache @babel/helper-validator-option@https://registry.npmjs.org/@babel/helper-validator-option/-/helper-validator-option-7.27.1.tgz 0ms (cache hit)
709 http cache @babel/helper-string-parser@https://registry.npmjs.org/@babel/helper-string-parser/-/helper-string-parser-7.27.1.tgz 0ms (cache hit)
710 http cache @babel/helper-validator-identifier@https://registry.npmjs.org/@babel/helper-validator-identifier/-/helper-validator-identifier-7.28.5.tgz 0ms (cache hit)
711 http cache @babel/helper-plugin-utils@https://registry.npmjs.org/@babel/helper-plugin-utils/-/helper-plugin-utils-7.27.1.tgz 0ms (cache hit)
712 http cache @babel/helper-module-transforms@https://registry.npmjs.org/@babel/helper-module-transforms/-/helper-module-transforms-7.28.3.tgz 0ms (cache hit)
713 http cache @babel/helper-module-imports@https://registry.npmjs.org/@babel/helper-module-imports/-/helper-module-imports-7.27.1.tgz 0ms (cache hit)
714 http cache @babel/helper-globals@https://registry.npmjs.org/@babel/helper-globals/-/helper-globals-7.28.0.tgz 0ms (cache hit)
715 http cache @babel/helper-compilation-targets@https://registry.npmjs.org/@babel/helper-compilation-targets/-/helper-compilation-targets-7.27.2.tgz 0ms (cache hit)
716 http cache @babel/generator@https://registry.npmjs.org/@babel/generator/-/generator-7.28.5.tgz 0ms (cache hit)
717 http cache @babel/core@https://registry.npmjs.org/@babel/core/-/core-7.28.5.tgz 0ms (cache hit)
718 http cache @babel/compat-data@https://registry.npmjs.org/@babel/compat-data/-/compat-data-7.28.5.tgz 0ms (cache hit)
719 http cache @babel/code-frame@https://registry.npmjs.org/@babel/code-frame/-/code-frame-7.27.1.tgz 0ms (cache hit)
720 http cache strip-ansi@https://registry.npmjs.org/strip-ansi/-/strip-ansi-6.0.1.tgz 0ms (cache hit)
721 http cache string-width@https://registry.npmjs.org/string-width/-/string-width-4.2.3.tgz 0ms (cache hit)
722 http cache string-width@https://registry.npmjs.org/string-width/-/string-width-4.2.3.tgz 0ms (cache hit)
723 http cache emoji-regex@https://registry.npmjs.org/emoji-regex/-/emoji-regex-8.0.0.tgz 0ms (cache hit)
724 http cache ansi-regex@https://registry.npmjs.org/ansi-regex/-/ansi-regex-5.0.1.tgz 0ms (cache hit)
725 http cache strip-ansi@https://registry.npmjs.org/strip-ansi/-/strip-ansi-6.0.1.tgz 0ms (cache hit)
726 http cache emoji-regex@https://registry.npmjs.org/emoji-regex/-/emoji-regex-8.0.0.tgz 0ms (cache hit)
727 http cache ansi-regex@https://registry.npmjs.org/ansi-regex/-/ansi-regex-5.0.1.tgz 0ms (cache hit)
728 http cache ansi-styles@https://registry.npmjs.org/ansi-styles/-/ansi-styles-4.3.0.tgz 0ms (cache hit)
729 http cache picomatch@https://registry.npmjs.org/picomatch/-/picomatch-4.0.3.tgz 0ms (cache hit)
730 http cache picomatch@https://registry.npmjs.org/picomatch/-/picomatch-4.0.3.tgz 0ms (cache hit)
731 http cache ansi-styles@https://registry.npmjs.org/ansi-styles/-/ansi-styles-6.2.3.tgz 0ms (cache hit)
732 http cache fdir@https://registry.npmjs.org/fdir/-/fdir-6.5.0.tgz 0ms (cache hit)
733 http cache type-fest@https://registry.npmjs.org/type-fest/-/type-fest-4.41.0.tgz 0ms (cache hit)
734 http cache fdir@https://registry.npmjs.org/fdir/-/fdir-6.5.0.tgz 0ms (cache hit)
735 http cache semver@https://registry.npmjs.org/semver/-/semver-7.7.3.tgz 0ms (cache hit)
736 http cache picomatch@https://registry.npmjs.org/picomatch/-/picomatch-4.0.3.tgz 0ms (cache hit)
737 http cache glob@https://registry.npmjs.org/glob/-/glob-7.2.3.tgz 0ms (cache hit)
738 http cache readable-stream@https://registry.npmjs.org/readable-stream/-/readable-stream-3.6.2.tgz 0ms (cache hit)
739 http cache is-stream@https://registry.npmjs.org/is-stream/-/is-stream-3.0.0.tgz 0ms (cache hit)
740 http cache type-fest@https://registry.npmjs.org/type-fest/-/type-fest-2.19.0.tgz 0ms (cache hit)
741 http cache ansi-regex@https://registry.npmjs.org/ansi-regex/-/ansi-regex-5.0.1.tgz 0ms (cache hit)
742 http cache chownr@https://registry.npmjs.org/chownr/-/chownr-1.1.4.tgz 0ms (cache hit)
743 http cache ansi-regex@https://registry.npmjs.org/ansi-regex/-/ansi-regex-5.0.1.tgz 0ms (cache hit)
744 http cache emoji-regex@https://registry.npmjs.org/emoji-regex/-/emoji-regex-8.0.0.tgz 0ms (cache hit)
745 http cache ansi-regex@https://registry.npmjs.org/ansi-regex/-/ansi-regex-5.0.1.tgz 0ms (cache hit)
746 http cache strip-ansi@https://registry.npmjs.org/strip-ansi/-/strip-ansi-6.0.1.tgz 0ms (cache hit)
747 http cache safe-buffer@https://registry.npmjs.org/safe-buffer/-/safe-buffer-5.1.2.tgz 0ms (cache hit)
748 http cache escape-string-regexp@https://registry.npmjs.org/escape-string-regexp/-/escape-string-regexp-2.0.0.tgz 0ms (cache hit)
749 http cache supports-color@https://registry.npmjs.org/supports-color/-/supports-color-5.5.0.tgz 0ms (cache hit)
750 http cache has-flag@https://registry.npmjs.org/has-flag/-/has-flag-3.0.0.tgz 0ms (cache hit)
751 http cache figures@https://registry.npmjs.org/figures/-/figures-2.0.0.tgz 0ms (cache hit)
752 http cache color-name@https://registry.npmjs.org/color-name/-/color-name-1.1.3.tgz 0ms (cache hit)
753 http cache color-convert@https://registry.npmjs.org/color-convert/-/color-convert-1.9.3.tgz 0ms (cache hit)
754 http cache strip-final-newline@https://registry.npmjs.org/strip-final-newline/-/strip-final-newline-4.0.0.tgz 0ms (cache hit)
755 http cache escape-string-regexp@https://registry.npmjs.org/escape-string-regexp/-/escape-string-regexp-1.0.5.tgz 0ms (cache hit)
756 http cache semver@https://registry.npmjs.org/semver/-/semver-7.7.4.tgz 0ms (cache hit)
757 http cache semver@https://registry.npmjs.org/semver/-/semver-7.7.3.tgz 0ms (cache hit)
758 http cache chalk@https://registry.npmjs.org/chalk/-/chalk-2.4.2.tgz 0ms (cache hit)
759 http cache ansi-styles@https://registry.npmjs.org/ansi-styles/-/ansi-styles-3.2.1.tgz 0ms (cache hit)
760 http cache resolve-from@https://registry.npmjs.org/resolve-from/-/resolve-from-5.0.0.tgz 0ms (cache hit)
761 http cache path-key@https://registry.npmjs.org/path-key/-/path-key-4.0.0.tgz 0ms (cache hit)
762 http cache p-reduce@https://registry.npmjs.org/p-reduce/-/p-reduce-3.0.0.tgz 0ms (cache hit)
763 http cache npm-run-path@https://registry.npmjs.org/npm-run-path/-/npm-run-path-6.0.0.tgz 0ms (cache hit)
764 http cache meow@https://registry.npmjs.org/meow/-/meow-13.2.0.tgz 0ms (cache hit)
765 http cache lru-cache@https://registry.npmjs.org/lru-cache/-/lru-cache-10.4.3.tgz 0ms (cache hit)
766 http cache is-stream@https://registry.npmjs.org/is-stream/-/is-stream-4.0.1.tgz 0ms (cache hit)
767 http cache indent-string@https://registry.npmjs.org/indent-string/-/indent-string-5.0.0.tgz 0ms (cache hit)
768 http cache import-from-esm@https://registry.npmjs.org/import-from-esm/-/import-from-esm-2.0.0.tgz 0ms (cache hit)
769 http cache human-signals@https://registry.npmjs.org/human-signals/-/human-signals-8.0.1.tgz 0ms (cache hit)
770 http cache hosted-git-info@https://registry.npmjs.org/hosted-git-info/-/hosted-git-info-8.1.0.tgz 0ms (cache hit)
771 http cache fast-content-type-parse@https://registry.npmjs.org/fast-content-type-parse/-/fast-content-type-parse-3.0.0.tgz 0ms (cache hit)
772 http cache get-stream@https://registry.npmjs.org/get-stream/-/get-stream-9.0.1.tgz 0ms (cache hit)
773 http cache execa@https://registry.npmjs.org/execa/-/execa-9.6.1.tgz 1ms (cache hit)
774 http cache escape-string-regexp@https://registry.npmjs.org/escape-string-regexp/-/escape-string-regexp-5.0.0.tgz 0ms (cache hit)
775 http cache conventional-commits-parser@https://registry.npmjs.org/conventional-commits-parser/-/conventional-commits-parser-6.2.1.tgz 0ms (cache hit)
776 http cache conventional-commits-filter@https://registry.npmjs.org/conventional-commits-filter/-/conventional-commits-filter-5.0.0.tgz 0ms (cache hit)
777 http cache conventional-changelog-writer@https://registry.npmjs.org/conventional-changelog-writer/-/conventional-changelog-writer-8.2.0.tgz 0ms (cache hit)
778 http cache conventional-changelog-angular@https://registry.npmjs.org/conventional-changelog-angular/-/conventional-changelog-angular-8.1.0.tgz 0ms (cache hit)
779 http cache @semantic-release/release-notes-generator@https://registry.npmjs.org/@semantic-release/release-notes-generator/-/release-notes-generator-14.1.0.tgz 0ms (cache hit)
780 http cache clean-stack@https://registry.npmjs.org/clean-stack/-/clean-stack-5.3.0.tgz 0ms (cache hit)
781 http cache before-after-hook@https://registry.npmjs.org/before-after-hook/-/before-after-hook-4.0.0.tgz 0ms (cache hit)
782 http cache aggregate-error@https://registry.npmjs.org/aggregate-error/-/aggregate-error-5.0.0.tgz 0ms (cache hit)
783 http cache @sindresorhus/merge-streams@https://registry.npmjs.org/@sindresorhus/merge-streams/-/merge-streams-4.0.0.tgz 0ms (cache hit)
784 http cache get-stream@https://registry.npmjs.org/get-stream/-/get-stream-7.0.1.tgz 0ms (cache hit)
785 http cache @semantic-release/github@https://registry.npmjs.org/@semantic-release/github/-/github-11.0.6.tgz 0ms (cache hit)
786 http cache @semantic-release/error@https://registry.npmjs.org/@semantic-release/error/-/error-4.0.0.tgz 0ms (cache hit)
787 http cache @semantic-release/commit-analyzer@https://registry.npmjs.org/@semantic-release/commit-analyzer/-/commit-analyzer-13.0.1.tgz 0ms (cache hit)
788 http cache @octokit/types@https://registry.npmjs.org/@octokit/types/-/types-16.0.0.tgz 0ms (cache hit)
789 http cache @octokit/request-error@https://registry.npmjs.org/@octokit/request-error/-/request-error-7.1.0.tgz 0ms (cache hit)
790 http cache @octokit/plugin-throttling@https://registry.npmjs.org/@octokit/plugin-throttling/-/plugin-throttling-11.0.3.tgz 0ms (cache hit)
791 http cache @octokit/request@https://registry.npmjs.org/@octokit/request/-/request-10.0.8.tgz 0ms (cache hit)
792 http cache @octokit/plugin-retry@https://registry.npmjs.org/@octokit/plugin-retry/-/plugin-retry-8.1.0.tgz 0ms (cache hit)
793 http cache @octokit/plugin-paginate-rest@https://registry.npmjs.org/@octokit/plugin-paginate-rest/-/plugin-paginate-rest-13.2.1.tgz 0ms (cache hit)
794 http cache @octokit/openapi-types@https://registry.npmjs.org/@octokit/openapi-types/-/openapi-types-27.0.0.tgz 0ms (cache hit)
795 http cache @octokit/types@https://registry.npmjs.org/@octokit/types/-/types-15.0.2.tgz 0ms (cache hit)
796 http cache @octokit/openapi-types@https://registry.npmjs.org/@octokit/openapi-types/-/openapi-types-26.0.0.tgz 0ms (cache hit)
797 http cache @octokit/graphql@https://registry.npmjs.org/@octokit/graphql/-/graphql-9.0.3.tgz 0ms (cache hit)
798 http cache @octokit/endpoint@https://registry.npmjs.org/@octokit/endpoint/-/endpoint-11.0.3.tgz 0ms (cache hit)
799 http cache @octokit/core@https://registry.npmjs.org/@octokit/core/-/core-7.0.6.tgz 0ms (cache hit)
800 http cache @octokit/auth-token@https://registry.npmjs.org/@octokit/auth-token/-/auth-token-6.0.0.tgz 0ms (cache hit)
801 http cache resolve-from@https://registry.npmjs.org/resolve-from/-/resolve-from-5.0.0.tgz 0ms (cache hit)
802 http cache safe-buffer@https://registry.npmjs.org/safe-buffer/-/safe-buffer-5.1.2.tgz 0ms (cache hit)
803 http cache type-fest@https://registry.npmjs.org/type-fest/-/type-fest-4.41.0.tgz 0ms (cache hit)
804 http cache type-fest@https://registry.npmjs.org/type-fest/-/type-fest-4.41.0.tgz 0ms (cache hit)
805 http cache strip-json-comments@https://registry.npmjs.org/strip-json-comments/-/strip-json-comments-2.0.1.tgz 0ms (cache hit)
806 http cache unicorn-magic@https://registry.npmjs.org/unicorn-magic/-/unicorn-magic-0.1.0.tgz 0ms (cache hit)
807 http cache type-fest@https://registry.npmjs.org/type-fest/-/type-fest-4.41.0.tgz 0ms (cache hit)
808 http cache parse-json@https://registry.npmjs.org/parse-json/-/parse-json-8.3.0.tgz 0ms (cache hit)
809 http cache path-exists@https://registry.npmjs.org/path-exists/-/path-exists-3.0.0.tgz 0ms (cache hit)
810 http cache locate-path@https://registry.npmjs.org/locate-path/-/locate-path-5.0.0.tgz 0ms (cache hit)
811 http cache p-locate@https://registry.npmjs.org/p-locate/-/p-locate-4.1.0.tgz 0ms (cache hit)
812 http cache find-up@https://registry.npmjs.org/find-up/-/find-up-4.1.0.tgz 0ms (cache hit)
813 http cache p-limit@https://registry.npmjs.org/p-limit/-/p-limit-2.3.0.tgz 0ms (cache hit)
814 http cache p-try@https://registry.npmjs.org/p-try/-/p-try-1.0.0.tgz 0ms (cache hit)
815 http cache p-locate@https://registry.npmjs.org/p-locate/-/p-locate-2.0.0.tgz 0ms (cache hit)
816 http cache p-limit@https://registry.npmjs.org/p-limit/-/p-limit-1.3.0.tgz 0ms (cache hit)
817 http cache lru-cache@https://registry.npmjs.org/lru-cache/-/lru-cache-10.4.3.tgz 0ms (cache hit)
818 http cache locate-path@https://registry.npmjs.org/locate-path/-/locate-path-2.0.0.tgz 0ms (cache hit)
819 http cache find-up@https://registry.npmjs.org/find-up/-/find-up-2.1.0.tgz 0ms (cache hit)
820 http cache p-map@https://registry.npmjs.org/p-map/-/p-map-7.0.4.tgz 0ms (cache hit)
821 http cache parse5@https://registry.npmjs.org/parse5/-/parse5-6.0.1.tgz 0ms (cache hit)
822 http cache semver@https://registry.npmjs.org/semver/-/semver-7.7.3.tgz 0ms (cache hit)
823 http cache semver@https://registry.npmjs.org/semver/-/semver-7.7.3.tgz 0ms (cache hit)
824 http cache ansi-escapes@https://registry.npmjs.org/ansi-escapes/-/ansi-escapes-7.3.0.tgz 0ms (cache hit)
825 http cache semver@https://registry.npmjs.org/semver/-/semver-7.7.3.tgz 0ms (cache hit)
826 http cache lru-cache@https://registry.npmjs.org/lru-cache/-/lru-cache-7.18.3.tgz 0ms (cache hit)
827 http cache strip-bom@https://registry.npmjs.org/strip-bom/-/strip-bom-3.0.0.tgz 0ms (cache hit)
828 http cache type-fest@https://registry.npmjs.org/type-fest/-/type-fest-4.41.0.tgz 0ms (cache hit)
829 http cache supports-color@https://registry.npmjs.org/supports-color/-/supports-color-8.1.1.tgz 0ms (cache hit)
830 http cache parse-json@https://registry.npmjs.org/parse-json/-/parse-json-4.0.0.tgz 0ms (cache hit)
831 http cache chalk@https://registry.npmjs.org/chalk/-/chalk-4.1.2.tgz 0ms (cache hit)
832 http cache ansi-styles@https://registry.npmjs.org/ansi-styles/-/ansi-styles-4.3.0.tgz 0ms (cache hit)
833 http cache picomatch@https://registry.npmjs.org/picomatch/-/picomatch-4.0.3.tgz 0ms (cache hit)
834 http cache chalk@https://registry.npmjs.org/chalk/-/chalk-4.1.2.tgz 0ms (cache hit)
835 http cache camelcase@https://registry.npmjs.org/camelcase/-/camelcase-6.3.0.tgz 0ms (cache hit)
836 http cache ansi-styles@https://registry.npmjs.org/ansi-styles/-/ansi-styles-4.3.0.tgz 0ms (cache hit)
837 http cache chalk@https://registry.npmjs.org/chalk/-/chalk-4.1.2.tgz 0ms (cache hit)
838 http cache ansi-styles@https://registry.npmjs.org/ansi-styles/-/ansi-styles-4.3.0.tgz 0ms (cache hit)
839 http cache semver@https://registry.npmjs.org/semver/-/semver-7.7.3.tgz 0ms (cache hit)
840 http cache chalk@https://registry.npmjs.org/chalk/-/chalk-4.1.2.tgz 0ms (cache hit)
841 http cache chalk@https://registry.npmjs.org/chalk/-/chalk-4.1.2.tgz 0ms (cache hit)
842 http cache ansi-styles@https://registry.npmjs.org/ansi-styles/-/ansi-styles-4.3.0.tgz 0ms (cache hit)
843 http cache chalk@https://registry.npmjs.org/chalk/-/chalk-4.1.2.tgz 0ms (cache hit)
844 http cache ansi-styles@https://registry.npmjs.org/ansi-styles/-/ansi-styles-4.3.0.tgz 0ms (cache hit)
845 http cache ansi-styles@https://registry.npmjs.org/ansi-styles/-/ansi-styles-4.3.0.tgz 0ms (cache hit)
846 http cache ansi-styles@https://registry.npmjs.org/ansi-styles/-/ansi-styles-4.3.0.tgz 0ms (cache hit)
847 http cache chalk@https://registry.npmjs.org/chalk/-/chalk-4.1.2.tgz 0ms (cache hit)
848 http cache chalk@https://registry.npmjs.org/chalk/-/chalk-4.1.2.tgz 0ms (cache hit)
849 http cache ansi-styles@https://registry.npmjs.org/ansi-styles/-/ansi-styles-4.3.0.tgz 0ms (cache hit)
850 http cache chalk@https://registry.npmjs.org/chalk/-/chalk-4.1.2.tgz 0ms (cache hit)
851 http cache chalk@https://registry.npmjs.org/chalk/-/chalk-4.1.2.tgz 0ms (cache hit)
852 http cache ansi-styles@https://registry.npmjs.org/ansi-styles/-/ansi-styles-4.3.0.tgz 0ms (cache hit)
853 http cache ansi-styles@https://registry.npmjs.org/ansi-styles/-/ansi-styles-4.3.0.tgz 0ms (cache hit)
854 http cache ansi-styles@https://registry.npmjs.org/ansi-styles/-/ansi-styles-4.3.0.tgz 0ms (cache hit)
855 http cache chalk@https://registry.npmjs.org/chalk/-/chalk-4.1.2.tgz 0ms (cache hit)
856 http cache ansi-styles@https://registry.npmjs.org/ansi-styles/-/ansi-styles-4.3.0.tgz 0ms (cache hit)
857 http cache chalk@https://registry.npmjs.org/chalk/-/chalk-4.1.2.tgz 0ms (cache hit)
858 http cache ansi-styles@https://registry.npmjs.org/ansi-styles/-/ansi-styles-4.3.0.tgz 0ms (cache hit)
859 http cache chalk@https://registry.npmjs.org/chalk/-/chalk-4.1.2.tgz 0ms (cache hit)
860 http cache ansi-styles@https://registry.npmjs.org/ansi-styles/-/ansi-styles-4.3.0.tgz 0ms (cache hit)
861 http cache chalk@https://registry.npmjs.org/chalk/-/chalk-4.1.2.tgz 0ms (cache hit)
862 http cache semver@https://registry.npmjs.org/semver/-/semver-7.7.3.tgz 0ms (cache hit)
863 http cache statuses@https://registry.npmjs.org/statuses/-/statuses-2.0.1.tgz 0ms (cache hit)
864 http cache lru-cache@https://registry.npmjs.org/lru-cache/-/lru-cache-10.4.3.tgz 0ms (cache hit)
865 http cache slash@https://registry.npmjs.org/slash/-/slash-5.1.0.tgz 0ms (cache hit)
866 http cache minimatch@https://registry.npmjs.org/minimatch/-/minimatch-9.0.9.tgz 0ms (cache hit)
867 http cache ignore@https://registry.npmjs.org/ignore/-/ignore-7.0.5.tgz 0ms (cache hit)
868 http cache path-type@https://registry.npmjs.org/path-type/-/path-type-6.0.0.tgz 0ms (cache hit)
869 http cache split2@https://registry.npmjs.org/split2/-/split2-1.0.0.tgz 0ms (cache hit)
870 http cache signal-exit@https://registry.npmjs.org/signal-exit/-/signal-exit-3.0.7.tgz 0ms (cache hit)
871 http cache brace-expansion@https://registry.npmjs.org/brace-expansion/-/brace-expansion-2.0.2.tgz 0ms (cache hit)
872 http cache glob-parent@https://registry.npmjs.org/glob-parent/-/glob-parent-5.1.2.tgz 0ms (cache hit)
873 http cache ansi-styles@https://registry.npmjs.org/ansi-styles/-/ansi-styles-4.3.0.tgz 0ms (cache hit)
874 http cache chalk@https://registry.npmjs.org/chalk/-/chalk-4.1.2.tgz 0ms (cache hit)
875 http cache strip-final-newline@https://registry.npmjs.org/strip-final-newline/-/strip-final-newline-3.0.0.tgz 0ms (cache hit)
876 http cache commander@https://registry.npmjs.org/commander/-/commander-14.0.2.tgz 0ms (cache hit)
877 http cache path-key@https://registry.npmjs.org/path-key/-/path-key-4.0.0.tgz 0ms (cache hit)
878 http cache onetime@https://registry.npmjs.org/onetime/-/onetime-6.0.0.tgz 0ms (cache hit)
879 http cache npm-run-path@https://registry.npmjs.org/npm-run-path/-/npm-run-path-5.3.0.tgz 0ms (cache hit)
880 http cache mimic-fn@https://registry.npmjs.org/mimic-fn/-/mimic-fn-4.0.0.tgz 0ms (cache hit)
881 http cache is-stream@https://registry.npmjs.org/is-stream/-/is-stream-3.0.0.tgz 0ms (cache hit)
882 http cache get-stream@https://registry.npmjs.org/get-stream/-/get-stream-8.0.1.tgz 0ms (cache hit)
883 http cache execa@https://registry.npmjs.org/execa/-/execa-8.0.1.tgz 0ms (cache hit)
884 http cache human-signals@https://registry.npmjs.org/human-signals/-/human-signals-5.0.0.tgz 0ms (cache hit)
885 http cache type-fest@https://registry.npmjs.org/type-fest/-/type-fest-1.4.0.tgz 0ms (cache hit)
886 http cache semver@https://registry.npmjs.org/semver/-/semver-7.7.3.tgz 0ms (cache hit)
887 http cache wrap-ansi@https://registry.npmjs.org/wrap-ansi/-/wrap-ansi-7.0.0.tgz 0ms (cache hit)
888 http cache strip-ansi@https://registry.npmjs.org/strip-ansi/-/strip-ansi-6.0.1.tgz 0ms (cache hit)
889 http cache string-width@https://registry.npmjs.org/string-width/-/string-width-4.2.3.tgz 0ms (cache hit)
890 http cache emoji-regex@https://registry.npmjs.org/emoji-regex/-/emoji-regex-8.0.0.tgz 0ms (cache hit)
891 http cache ansi-regex@https://registry.npmjs.org/ansi-regex/-/ansi-regex-5.0.1.tgz 0ms (cache hit)
892 http cache ansi-styles@https://registry.npmjs.org/ansi-styles/-/ansi-styles-4.3.0.tgz 0ms (cache hit)
893 http cache strip-ansi@https://registry.npmjs.org/strip-ansi/-/strip-ansi-6.0.1.tgz 1ms (cache hit)
894 http cache string-width@https://registry.npmjs.org/string-width/-/string-width-4.2.3.tgz 0ms (cache hit)
895 http cache yargs-parser@https://registry.npmjs.org/yargs-parser/-/yargs-parser-20.2.9.tgz 0ms (cache hit)
896 http cache ansi-regex@https://registry.npmjs.org/ansi-regex/-/ansi-regex-5.0.1.tgz 0ms (cache hit)
897 http cache emoji-regex@https://registry.npmjs.org/emoji-regex/-/emoji-regex-8.0.0.tgz 0ms (cache hit)
898 http cache yargs@https://registry.npmjs.org/yargs/-/yargs-16.2.0.tgz 0ms (cache hit)
899 http cache string-width@https://registry.npmjs.org/string-width/-/string-width-4.2.3.tgz 0ms (cache hit)
900 http cache wrap-ansi@https://registry.npmjs.org/wrap-ansi/-/wrap-ansi-7.0.0.tgz 0ms (cache hit)
901 http cache strip-ansi@https://registry.npmjs.org/strip-ansi/-/strip-ansi-6.0.1.tgz 0ms (cache hit)
902 http cache cliui@https://registry.npmjs.org/cliui/-/cliui-7.0.4.tgz 0ms (cache hit)
903 http cache emoji-regex@https://registry.npmjs.org/emoji-regex/-/emoji-regex-8.0.0.tgz 0ms (cache hit)
904 http cache chalk@https://registry.npmjs.org/chalk/-/chalk-4.1.2.tgz 0ms (cache hit)
905 http cache ansi-styles@https://registry.npmjs.org/ansi-styles/-/ansi-styles-4.3.0.tgz 0ms (cache hit)
906 http cache ansi-regex@https://registry.npmjs.org/ansi-regex/-/ansi-regex-5.0.1.tgz 0ms (cache hit)
907 http cache readable-stream@https://registry.npmjs.org/readable-stream/-/readable-stream-3.6.2.tgz 0ms (cache hit)
908 http cache negotiator@https://registry.npmjs.org/negotiator/-/negotiator-1.0.0.tgz 0ms (cache hit)
909 http cache chalk@https://registry.npmjs.org/chalk/-/chalk-4.1.2.tgz 0ms (cache hit)
910 http cache ansi-styles@https://registry.npmjs.org/ansi-styles/-/ansi-styles-4.3.0.tgz 0ms (cache hit)
911 http cache semver@https://registry.npmjs.org/semver/-/semver-7.7.3.tgz 0ms (cache hit)
912 http cache ignore@https://registry.npmjs.org/ignore/-/ignore-7.0.5.tgz 0ms (cache hit)
913 http cache get-stream@https://registry.npmjs.org/get-stream/-/get-stream-7.0.1.tgz 0ms (cache hit)
914 http cache brace-expansion@https://registry.npmjs.org/brace-expansion/-/brace-expansion-2.0.2.tgz 0ms (cache hit)
915 http cache minimatch@https://registry.npmjs.org/minimatch/-/minimatch-9.0.9.tgz 0ms (cache hit)
916 http cache strip-final-newline@https://registry.npmjs.org/strip-final-newline/-/strip-final-newline-4.0.0.tgz 0ms (cache hit)
917 http cache semver@https://registry.npmjs.org/semver/-/semver-7.7.4.tgz 0ms (cache hit)
918 http cache path-key@https://registry.npmjs.org/path-key/-/path-key-4.0.0.tgz 0ms (cache hit)
919 http cache is-stream@https://registry.npmjs.org/is-stream/-/is-stream-4.0.1.tgz 0ms (cache hit)
920 http cache npm-run-path@https://registry.npmjs.org/npm-run-path/-/npm-run-path-6.0.0.tgz 0ms (cache hit)
921 http cache indent-string@https://registry.npmjs.org/indent-string/-/indent-string-5.0.0.tgz 0ms (cache hit)
922 http cache human-signals@https://registry.npmjs.org/human-signals/-/human-signals-8.0.1.tgz 0ms (cache hit)
923 http cache get-stream@https://registry.npmjs.org/get-stream/-/get-stream-9.0.1.tgz 0ms (cache hit)
924 http cache escape-string-regexp@https://registry.npmjs.org/escape-string-regexp/-/escape-string-regexp-5.0.0.tgz 0ms (cache hit)
925 http cache execa@https://registry.npmjs.org/execa/-/execa-9.6.1.tgz 0ms (cache hit)
926 http cache aggregate-error@https://registry.npmjs.org/aggregate-error/-/aggregate-error-5.0.0.tgz 0ms (cache hit)
927 http cache @semantic-release/error@https://registry.npmjs.org/@semantic-release/error/-/error-4.0.0.tgz 0ms (cache hit)
928 http cache clean-stack@https://registry.npmjs.org/clean-stack/-/clean-stack-5.3.0.tgz 0ms (cache hit)
929 http cache @sindresorhus/merge-streams@https://registry.npmjs.org/@sindresorhus/merge-streams/-/merge-streams-4.0.0.tgz 0ms (cache hit)
930 http cache escape-string-regexp@https://registry.npmjs.org/escape-string-regexp/-/escape-string-regexp-5.0.0.tgz 0ms (cache hit)
931 http cache clean-stack@https://registry.npmjs.org/clean-stack/-/clean-stack-5.3.0.tgz 0ms (cache hit)
932 http cache aggregate-error@https://registry.npmjs.org/aggregate-error/-/aggregate-error-5.0.0.tgz 0ms (cache hit)
933 http cache indent-string@https://registry.npmjs.org/indent-string/-/indent-string-5.0.0.tgz 0ms (cache hit)
934 http cache graceful-fs@https://registry.npmjs.org/graceful-fs/-/graceful-fs-4.2.10.tgz 0ms (cache hit)
935 http cache @semantic-release/error@https://registry.npmjs.org/@semantic-release/error/-/error-4.0.0.tgz 0ms (cache hit)
936 http cache @octokit/openapi-types@https://registry.npmjs.org/@octokit/openapi-types/-/openapi-types-24.2.0.tgz 0ms (cache hit)
937 http cache @octokit/types@https://registry.npmjs.org/@octokit/types/-/types-13.10.0.tgz 0ms (cache hit)
938 http cache @octokit/types@https://registry.npmjs.org/@octokit/types/-/types-13.10.0.tgz 0ms (cache hit)
939 http cache @octokit/openapi-types@https://registry.npmjs.org/@octokit/openapi-types/-/openapi-types-24.2.0.tgz 0ms (cache hit)
940 http cache chalk@https://registry.npmjs.org/chalk/-/chalk-4.1.2.tgz 0ms (cache hit)
941 http cache ansi-styles@https://registry.npmjs.org/ansi-styles/-/ansi-styles-4.3.0.tgz 0ms (cache hit)
942 http cache chalk@https://registry.npmjs.org/chalk/-/chalk-4.1.2.tgz 0ms (cache hit)
943 http cache ansi-styles@https://registry.npmjs.org/ansi-styles/-/ansi-styles-4.3.0.tgz 0ms (cache hit)
944 http cache ansi-styles@https://registry.npmjs.org/ansi-styles/-/ansi-styles-4.3.0.tgz 0ms (cache hit)
945 http cache chalk@https://registry.npmjs.org/chalk/-/chalk-4.1.2.tgz 0ms (cache hit)
946 http cache chalk@https://registry.npmjs.org/chalk/-/chalk-4.1.2.tgz 0ms (cache hit)
947 http cache ansi-styles@https://registry.npmjs.org/ansi-styles/-/ansi-styles-4.3.0.tgz 0ms (cache hit)
948 http cache chalk@https://registry.npmjs.org/chalk/-/chalk-4.1.2.tgz 0ms (cache hit)
949 http cache chalk@https://registry.npmjs.org/chalk/-/chalk-4.1.2.tgz 0ms (cache hit)
950 http cache ansi-styles@https://registry.npmjs.org/ansi-styles/-/ansi-styles-4.3.0.tgz 0ms (cache hit)
951 http cache ansi-styles@https://registry.npmjs.org/ansi-styles/-/ansi-styles-4.3.0.tgz 0ms (cache hit)
952 http cache resolve-from@https://registry.npmjs.org/resolve-from/-/resolve-from-5.0.0.tgz 0ms (cache hit)
953 http cache p-locate@https://registry.npmjs.org/p-locate/-/p-locate-4.1.0.tgz 0ms (cache hit)
954 http cache locate-path@https://registry.npmjs.org/locate-path/-/locate-path-5.0.0.tgz 0ms (cache hit)
955 http cache p-limit@https://registry.npmjs.org/p-limit/-/p-limit-2.3.0.tgz 0ms (cache hit)
956 http cache eslint-visitor-keys@https://registry.npmjs.org/eslint-visitor-keys/-/eslint-visitor-keys-3.4.3.tgz 0ms (cache hit)
957 http cache js-yaml@https://registry.npmjs.org/js-yaml/-/js-yaml-3.14.2.tgz 0ms (cache hit)
958 http cache find-up@https://registry.npmjs.org/find-up/-/find-up-4.1.0.tgz 0ms (cache hit)
959 http cache @jridgewell/trace-mapping@https://registry.npmjs.org/@jridgewell/trace-mapping/-/trace-mapping-0.3.9.tgz 0ms (cache hit)
960 silly tarball no local data for yoctocolors@https://registry.npmjs.org/yoctocolors/-/yoctocolors-2.1.2.tgz. Extracting by manifest.
961 http cache strip-ansi@https://registry.npmjs.org/strip-ansi/-/strip-ansi-6.0.1.tgz 0ms (cache hit)
962 silly tarball no local data for yargs-parser@https://registry.npmjs.org/yargs-parser/-/yargs-parser-21.1.1.tgz. Extracting by manifest.
963 silly tarball no local data for yocto-queue@https://registry.npmjs.org/yocto-queue/-/yocto-queue-0.1.0.tgz. Extracting by manifest.
964 silly tarball no local data for yn@https://registry.npmjs.org/yn/-/yn-3.1.1.tgz. Extracting by manifest.
965 silly tarball no local data for yargs@https://registry.npmjs.org/yargs/-/yargs-17.7.2.tgz. Extracting by manifest.
966 silly tarball no local data for yallist@https://registry.npmjs.org/yallist/-/yallist-3.1.1.tgz. Extracting by manifest.
967 silly tarball no local data for y18n@https://registry.npmjs.org/y18n/-/y18n-5.0.8.tgz. Extracting by manifest.
968 silly tarball no local data for xtend@https://registry.npmjs.org/xtend/-/xtend-4.0.2.tgz. Extracting by manifest.
969 silly tarball no local data for wrappy@https://registry.npmjs.org/wrappy/-/wrappy-1.0.2.tgz. Extracting by manifest.
970 silly tarball no local data for write-file-atomic@https://registry.npmjs.org/write-file-atomic/-/write-file-atomic-5.0.1.tgz. Extracting by manifest.
971 silly tarball no local data for wrap-ansi-cjs@https://registry.npmjs.org/wrap-ansi/-/wrap-ansi-7.0.0.tgz. Extracting by manifest.
972 silly tarball no local data for wordwrap@https://registry.npmjs.org/wordwrap/-/wordwrap-1.0.0.tgz. Extracting by manifest.
973 silly tarball no local data for wrap-ansi@https://registry.npmjs.org/wrap-ansi/-/wrap-ansi-8.1.0.tgz. Extracting by manifest.
974 silly tarball no local data for word-wrap@https://registry.npmjs.org/word-wrap/-/word-wrap-1.2.5.tgz. Extracting by manifest.
975 silly tarball no local data for why-is-node-running@https://registry.npmjs.org/why-is-node-running/-/why-is-node-running-2.3.0.tgz. Extracting by manifest.
976 silly tarball no local data for which@https://registry.npmjs.org/which/-/which-2.0.2.tgz. Extracting by manifest.
977 silly tarball no local data for whatwg-url@https://registry.npmjs.org/whatwg-url/-/whatwg-url-14.2.0.tgz. Extracting by manifest.
978 silly tarball no local data for webidl-conversions@https://registry.npmjs.org/webidl-conversions/-/webidl-conversions-7.0.0.tgz. Extracting by manifest.
979 silly tarball no local data for web-worker@https://registry.npmjs.org/web-worker/-/web-worker-1.2.0.tgz. Extracting by manifest.
980 silly tarball no local data for walker@https://registry.npmjs.org/walker/-/walker-1.0.8.tgz. Extracting by manifest.
981 silly tarball no local data for vitest@https://registry.npmjs.org/vitest/-/vitest-4.0.7.tgz. Extracting by manifest.
982 silly tarball no local data for vary@https://registry.npmjs.org/vary/-/vary-1.1.2.tgz. Extracting by manifest.
983 silly tarball no local data for vite@https://registry.npmjs.org/vite/-/vite-7.2.1.tgz. Extracting by manifest.
984 silly tarball no local data for validate-npm-package-license@https://registry.npmjs.org/validate-npm-package-license/-/validate-npm-package-license-3.0.4.tgz. Extracting by manifest.
985 silly tarball no local data for v8-to-istanbul@https://registry.npmjs.org/v8-to-istanbul/-/v8-to-istanbul-9.3.0.tgz. Extracting by manifest.
986 silly tarball no local data for v8-compile-cache-lib@https://registry.npmjs.org/v8-compile-cache-lib/-/v8-compile-cache-lib-3.0.1.tgz. Extracting by manifest.
987 silly tarball no local data for util-deprecate@https://registry.npmjs.org/util-deprecate/-/util-deprecate-1.0.2.tgz. Extracting by manifest.
988 silly tarball no local data for url-join@https://registry.npmjs.org/url-join/-/url-join-5.0.0.tgz. Extracting by manifest.
989 silly tarball no local data for uri-js@https://registry.npmjs.org/uri-js/-/uri-js-4.4.1.tgz. Extracting by manifest.
990 silly tarball no local data for update-browserslist-db@https://registry.npmjs.org/update-browserslist-db/-/update-browserslist-db-1.1.4.tgz. Extracting by manifest.
991 silly tarball no local data for unrs-resolver@https://registry.npmjs.org/unrs-resolver/-/unrs-resolver-1.11.1.tgz. Extracting by manifest.
992 silly tarball no local data for unpipe@https://registry.npmjs.org/unpipe/-/unpipe-1.0.0.tgz. Extracting by manifest.
993 silly tarball no local data for universalify@https://registry.npmjs.org/universalify/-/universalify-2.0.1.tgz. Extracting by manifest.
994 silly tarball no local data for universal-user-agent@https://registry.npmjs.org/universal-user-agent/-/universal-user-agent-7.0.3.tgz. Extracting by manifest.
995 silly tarball no local data for unique-string@https://registry.npmjs.org/unique-string/-/unique-string-3.0.0.tgz. Extracting by manifest.
996 silly tarball no local data for unicorn-magic@https://registry.npmjs.org/unicorn-magic/-/unicorn-magic-0.3.0.tgz. Extracting by manifest.
997 silly tarball no local data for unicode-emoji-modifier-base@https://registry.npmjs.org/unicode-emoji-modifier-base/-/unicode-emoji-modifier-base-1.0.0.tgz. Extracting by manifest.
998 silly tarball no local data for undici-types@https://registry.npmjs.org/undici-types/-/undici-types-6.21.0.tgz. Extracting by manifest.
999 silly tarball no local data for uglify-js@https://registry.npmjs.org/uglify-js/-/uglify-js-3.19.3.tgz. Extracting by manifest.
1000 silly tarball no local data for typescript@https://registry.npmjs.org/typescript/-/typescript-5.9.3.tgz. Extracting by manifest.
1001 silly tarball no local data for typescript-eslint@https://registry.npmjs.org/typescript-eslint/-/typescript-eslint-8.46.3.tgz. Extracting by manifest.
1002 silly tarball no local data for type-is@https://registry.npmjs.org/type-is/-/type-is-2.0.1.tgz. Extracting by manifest.
1003 silly tarball no local data for type-fest@https://registry.npmjs.org/type-fest/-/type-fest-0.21.3.tgz. Extracting by manifest.
1004 silly tarball no local data for tunnel-agent@https://registry.npmjs.org/tunnel-agent/-/tunnel-agent-0.6.0.tgz. Extracting by manifest.
1005 silly tarball no local data for type-check@https://registry.npmjs.org/type-check/-/type-check-0.4.0.tgz. Extracting by manifest.
1006 silly tarball no local data for tsx@https://registry.npmjs.org/tsx/-/tsx-4.20.6.tgz. Extracting by manifest.
1007 silly tarball no local data for type-detect@https://registry.npmjs.org/type-detect/-/type-detect-4.0.8.tgz. Extracting by manifest.
1008 silly tarball no local data for ts-node@https://registry.npmjs.org/ts-node/-/ts-node-10.9.2.tgz. Extracting by manifest.
1009 silly tarball no local data for ts-jest@https://registry.npmjs.org/ts-jest/-/ts-jest-29.4.5.tgz. Extracting by manifest.
1010 silly tarball no local data for ts-api-utils@https://registry.npmjs.org/ts-api-utils/-/ts-api-utils-2.1.0.tgz. Extracting by manifest.
1011 silly tarball no local data for traverse@https://registry.npmjs.org/traverse/-/traverse-0.6.8.tgz. Extracting by manifest.
1012 silly tarball no local data for toidentifier@https://registry.npmjs.org/toidentifier/-/toidentifier-1.0.1.tgz. Extracting by manifest.
1013 silly tarball no local data for tr46@https://registry.npmjs.org/tr46/-/tr46-5.1.1.tgz. Extracting by manifest.
1014 silly tarball no local data for to-regex-range@https://registry.npmjs.org/to-regex-range/-/to-regex-range-5.0.1.tgz. Extracting by manifest.
1015 silly tarball no local data for tmpl@https://registry.npmjs.org/tmpl/-/tmpl-1.0.5.tgz. Extracting by manifest.
1016 silly tarball no local data for tinyrainbow@https://registry.npmjs.org/tinyrainbow/-/tinyrainbow-3.0.3.tgz. Extracting by manifest.
1017 silly tarball no local data for tinyglobby@https://registry.npmjs.org/tinyglobby/-/tinyglobby-0.2.15.tgz. Extracting by manifest.
1018 silly tarball no local data for tinyexec@https://registry.npmjs.org/tinyexec/-/tinyexec-0.3.2.tgz. Extracting by manifest.
1019 silly tarball no local data for tinybench@https://registry.npmjs.org/tinybench/-/tinybench-2.9.0.tgz. Extracting by manifest.
1020 silly tarball no local data for time-span@https://registry.npmjs.org/time-span/-/time-span-5.1.0.tgz. Extracting by manifest.
1021 silly tarball no local data for through2@https://registry.npmjs.org/through2/-/through2-2.0.5.tgz. Extracting by manifest.
1022 silly tarball no local data for through@https://registry.npmjs.org/through/-/through-2.3.8.tgz. Extracting by manifest.
1023 silly tarball no local data for thenify-all@https://registry.npmjs.org/thenify-all/-/thenify-all-1.6.0.tgz. Extracting by manifest.
1024 silly tarball no local data for thenify@https://registry.npmjs.org/thenify/-/thenify-3.3.1.tgz. Extracting by manifest.
1025 silly tarball no local data for test-exclude@https://registry.npmjs.org/test-exclude/-/test-exclude-6.0.0.tgz. Extracting by manifest.
1026 silly tarball no local data for text-extensions@https://registry.npmjs.org/text-extensions/-/text-extensions-2.4.0.tgz. Extracting by manifest.
1027 silly tarball no local data for tempy@https://registry.npmjs.org/tempy/-/tempy-3.2.0.tgz. Extracting by manifest.
1028 silly tarball no local data for tar-stream@https://registry.npmjs.org/tar-stream/-/tar-stream-2.2.0.tgz. Extracting by manifest.
1029 silly tarball no local data for tar-fs@https://registry.npmjs.org/tar-fs/-/tar-fs-2.1.4.tgz. Extracting by manifest.
1030 silly tarball no local data for temp-dir@https://registry.npmjs.org/temp-dir/-/temp-dir-3.0.0.tgz. Extracting by manifest.
1031 silly tarball no local data for synckit@https://registry.npmjs.org/synckit/-/synckit-0.11.11.tgz. Extracting by manifest.
1032 silly tarball no local data for supports-color@https://registry.npmjs.org/supports-color/-/supports-color-7.2.0.tgz. Extracting by manifest.
1033 silly tarball no local data for supports-hyperlinks@https://registry.npmjs.org/supports-hyperlinks/-/supports-hyperlinks-3.2.0.tgz. Extracting by manifest.
1034 silly tarball no local data for super-regex@https://registry.npmjs.org/super-regex/-/super-regex-1.1.0.tgz. Extracting by manifest.
1035 silly tarball no local data for strip-json-comments@https://registry.npmjs.org/strip-json-comments/-/strip-json-comments-3.1.1.tgz. Extracting by manifest.
1036 silly tarball no local data for strip-final-newline@https://registry.npmjs.org/strip-final-newline/-/strip-final-newline-2.0.0.tgz. Extracting by manifest.
1037 silly tarball no local data for strip-ansi@https://registry.npmjs.org/strip-ansi/-/strip-ansi-7.1.2.tgz. Extracting by manifest.
1038 silly tarball no local data for strip-bom@https://registry.npmjs.org/strip-bom/-/strip-bom-4.0.0.tgz. Extracting by manifest.
1039 http cache argparse@https://registry.npmjs.org/argparse/-/argparse-1.0.10.tgz 0ms (cache hit)
1040 silly tarball no local data for strip-ansi-cjs@https://registry.npmjs.org/strip-ansi/-/strip-ansi-6.0.1.tgz. Extracting by manifest.
1041 silly tarball no local data for string-width-cjs@https://registry.npmjs.org/string-width/-/string-width-4.2.3.tgz. Extracting by manifest.
1042 silly tarball no local data for string-width@https://registry.npmjs.org/string-width/-/string-width-5.1.2.tgz. Extracting by manifest.
1043 silly tarball no local data for string_decoder@https://registry.npmjs.org/string_decoder/-/string_decoder-1.1.1.tgz. Extracting by manifest.
1044 silly tarball no local data for string-length@https://registry.npmjs.org/string-length/-/string-length-4.0.2.tgz. Extracting by manifest.
1045 silly tarball no local data for stream-combiner2@https://registry.npmjs.org/stream-combiner2/-/stream-combiner2-1.1.1.tgz. Extracting by manifest.
1046 silly tarball no local data for std-env@https://registry.npmjs.org/std-env/-/std-env-3.10.0.tgz. Extracting by manifest.
1047 silly tarball no local data for statuses@https://registry.npmjs.org/statuses/-/statuses-2.0.2.tgz. Extracting by manifest.
1048 silly tarball no local data for stack-utils@https://registry.npmjs.org/stack-utils/-/stack-utils-2.0.6.tgz. Extracting by manifest.
1049 silly tarball no local data for sqlstring@https://registry.npmjs.org/sqlstring/-/sqlstring-2.3.3.tgz. Extracting by manifest.
1050 silly tarball no local data for stackback@https://registry.npmjs.org/stackback/-/stackback-0.0.2.tgz. Extracting by manifest.
1051 silly tarball no local data for sprintf-js@https://registry.npmjs.org/sprintf-js/-/sprintf-js-1.0.3.tgz. Extracting by manifest.
1052 silly tarball no local data for spdx-license-ids@https://registry.npmjs.org/spdx-license-ids/-/spdx-license-ids-3.0.22.tgz. Extracting by manifest.
1053 silly tarball no local data for split2@https://registry.npmjs.org/split2/-/split2-4.2.0.tgz. Extracting by manifest.
1054 silly tarball no local data for spdx-correct@https://registry.npmjs.org/spdx-correct/-/spdx-correct-3.2.0.tgz. Extracting by manifest.
1055 silly tarball no local data for spdx-exceptions@https://registry.npmjs.org/spdx-exceptions/-/spdx-exceptions-2.5.0.tgz. Extracting by manifest.
1056 silly tarball no local data for spawn-error-forwarder@https://registry.npmjs.org/spawn-error-forwarder/-/spawn-error-forwarder-1.0.0.tgz. Extracting by manifest.
1057 silly tarball no local data for sparse-bitfield@https://registry.npmjs.org/sparse-bitfield/-/sparse-bitfield-3.0.3.tgz. Extracting by manifest.
1058 silly tarball no local data for spdx-expression-parse@https://registry.npmjs.org/spdx-expression-parse/-/spdx-expression-parse-3.0.1.tgz. Extracting by manifest.
1059 silly tarball no local data for source-map-js@https://registry.npmjs.org/source-map-js/-/source-map-js-1.2.1.tgz. Extracting by manifest.
1060 silly tarball no local data for source-map@https://registry.npmjs.org/source-map/-/source-map-0.6.1.tgz. Extracting by manifest.
1061 silly tarball no local data for source-map-support@https://registry.npmjs.org/source-map-support/-/source-map-support-0.5.13.tgz. Extracting by manifest.
1062 silly tarball no local data for slash@https://registry.npmjs.org/slash/-/slash-3.0.0.tgz. Extracting by manifest.
1063 silly tarball no local data for skin-tone@https://registry.npmjs.org/skin-tone/-/skin-tone-2.0.0.tgz. Extracting by manifest.
1064 silly tarball no local data for simple-lru-cache@https://registry.npmjs.org/simple-lru-cache/-/simple-lru-cache-0.0.2.tgz. Extracting by manifest.
1065 silly tarball no local data for simple-get@https://registry.npmjs.org/simple-get/-/simple-get-4.0.1.tgz. Extracting by manifest.
1066 silly tarball no local data for simple-concat@https://registry.npmjs.org/simple-concat/-/simple-concat-1.0.1.tgz. Extracting by manifest.
1067 silly tarball no local data for signale@https://registry.npmjs.org/signale/-/signale-1.4.0.tgz. Extracting by manifest.
1068 silly tarball no local data for signal-exit@https://registry.npmjs.org/signal-exit/-/signal-exit-4.1.0.tgz. Extracting by manifest.
1069 silly tarball no local data for side-channel-weakmap@https://registry.npmjs.org/side-channel-weakmap/-/side-channel-weakmap-1.0.2.tgz. Extracting by manifest.
1070 silly tarball no local data for siginfo@https://registry.npmjs.org/siginfo/-/siginfo-2.0.0.tgz. Extracting by manifest.
1071 silly tarball no local data for side-channel-map@https://registry.npmjs.org/side-channel-map/-/side-channel-map-1.0.1.tgz. Extracting by manifest.
1072 silly tarball no local data for shebang-regex@https://registry.npmjs.org/shebang-regex/-/shebang-regex-3.0.0.tgz. Extracting by manifest.
1073 silly tarball no local data for shebang-command@https://registry.npmjs.org/shebang-command/-/shebang-command-2.0.0.tgz. Extracting by manifest.
1074 silly tarball no local data for side-channel@https://registry.npmjs.org/side-channel/-/side-channel-1.1.0.tgz. Extracting by manifest.
1075 silly tarball no local data for side-channel-list@https://registry.npmjs.org/side-channel-list/-/side-channel-list-1.0.0.tgz. Extracting by manifest.
1076 silly tarball no local data for serve-static@https://registry.npmjs.org/serve-static/-/serve-static-2.2.0.tgz. Extracting by manifest.
1077 silly tarball no local data for seq-queue@https://registry.npmjs.org/seq-queue/-/seq-queue-0.0.5.tgz. Extracting by manifest.
1078 silly tarball no local data for setprototypeof@https://registry.npmjs.org/setprototypeof/-/setprototypeof-1.2.0.tgz. Extracting by manifest.
1079 silly tarball no local data for semver-regex@https://registry.npmjs.org/semver-regex/-/semver-regex-4.0.5.tgz. Extracting by manifest.
1080 silly tarball no local data for semver@https://registry.npmjs.org/semver/-/semver-6.3.1.tgz. Extracting by manifest.
1081 silly tarball no local data for send@https://registry.npmjs.org/send/-/send-1.2.0.tgz. Extracting by manifest.
1082 silly tarball no local data for semver-diff@https://registry.npmjs.org/semver-diff/-/semver-diff-5.0.0.tgz. Extracting by manifest.
1083 silly tarball no local data for safer-buffer@https://registry.npmjs.org/safer-buffer/-/safer-buffer-2.1.2.tgz. Extracting by manifest.
1084 silly tarball no local data for safe-buffer@https://registry.npmjs.org/safe-buffer/-/safe-buffer-5.2.1.tgz. Extracting by manifest.
1085 silly tarball no local data for run-parallel@https://registry.npmjs.org/run-parallel/-/run-parallel-1.2.0.tgz. Extracting by manifest.
1086 silly tarball no local data for router@https://registry.npmjs.org/router/-/router-2.2.0.tgz. Extracting by manifest.
1087 silly tarball no local data for semantic-release@https://registry.npmjs.org/semantic-release/-/semantic-release-24.2.9.tgz. Extracting by manifest.
1088 silly tarball no local data for reusify@https://registry.npmjs.org/reusify/-/reusify-1.1.0.tgz. Extracting by manifest.
1089 silly tarball no local data for rollup@https://registry.npmjs.org/rollup/-/rollup-4.59.0.tgz. Extracting by manifest.
1090 silly tarball no local data for resolve-pkg-maps@https://registry.npmjs.org/resolve-pkg-maps/-/resolve-pkg-maps-1.0.0.tgz. Extracting by manifest.
1091 silly tarball no local data for retry@https://registry.npmjs.org/retry/-/retry-0.6.0.tgz. Extracting by manifest.
1092 silly tarball no local data for resolve-from@https://registry.npmjs.org/resolve-from/-/resolve-from-4.0.0.tgz. Extracting by manifest.
1093 silly tarball no local data for resolve-cwd@https://registry.npmjs.org/resolve-cwd/-/resolve-cwd-3.0.0.tgz. Extracting by manifest.
1094 silly tarball no local data for require-directory@https://registry.npmjs.org/require-directory/-/require-directory-2.1.1.tgz. Extracting by manifest.
1095 silly tarball no local data for registry-auth-token@https://registry.npmjs.org/registry-auth-token/-/registry-auth-token-5.1.1.tgz. Extracting by manifest.
1096 silly tarball no local data for readable-stream@https://registry.npmjs.org/readable-stream/-/readable-stream-2.3.8.tgz. Extracting by manifest.
1097 silly tarball no local data for read-pkg-up@https://registry.npmjs.org/read-pkg-up/-/read-pkg-up-11.0.0.tgz. Extracting by manifest.
1098 silly tarball no local data for read-pkg@https://registry.npmjs.org/read-pkg/-/read-pkg-9.0.1.tgz. Extracting by manifest.
1099 silly tarball no local data for read-package-up@https://registry.npmjs.org/read-package-up/-/read-package-up-11.0.0.tgz. Extracting by manifest.
1100 silly tarball no local data for react-is@https://registry.npmjs.org/react-is/-/react-is-18.3.1.tgz. Extracting by manifest.
1101 silly tarball no local data for raw-body@https://registry.npmjs.org/raw-body/-/raw-body-3.0.1.tgz. Extracting by manifest.
1102 silly tarball no local data for rc@https://registry.npmjs.org/rc/-/rc-1.2.8.tgz. Extracting by manifest.
1103 silly tarball no local data for range-parser@https://registry.npmjs.org/range-parser/-/range-parser-1.2.1.tgz. Extracting by manifest.
1104 silly tarball no local data for queue-microtask@https://registry.npmjs.org/queue-microtask/-/queue-microtask-1.2.3.tgz. Extracting by manifest.
1105 silly tarball no local data for qs@https://registry.npmjs.org/qs/-/qs-6.15.0.tgz. Extracting by manifest.
1106 silly tarball no local data for pure-rand@https://registry.npmjs.org/pure-rand/-/pure-rand-7.0.1.tgz. Extracting by manifest.
1107 silly tarball no local data for punycode@https://registry.npmjs.org/punycode/-/punycode-2.3.1.tgz. Extracting by manifest.
1108 silly tarball no local data for pump@https://registry.npmjs.org/pump/-/pump-3.0.3.tgz. Extracting by manifest.
1109 silly tarball no local data for proxy-addr@https://registry.npmjs.org/proxy-addr/-/proxy-addr-2.0.7.tgz. Extracting by manifest.
1110 silly tarball no local data for proto-list@https://registry.npmjs.org/proto-list/-/proto-list-1.2.4.tgz. Extracting by manifest.
1111 silly tarball no local data for pretty-ms@https://registry.npmjs.org/pretty-ms/-/pretty-ms-9.3.0.tgz. Extracting by manifest.
1112 silly tarball no local data for process-nextick-args@https://registry.npmjs.org/process-nextick-args/-/process-nextick-args-2.0.1.tgz. Extracting by manifest.
1113 silly tarball no local data for postgres-interval@https://registry.npmjs.org/postgres-interval/-/postgres-interval-1.2.0.tgz. Extracting by manifest.
1114 silly tarball no local data for postgres-date@https://registry.npmjs.org/postgres-date/-/postgres-date-1.0.7.tgz. Extracting by manifest.
1115 silly tarball no local data for prelude-ls@https://registry.npmjs.org/prelude-ls/-/prelude-ls-1.2.1.tgz. Extracting by manifest.
1116 silly tarball no local data for postgres-bytea@https://registry.npmjs.org/postgres-bytea/-/postgres-bytea-1.0.0.tgz. Extracting by manifest.
1117 silly tarball no local data for pretty-format@https://registry.npmjs.org/pretty-format/-/pretty-format-30.2.0.tgz. Extracting by manifest.
1118 silly tarball no local data for prebuild-install@https://registry.npmjs.org/prebuild-install/-/prebuild-install-7.1.3.tgz. Extracting by manifest.
1119 silly tarball no local data for postcss@https://registry.npmjs.org/postcss/-/postcss-8.5.6.tgz. Extracting by manifest.
1120 silly tarball no local data for postgres-array@https://registry.npmjs.org/postgres-array/-/postgres-array-2.0.0.tgz. Extracting by manifest.
1121 silly tarball no local data for pkg-dir@https://registry.npmjs.org/pkg-dir/-/pkg-dir-4.2.0.tgz. Extracting by manifest.
1122 silly tarball no local data for pkg-conf@https://registry.npmjs.org/pkg-conf/-/pkg-conf-2.1.0.tgz. Extracting by manifest.
1123 silly tarball no local data for pirates@https://registry.npmjs.org/pirates/-/pirates-4.0.7.tgz. Extracting by manifest.
1124 silly tarball no local data for pify@https://registry.npmjs.org/pify/-/pify-3.0.0.tgz. Extracting by manifest.
1125 silly tarball no local data for picomatch@https://registry.npmjs.org/picomatch/-/picomatch-2.3.1.tgz. Extracting by manifest.
1126 silly tarball no local data for picocolors@https://registry.npmjs.org/picocolors/-/picocolors-1.1.1.tgz. Extracting by manifest.
1127 silly tarball no local data for pgpass@https://registry.npmjs.org/pgpass/-/pgpass-1.0.5.tgz. Extracting by manifest.
1128 silly tarball no local data for pg-types@https://registry.npmjs.org/pg-types/-/pg-types-2.2.0.tgz. Extracting by manifest.
1129 silly tarball no local data for pg-protocol@https://registry.npmjs.org/pg-protocol/-/pg-protocol-1.10.3.tgz. Extracting by manifest.
1130 silly tarball no local data for pg-pool@https://registry.npmjs.org/pg-pool/-/pg-pool-3.10.1.tgz. Extracting by manifest.
1131 silly tarball no local data for pg-int8@https://registry.npmjs.org/pg-int8/-/pg-int8-1.0.1.tgz. Extracting by manifest.
1132 silly tarball no local data for pg-connection-string@https://registry.npmjs.org/pg-connection-string/-/pg-connection-string-2.9.1.tgz. Extracting by manifest.
1133 silly tarball no local data for pg@https://registry.npmjs.org/pg/-/pg-8.16.3.tgz. Extracting by manifest.
1134 silly tarball no local data for pathe@https://registry.npmjs.org/pathe/-/pathe-2.0.3.tgz. Extracting by manifest.
1135 silly tarball no local data for pg-cloudflare@https://registry.npmjs.org/pg-cloudflare/-/pg-cloudflare-1.2.7.tgz. Extracting by manifest.
1136 silly tarball no local data for path-type@https://registry.npmjs.org/path-type/-/path-type-4.0.0.tgz. Extracting by manifest.
1137 silly tarball no local data for path-to-regexp@https://registry.npmjs.org/path-to-regexp/-/path-to-regexp-8.3.0.tgz. Extracting by manifest.
1138 silly tarball no local data for path-scurry@https://registry.npmjs.org/path-scurry/-/path-scurry-1.11.1.tgz. Extracting by manifest.
1139 silly tarball no local data for path-key@https://registry.npmjs.org/path-key/-/path-key-3.1.1.tgz. Extracting by manifest.
1140 silly tarball no local data for path-is-absolute@https://registry.npmjs.org/path-is-absolute/-/path-is-absolute-1.0.1.tgz. Extracting by manifest.
1141 silly tarball no local data for path-exists@https://registry.npmjs.org/path-exists/-/path-exists-4.0.0.tgz. Extracting by manifest.
1142 silly tarball no local data for parseurl@https://registry.npmjs.org/parseurl/-/parseurl-1.3.3.tgz. Extracting by manifest.
1143 silly tarball no local data for parse5@https://registry.npmjs.org/parse5/-/parse5-5.1.1.tgz. Extracting by manifest.
1144 silly tarball no local data for parse5-htmlparser2-tree-adapter@https://registry.npmjs.org/parse5-htmlparser2-tree-adapter/-/parse5-htmlparser2-tree-adapter-6.0.1.tgz. Extracting by manifest.
1145 silly tarball no local data for parse-ms@https://registry.npmjs.org/parse-ms/-/parse-ms-4.0.0.tgz. Extracting by manifest.
1146 silly tarball no local data for parse-json@https://registry.npmjs.org/parse-json/-/parse-json-5.2.0.tgz. Extracting by manifest.
1147 silly tarball no local data for parent-module@https://registry.npmjs.org/parent-module/-/parent-module-1.0.1.tgz. Extracting by manifest.
1148 silly tarball no local data for package-json-from-dist@https://registry.npmjs.org/package-json-from-dist/-/package-json-from-dist-1.0.1.tgz. Extracting by manifest.
1149 silly tarball no local data for p-try@https://registry.npmjs.org/p-try/-/p-try-2.2.0.tgz. Extracting by manifest.
1150 silly tarball no local data for p-is-promise@https://registry.npmjs.org/p-is-promise/-/p-is-promise-3.0.0.tgz. Extracting by manifest.
1151 silly tarball no local data for p-reduce@https://registry.npmjs.org/p-reduce/-/p-reduce-2.1.0.tgz. Extracting by manifest.
1152 silly tarball no local data for p-locate@https://registry.npmjs.org/p-locate/-/p-locate-5.0.0.tgz. Extracting by manifest.
1153 silly tarball no local data for p-limit@https://registry.npmjs.org/p-limit/-/p-limit-3.1.0.tgz. Extracting by manifest.
1154 silly tarball no local data for p-filter@https://registry.npmjs.org/p-filter/-/p-filter-4.1.0.tgz. Extracting by manifest.
1155 silly tarball no local data for p-event@https://registry.npmjs.org/p-event/-/p-event-6.0.1.tgz. Extracting by manifest.
1156 silly tarball no local data for p-each-series@https://registry.npmjs.org/p-each-series/-/p-each-series-3.0.0.tgz. Extracting by manifest.
1157 silly tarball no local data for optionator@https://registry.npmjs.org/optionator/-/optionator-0.9.4.tgz. Extracting by manifest.
1158 silly tarball no local data for onetime@https://registry.npmjs.org/onetime/-/onetime-5.1.2.tgz. Extracting by manifest.
1159 silly tarball no local data for p-timeout@https://registry.npmjs.org/p-timeout/-/p-timeout-6.1.4.tgz. Extracting by manifest.
1160 silly tarball no local data for once@https://registry.npmjs.org/once/-/once-1.4.0.tgz. Extracting by manifest.
1161 silly tarball no local data for on-finished@https://registry.npmjs.org/on-finished/-/on-finished-2.4.1.tgz. Extracting by manifest.
1162 silly tarball no local data for object-inspect@https://registry.npmjs.org/object-inspect/-/object-inspect-1.13.4.tgz. Extracting by manifest.
1163 silly tarball no local data for npm-run-path@https://registry.npmjs.org/npm-run-path/-/npm-run-path-4.0.1.tgz. Extracting by manifest.
1164 silly tarball no local data for object-assign@https://registry.npmjs.org/object-assign/-/object-assign-4.1.1.tgz. Extracting by manifest.
1165 silly tarball no local data for normalize-url@https://registry.npmjs.org/normalize-url/-/normalize-url-8.1.1.tgz. Extracting by manifest.
1166 silly tarball no local data for normalize-path@https://registry.npmjs.org/normalize-path/-/normalize-path-3.0.0.tgz. Extracting by manifest.
1167 silly tarball no local data for node-releases@https://registry.npmjs.org/node-releases/-/node-releases-2.0.27.tgz. Extracting by manifest.
1168 silly tarball no local data for normalize-package-data@https://registry.npmjs.org/normalize-package-data/-/normalize-package-data-6.0.2.tgz. Extracting by manifest.
1169 silly tarball no local data for node-emoji@https://registry.npmjs.org/node-emoji/-/node-emoji-2.2.0.tgz. Extracting by manifest.
1170 silly tarball no local data for node-int64@https://registry.npmjs.org/node-int64/-/node-int64-0.4.0.tgz. Extracting by manifest.
1171 silly tarball no local data for node-abi@https://registry.npmjs.org/node-abi/-/node-abi-3.87.0.tgz. Extracting by manifest.
1172 silly tarball no local data for nerf-dart@https://registry.npmjs.org/nerf-dart/-/nerf-dart-1.0.0.tgz. Extracting by manifest.
1173 silly tarball no local data for neo-async@https://registry.npmjs.org/neo-async/-/neo-async-2.6.2.tgz. Extracting by manifest.
1174 silly tarball no local data for natural-compare@https://registry.npmjs.org/natural-compare/-/natural-compare-1.4.0.tgz. Extracting by manifest.
1175 silly tarball no local data for napi-postinstall@https://registry.npmjs.org/napi-postinstall/-/napi-postinstall-0.3.4.tgz. Extracting by manifest.
1176 silly tarball no local data for napi-build-utils@https://registry.npmjs.org/napi-build-utils/-/napi-build-utils-2.0.0.tgz. Extracting by manifest.
1177 silly tarball no local data for nanoid@https://registry.npmjs.org/nanoid/-/nanoid-3.3.11.tgz. Extracting by manifest.
1178 silly tarball no local data for named-placeholders@https://registry.npmjs.org/named-placeholders/-/named-placeholders-1.1.3.tgz. Extracting by manifest.
1179 silly tarball no local data for mz@https://registry.npmjs.org/mz/-/mz-2.7.0.tgz. Extracting by manifest.
1180 silly tarball no local data for mysql2@https://registry.npmjs.org/mysql2/-/mysql2-3.15.3.tgz. Extracting by manifest.
1181 silly tarball no local data for ms@https://registry.npmjs.org/ms/-/ms-2.1.3.tgz. Extracting by manifest.
1182 silly tarball no local data for mongodb-connection-string-url@https://registry.npmjs.org/mongodb-connection-string-url/-/mongodb-connection-string-url-3.0.2.tgz. Extracting by manifest.
1183 silly tarball no local data for mongodb@https://registry.npmjs.org/mongodb/-/mongodb-6.20.0.tgz. Extracting by manifest.
1184 silly tarball no local data for mkdirp-classic@https://registry.npmjs.org/mkdirp-classic/-/mkdirp-classic-0.5.3.tgz. Extracting by manifest.
1185 silly tarball no local data for minipass@https://registry.npmjs.org/minipass/-/minipass-7.1.2.tgz. Extracting by manifest.
1186 silly tarball no local data for minimist@https://registry.npmjs.org/minimist/-/minimist-1.2.8.tgz. Extracting by manifest.
1187 silly tarball no local data for minimatch@https://registry.npmjs.org/minimatch/-/minimatch-3.1.5.tgz. Extracting by manifest.
1188 silly tarball no local data for mimic-fn@https://registry.npmjs.org/mimic-fn/-/mimic-fn-2.1.0.tgz. Extracting by manifest.
1189 silly tarball no local data for mime-types@https://registry.npmjs.org/mime-types/-/mime-types-3.0.1.tgz. Extracting by manifest.
1190 silly tarball no local data for mime-db@https://registry.npmjs.org/mime-db/-/mime-db-1.54.0.tgz. Extracting by manifest.
1191 silly tarball no local data for mime@https://registry.npmjs.org/mime/-/mime-4.1.0.tgz. Extracting by manifest.
1192 silly tarball no local data for micromatch@https://registry.npmjs.org/micromatch/-/micromatch-4.0.8.tgz. Extracting by manifest.
1193 silly tarball no local data for merge2@https://registry.npmjs.org/merge2/-/merge2-1.4.1.tgz. Extracting by manifest.
1194 silly tarball no local data for merge-stream@https://registry.npmjs.org/merge-stream/-/merge-stream-2.0.0.tgz. Extracting by manifest.
1195 silly tarball no local data for merge-descriptors@https://registry.npmjs.org/merge-descriptors/-/merge-descriptors-2.0.0.tgz. Extracting by manifest.
1196 silly tarball no local data for mimic-response@https://registry.npmjs.org/mimic-response/-/mimic-response-3.1.0.tgz. Extracting by manifest.
1197 silly tarball no local data for meow@https://registry.npmjs.org/meow/-/meow-12.1.1.tgz. Extracting by manifest.
1198 silly tarball no local data for memory-pager@https://registry.npmjs.org/memory-pager/-/memory-pager-1.5.0.tgz. Extracting by manifest.
1199 silly tarball no local data for memcached@https://registry.npmjs.org/memcached/-/memcached-2.2.2.tgz. Extracting by manifest.
1200 silly tarball no local data for media-typer@https://registry.npmjs.org/media-typer/-/media-typer-1.1.0.tgz. Extracting by manifest.
1201 silly tarball no local data for math-intrinsics@https://registry.npmjs.org/math-intrinsics/-/math-intrinsics-1.1.0.tgz. Extracting by manifest.
1202 silly tarball no local data for marked-terminal@https://registry.npmjs.org/marked-terminal/-/marked-terminal-7.3.0.tgz. Extracting by manifest.
1203 silly tarball no local data for marked@https://registry.npmjs.org/marked/-/marked-15.0.12.tgz. Extracting by manifest.
1204 silly tarball no local data for makeerror@https://registry.npmjs.org/makeerror/-/makeerror-1.0.12.tgz. Extracting by manifest.
1205 silly tarball no local data for make-error@https://registry.npmjs.org/make-error/-/make-error-1.3.6.tgz. Extracting by manifest.
1206 silly tarball no local data for make-dir@https://registry.npmjs.org/make-dir/-/make-dir-4.0.0.tgz. Extracting by manifest.
1207 silly tarball no local data for make-asynchronous@https://registry.npmjs.org/make-asynchronous/-/make-asynchronous-1.0.1.tgz. Extracting by manifest.
1208 silly tarball no local data for magic-string@https://registry.npmjs.org/magic-string/-/magic-string-0.30.21.tgz. Extracting by manifest.
1209 silly tarball no local data for lru.min@https://registry.npmjs.org/lru.min/-/lru.min-1.1.2.tgz. Extracting by manifest.
1210 silly tarball no local data for long@https://registry.npmjs.org/long/-/long-5.3.2.tgz. Extracting by manifest.
1211 silly tarball no local data for lodash.uniqby@https://registry.npmjs.org/lodash.uniqby/-/lodash.uniqby-4.7.0.tgz. Extracting by manifest.
1212 silly tarball no local data for lodash.merge@https://registry.npmjs.org/lodash.merge/-/lodash.merge-4.6.2.tgz. Extracting by manifest.
1213 silly tarball no local data for lru-cache@https://registry.npmjs.org/lru-cache/-/lru-cache-5.1.1.tgz. Extracting by manifest.
1214 silly tarball no local data for lodash.memoize@https://registry.npmjs.org/lodash.memoize/-/lodash.memoize-4.1.2.tgz. Extracting by manifest.
1215 silly tarball no local data for lodash.isstring@https://registry.npmjs.org/lodash.isstring/-/lodash.isstring-4.0.1.tgz. Extracting by manifest.
1216 silly tarball no local data for lodash.isplainobject@https://registry.npmjs.org/lodash.isplainobject/-/lodash.isplainobject-4.0.6.tgz. Extracting by manifest.
1217 silly tarball no local data for lodash.escaperegexp@https://registry.npmjs.org/lodash.escaperegexp/-/lodash.escaperegexp-4.1.2.tgz. Extracting by manifest.
1218 silly tarball no local data for lodash.capitalize@https://registry.npmjs.org/lodash.capitalize/-/lodash.capitalize-4.2.1.tgz. Extracting by manifest.
1219 silly tarball no local data for lodash-es@https://registry.npmjs.org/lodash-es/-/lodash-es-4.17.23.tgz. Extracting by manifest.
1220 silly tarball no local data for lodash@https://registry.npmjs.org/lodash/-/lodash-4.17.23.tgz. Extracting by manifest.
1221 silly tarball no local data for locate-path@https://registry.npmjs.org/locate-path/-/locate-path-6.0.0.tgz. Extracting by manifest.
1222 silly tarball no local data for load-json-file@https://registry.npmjs.org/load-json-file/-/load-json-file-4.0.0.tgz. Extracting by manifest.
1223 silly tarball no local data for lines-and-columns@https://registry.npmjs.org/lines-and-columns/-/lines-and-columns-1.2.4.tgz. Extracting by manifest.
1224 silly tarball no local data for levn@https://registry.npmjs.org/levn/-/levn-0.4.1.tgz. Extracting by manifest.
1225 silly tarball no local data for leven@https://registry.npmjs.org/leven/-/leven-3.1.0.tgz. Extracting by manifest.
1226 silly tarball no local data for keyv@https://registry.npmjs.org/keyv/-/keyv-4.5.4.tgz. Extracting by manifest.
1227 silly tarball no local data for JSONStream@https://registry.npmjs.org/JSONStream/-/JSONStream-1.3.5.tgz. Extracting by manifest.
1228 silly tarball no local data for jsonparse@https://registry.npmjs.org/jsonparse/-/jsonparse-1.3.1.tgz. Extracting by manifest.
1229 silly tarball no local data for jsonfile@https://registry.npmjs.org/jsonfile/-/jsonfile-6.2.0.tgz. Extracting by manifest.
1230 silly tarball no local data for json5@https://registry.npmjs.org/json5/-/json5-2.2.3.tgz. Extracting by manifest.
1231 silly tarball no local data for json-with-bigint@https://registry.npmjs.org/json-with-bigint/-/json-with-bigint-3.5.7.tgz. Extracting by manifest.
1232 silly tarball no local data for json-stringify-safe@https://registry.npmjs.org/json-stringify-safe/-/json-stringify-safe-5.0.1.tgz. Extracting by manifest.
1233 silly tarball no local data for json-stable-stringify-without-jsonify@https://registry.npmjs.org/json-stable-stringify-without-jsonify/-/json-stable-stringify-without-jsonify-1.0.1.tgz. Extracting by manifest.
1234 silly tarball no local data for json-schema-traverse@https://registry.npmjs.org/json-schema-traverse/-/json-schema-traverse-0.4.1.tgz. Extracting by manifest.
1235 silly tarball no local data for json-parse-even-better-errors@https://registry.npmjs.org/json-parse-even-better-errors/-/json-parse-even-better-errors-2.3.1.tgz. Extracting by manifest.
1236 silly tarball no local data for json-parse-better-errors@https://registry.npmjs.org/json-parse-better-errors/-/json-parse-better-errors-1.0.2.tgz. Extracting by manifest.
1237 silly tarball no local data for json-buffer@https://registry.npmjs.org/json-buffer/-/json-buffer-3.0.1.tgz. Extracting by manifest.
1238 silly tarball no local data for jsesc@https://registry.npmjs.org/jsesc/-/jsesc-3.1.0.tgz. Extracting by manifest.
1239 silly tarball no local data for js-yaml@https://registry.npmjs.org/js-yaml/-/js-yaml-4.1.1.tgz. Extracting by manifest.
1240 silly tarball no local data for js-tokens@https://registry.npmjs.org/js-tokens/-/js-tokens-4.0.0.tgz. Extracting by manifest.
1241 silly tarball no local data for jest-watcher@https://registry.npmjs.org/jest-watcher/-/jest-watcher-30.2.0.tgz. Extracting by manifest.
1242 silly tarball no local data for jest-validate@https://registry.npmjs.org/jest-validate/-/jest-validate-30.2.0.tgz. Extracting by manifest.
1243 silly tarball no local data for jest-worker@https://registry.npmjs.org/jest-worker/-/jest-worker-30.2.0.tgz. Extracting by manifest.
1244 silly tarball no local data for jest-util@https://registry.npmjs.org/jest-util/-/jest-util-30.2.0.tgz. Extracting by manifest.
1245 silly tarball no local data for jest-runtime@https://registry.npmjs.org/jest-runtime/-/jest-runtime-30.2.0.tgz. Extracting by manifest.
1246 silly tarball no local data for jest-snapshot@https://registry.npmjs.org/jest-snapshot/-/jest-snapshot-30.2.0.tgz. Extracting by manifest.
1247 silly tarball no local data for jest-runner@https://registry.npmjs.org/jest-runner/-/jest-runner-30.2.0.tgz. Extracting by manifest.
1248 silly tarball no local data for jest-resolve-dependencies@https://registry.npmjs.org/jest-resolve-dependencies/-/jest-resolve-dependencies-30.2.0.tgz. Extracting by manifest.
1249 silly tarball no local data for jest-resolve@https://registry.npmjs.org/jest-resolve/-/jest-resolve-30.2.0.tgz. Extracting by manifest.
1250 silly tarball no local data for jest-pnp-resolver@https://registry.npmjs.org/jest-pnp-resolver/-/jest-pnp-resolver-1.2.3.tgz. Extracting by manifest.
1251 silly tarball no local data for jest-regex-util@https://registry.npmjs.org/jest-regex-util/-/jest-regex-util-30.0.1.tgz. Extracting by manifest.
1252 silly tarball no local data for jest-mock@https://registry.npmjs.org/jest-mock/-/jest-mock-30.2.0.tgz. Extracting by manifest.
1253 silly tarball no local data for jest-message-util@https://registry.npmjs.org/jest-message-util/-/jest-message-util-30.2.0.tgz. Extracting by manifest.
1254 silly tarball no local data for jest-matcher-utils@https://registry.npmjs.org/jest-matcher-utils/-/jest-matcher-utils-30.2.0.tgz. Extracting by manifest.
1255 silly tarball no local data for jest-haste-map@https://registry.npmjs.org/jest-haste-map/-/jest-haste-map-30.2.0.tgz. Extracting by manifest.
1256 silly tarball no local data for jest-environment-node@https://registry.npmjs.org/jest-environment-node/-/jest-environment-node-30.2.0.tgz. Extracting by manifest.
1257 silly tarball no local data for jest-leak-detector@https://registry.npmjs.org/jest-leak-detector/-/jest-leak-detector-30.2.0.tgz. Extracting by manifest.
1258 silly tarball no local data for jest-each@https://registry.npmjs.org/jest-each/-/jest-each-30.2.0.tgz. Extracting by manifest.
1259 silly tarball no local data for jest-docblock@https://registry.npmjs.org/jest-docblock/-/jest-docblock-30.2.0.tgz. Extracting by manifest.
1260 silly tarball no local data for jest-diff@https://registry.npmjs.org/jest-diff/-/jest-diff-30.2.0.tgz. Extracting by manifest.
1261 silly tarball no local data for jest-config@https://registry.npmjs.org/jest-config/-/jest-config-30.2.0.tgz. Extracting by manifest.
1262 silly tarball no local data for jest-cli@https://registry.npmjs.org/jest-cli/-/jest-cli-30.2.0.tgz. Extracting by manifest.
1263 silly tarball no local data for jest-circus@https://registry.npmjs.org/jest-circus/-/jest-circus-30.2.0.tgz. Extracting by manifest.
1264 silly tarball no local data for jest-changed-files@https://registry.npmjs.org/jest-changed-files/-/jest-changed-files-30.2.0.tgz. Extracting by manifest.
1265 silly tarball no local data for jest@https://registry.npmjs.org/jest/-/jest-30.2.0.tgz. Extracting by manifest.
1266 silly tarball no local data for java-properties@https://registry.npmjs.org/java-properties/-/java-properties-1.0.2.tgz. Extracting by manifest.
1267 silly tarball no local data for jackpot@https://registry.npmjs.org/jackpot/-/jackpot-0.0.6.tgz. Extracting by manifest.
1268 silly tarball no local data for jackspeak@https://registry.npmjs.org/jackspeak/-/jackspeak-3.4.3.tgz. Extracting by manifest.
1269 silly tarball no local data for istanbul-reports@https://registry.npmjs.org/istanbul-reports/-/istanbul-reports-3.2.0.tgz. Extracting by manifest.
1270 silly tarball no local data for istanbul-lib-source-maps@https://registry.npmjs.org/istanbul-lib-source-maps/-/istanbul-lib-source-maps-5.0.6.tgz. Extracting by manifest.
1271 silly tarball no local data for istanbul-lib-report@https://registry.npmjs.org/istanbul-lib-report/-/istanbul-lib-report-3.0.1.tgz. Extracting by manifest.
1272 silly tarball no local data for istanbul-lib-instrument@https://registry.npmjs.org/istanbul-lib-instrument/-/istanbul-lib-instrument-6.0.3.tgz. Extracting by manifest.
1273 silly tarball no local data for istanbul-lib-coverage@https://registry.npmjs.org/istanbul-lib-coverage/-/istanbul-lib-coverage-3.2.2.tgz. Extracting by manifest.
1274 silly tarball no local data for issue-parser@https://registry.npmjs.org/issue-parser/-/issue-parser-7.0.1.tgz. Extracting by manifest.
1275 silly tarball no local data for isexe@https://registry.npmjs.org/isexe/-/isexe-2.0.0.tgz. Extracting by manifest.
1276 silly tarball no local data for isarray@https://registry.npmjs.org/isarray/-/isarray-1.0.0.tgz. Extracting by manifest.
1277 silly tarball no local data for is-unicode-supported@https://registry.npmjs.org/is-unicode-supported/-/is-unicode-supported-2.1.0.tgz. Extracting by manifest.
1278 silly tarball no local data for is-stream@https://registry.npmjs.org/is-stream/-/is-stream-2.0.1.tgz. Extracting by manifest.
1279 silly tarball no local data for is-property@https://registry.npmjs.org/is-property/-/is-property-1.0.2.tgz. Extracting by manifest.
1280 silly tarball no local data for is-promise@https://registry.npmjs.org/is-promise/-/is-promise-4.0.0.tgz. Extracting by manifest.
1281 silly tarball no local data for is-plain-obj@https://registry.npmjs.org/is-plain-obj/-/is-plain-obj-4.1.0.tgz. Extracting by manifest.
1282 silly tarball no local data for is-obj@https://registry.npmjs.org/is-obj/-/is-obj-2.0.0.tgz. Extracting by manifest.
1283 silly tarball no local data for is-text-path@https://registry.npmjs.org/is-text-path/-/is-text-path-2.0.0.tgz. Extracting by manifest.
1284 silly tarball no local data for is-number@https://registry.npmjs.org/is-number/-/is-number-7.0.0.tgz. Extracting by manifest.
1285 silly tarball no local data for is-glob@https://registry.npmjs.org/is-glob/-/is-glob-4.0.3.tgz. Extracting by manifest.
1286 silly tarball no local data for is-generator-fn@https://registry.npmjs.org/is-generator-fn/-/is-generator-fn-2.1.0.tgz. Extracting by manifest.
1287 silly tarball no local data for is-fullwidth-code-point@https://registry.npmjs.org/is-fullwidth-code-point/-/is-fullwidth-code-point-3.0.0.tgz. Extracting by manifest.
1288 silly tarball no local data for is-extglob@https://registry.npmjs.org/is-extglob/-/is-extglob-2.1.1.tgz. Extracting by manifest.
1289 silly tarball no local data for is-arrayish@https://registry.npmjs.org/is-arrayish/-/is-arrayish-0.2.1.tgz. Extracting by manifest.
1290 silly tarball no local data for ipaddr.js@https://registry.npmjs.org/ipaddr.js/-/ipaddr.js-1.9.1.tgz. Extracting by manifest.
1291 silly tarball no local data for into-stream@https://registry.npmjs.org/into-stream/-/into-stream-7.0.0.tgz. Extracting by manifest.
1292 silly tarball no local data for inherits@https://registry.npmjs.org/inherits/-/inherits-2.0.4.tgz. Extracting by manifest.
1293 silly tarball no local data for ini@https://registry.npmjs.org/ini/-/ini-1.3.8.tgz. Extracting by manifest.
1294 silly tarball no local data for inflight@https://registry.npmjs.org/inflight/-/inflight-1.0.6.tgz. Extracting by manifest.
1295 silly tarball no local data for index-to-position@https://registry.npmjs.org/index-to-position/-/index-to-position-1.2.0.tgz. Extracting by manifest.
1296 silly tarball no local data for indent-string@https://registry.npmjs.org/indent-string/-/indent-string-4.0.0.tgz. Extracting by manifest.
1297 silly tarball no local data for imurmurhash@https://registry.npmjs.org/imurmurhash/-/imurmurhash-0.1.4.tgz. Extracting by manifest.
1298 silly tarball no local data for import-meta-resolve@https://registry.npmjs.org/import-meta-resolve/-/import-meta-resolve-4.2.0.tgz. Extracting by manifest.
1299 silly tarball no local data for import-local@https://registry.npmjs.org/import-local/-/import-local-3.2.0.tgz. Extracting by manifest.
1300 silly tarball no local data for import-from-esm@https://registry.npmjs.org/import-from-esm/-/import-from-esm-1.3.4.tgz. Extracting by manifest.
1301 silly tarball no local data for import-fresh@https://registry.npmjs.org/import-fresh/-/import-fresh-3.3.1.tgz. Extracting by manifest.
1302 silly tarball no local data for ignore@https://registry.npmjs.org/ignore/-/ignore-5.3.2.tgz. Extracting by manifest.
1303 silly tarball no local data for iconv-lite@https://registry.npmjs.org/iconv-lite/-/iconv-lite-0.7.0.tgz. Extracting by manifest.
1304 silly tarball no local data for ieee754@https://registry.npmjs.org/ieee754/-/ieee754-1.2.1.tgz. Extracting by manifest.
1305 silly tarball no local data for human-signals@https://registry.npmjs.org/human-signals/-/human-signals-2.1.0.tgz. Extracting by manifest.
1306 silly tarball no local data for https-proxy-agent@https://registry.npmjs.org/https-proxy-agent/-/https-proxy-agent-7.0.6.tgz. Extracting by manifest.
1307 silly tarball no local data for http-errors@https://registry.npmjs.org/http-errors/-/http-errors-2.0.0.tgz. Extracting by manifest.
1308 silly tarball no local data for html-escaper@https://registry.npmjs.org/html-escaper/-/html-escaper-2.0.2.tgz. Extracting by manifest.
1309 silly tarball no local data for http-proxy-agent@https://registry.npmjs.org/http-proxy-agent/-/http-proxy-agent-7.0.2.tgz. Extracting by manifest.
1310 silly tarball no local data for hook-std@https://registry.npmjs.org/hook-std/-/hook-std-4.0.0.tgz. Extracting by manifest.
1311 silly tarball no local data for hosted-git-info@https://registry.npmjs.org/hosted-git-info/-/hosted-git-info-7.0.2.tgz. Extracting by manifest.
1312 silly tarball no local data for hashring@https://registry.npmjs.org/hashring/-/hashring-3.2.0.tgz. Extracting by manifest.
1313 silly tarball no local data for highlight.js@https://registry.npmjs.org/highlight.js/-/highlight.js-10.7.3.tgz. Extracting by manifest.
1314 silly tarball no local data for hasown@https://registry.npmjs.org/hasown/-/hasown-2.0.2.tgz. Extracting by manifest.
1315 silly tarball no local data for has-flag@https://registry.npmjs.org/has-flag/-/has-flag-4.0.0.tgz. Extracting by manifest.
1316 silly tarball no local data for has-symbols@https://registry.npmjs.org/has-symbols/-/has-symbols-1.1.0.tgz. Extracting by manifest.
1317 silly tarball no local data for graphemer@https://registry.npmjs.org/graphemer/-/graphemer-1.4.0.tgz. Extracting by manifest.
1318 silly tarball no local data for graceful-fs@https://registry.npmjs.org/graceful-fs/-/graceful-fs-4.2.11.tgz. Extracting by manifest.
1319 silly tarball no local data for gopd@https://registry.npmjs.org/gopd/-/gopd-1.2.0.tgz. Extracting by manifest.
1320 silly tarball no local data for globby@https://registry.npmjs.org/globby/-/globby-14.1.0.tgz. Extracting by manifest.
1321 silly tarball no local data for globals@https://registry.npmjs.org/globals/-/globals-14.0.0.tgz. Extracting by manifest.
1322 silly tarball no local data for glob-parent@https://registry.npmjs.org/glob-parent/-/glob-parent-6.0.2.tgz. Extracting by manifest.
1323 silly tarball no local data for glob@https://registry.npmjs.org/glob/-/glob-10.5.0.tgz. Extracting by manifest.
1324 silly tarball no local data for github-from-package@https://registry.npmjs.org/github-from-package/-/github-from-package-0.0.0.tgz. Extracting by manifest.
1325 silly tarball no local data for git-log-parser@https://registry.npmjs.org/git-log-parser/-/git-log-parser-1.2.1.tgz. Extracting by manifest.
1326 silly tarball no local data for handlebars@https://registry.npmjs.org/handlebars/-/handlebars-4.7.8.tgz. Extracting by manifest.
1327 silly tarball no local data for get-tsconfig@https://registry.npmjs.org/get-tsconfig/-/get-tsconfig-4.13.0.tgz. Extracting by manifest.
1328 silly tarball no local data for get-stream@https://registry.npmjs.org/get-stream/-/get-stream-6.0.1.tgz. Extracting by manifest.
1329 silly tarball no local data for get-proto@https://registry.npmjs.org/get-proto/-/get-proto-1.0.1.tgz. Extracting by manifest.
1330 silly tarball no local data for get-package-type@https://registry.npmjs.org/get-package-type/-/get-package-type-0.1.0.tgz. Extracting by manifest.
1331 silly tarball no local data for get-intrinsic@https://registry.npmjs.org/get-intrinsic/-/get-intrinsic-1.3.0.tgz. Extracting by manifest.
1332 silly tarball no local data for get-caller-file@https://registry.npmjs.org/get-caller-file/-/get-caller-file-2.0.5.tgz. Extracting by manifest.
1333 silly tarball no local data for gensync@https://registry.npmjs.org/gensync/-/gensync-1.0.0-beta.2.tgz. Extracting by manifest.
1334 silly tarball no local data for generate-function@https://registry.npmjs.org/generate-function/-/generate-function-2.3.1.tgz. Extracting by manifest.
1335 silly tarball no local data for function-timeout@https://registry.npmjs.org/function-timeout/-/function-timeout-1.0.2.tgz. Extracting by manifest.
1336 silly tarball no local data for function-bind@https://registry.npmjs.org/function-bind/-/function-bind-1.1.2.tgz. Extracting by manifest.
1337 silly tarball no local data for fs.realpath@https://registry.npmjs.org/fs.realpath/-/fs.realpath-1.0.0.tgz. Extracting by manifest.
1338 silly tarball no local data for fs-extra@https://registry.npmjs.org/fs-extra/-/fs-extra-11.3.3.tgz. Extracting by manifest.
1339 silly tarball no local data for fs-constants@https://registry.npmjs.org/fs-constants/-/fs-constants-1.0.0.tgz. Extracting by manifest.
1340 silly tarball no local data for from2@https://registry.npmjs.org/from2/-/from2-2.3.0.tgz. Extracting by manifest.
1341 silly tarball no local data for fresh@https://registry.npmjs.org/fresh/-/fresh-2.0.0.tgz. Extracting by manifest.
1342 silly tarball no local data for forwarded@https://registry.npmjs.org/forwarded/-/forwarded-0.2.0.tgz. Extracting by manifest.
1343 silly tarball no local data for foreground-child@https://registry.npmjs.org/foreground-child/-/foreground-child-3.3.1.tgz. Extracting by manifest.
1344 silly tarball no local data for flatted@https://registry.npmjs.org/flatted/-/flatted-3.3.3.tgz. Extracting by manifest.
1345 silly tarball no local data for flat-cache@https://registry.npmjs.org/flat-cache/-/flat-cache-4.0.1.tgz. Extracting by manifest.
1346 silly tarball no local data for find-versions@https://registry.npmjs.org/find-versions/-/find-versions-6.0.0.tgz. Extracting by manifest.
1347 silly tarball no local data for find-up-simple@https://registry.npmjs.org/find-up-simple/-/find-up-simple-1.0.1.tgz. Extracting by manifest.
1348 silly tarball no local data for find-up@https://registry.npmjs.org/find-up/-/find-up-5.0.0.tgz. Extracting by manifest.
1349 silly tarball no local data for finalhandler@https://registry.npmjs.org/finalhandler/-/finalhandler-2.1.0.tgz. Extracting by manifest.
1350 silly tarball no local data for fill-range@https://registry.npmjs.org/fill-range/-/fill-range-7.1.1.tgz. Extracting by manifest.
1351 silly tarball no local data for file-uri-to-path@https://registry.npmjs.org/file-uri-to-path/-/file-uri-to-path-1.0.0.tgz. Extracting by manifest.
1352 silly tarball no local data for file-entry-cache@https://registry.npmjs.org/file-entry-cache/-/file-entry-cache-8.0.0.tgz. Extracting by manifest.
1353 silly tarball no local data for figures@https://registry.npmjs.org/figures/-/figures-6.1.0.tgz. Extracting by manifest.
1354 silly tarball no local data for figlet@https://registry.npmjs.org/figlet/-/figlet-1.9.3.tgz. Extracting by manifest.
1355 silly tarball no local data for fb-watchman@https://registry.npmjs.org/fb-watchman/-/fb-watchman-2.0.2.tgz. Extracting by manifest.
1356 silly tarball no local data for fastq@https://registry.npmjs.org/fastq/-/fastq-1.19.1.tgz. Extracting by manifest.
1357 silly tarball no local data for fast-levenshtein@https://registry.npmjs.org/fast-levenshtein/-/fast-levenshtein-2.0.6.tgz. Extracting by manifest.
1358 silly tarball no local data for fast-json-stable-stringify@https://registry.npmjs.org/fast-json-stable-stringify/-/fast-json-stable-stringify-2.1.0.tgz. Extracting by manifest.
1359 silly tarball no local data for fast-glob@https://registry.npmjs.org/fast-glob/-/fast-glob-3.3.3.tgz. Extracting by manifest.
1360 silly tarball no local data for fast-deep-equal@https://registry.npmjs.org/fast-deep-equal/-/fast-deep-equal-3.1.3.tgz. Extracting by manifest.
1361 silly tarball no local data for express@https://registry.npmjs.org/express/-/express-5.1.0.tgz. Extracting by manifest.
1362 silly tarball no local data for fast-content-type-parse@https://registry.npmjs.org/fast-content-type-parse/-/fast-content-type-parse-2.0.1.tgz. Extracting by manifest.
1363 silly tarball no local data for expect-type@https://registry.npmjs.org/expect-type/-/expect-type-1.2.2.tgz. Extracting by manifest.
1364 silly tarball no local data for expect@https://registry.npmjs.org/expect/-/expect-30.2.0.tgz. Extracting by manifest.
1365 silly tarball no local data for expand-template@https://registry.npmjs.org/expand-template/-/expand-template-2.0.3.tgz. Extracting by manifest.
1366 silly tarball no local data for exit-x@https://registry.npmjs.org/exit-x/-/exit-x-0.2.2.tgz. Extracting by manifest.
1367 silly tarball no local data for execa@https://registry.npmjs.org/execa/-/execa-5.1.1.tgz. Extracting by manifest.
1368 silly tarball no local data for etag@https://registry.npmjs.org/etag/-/etag-1.8.1.tgz. Extracting by manifest.
1369 silly tarball no local data for esutils@https://registry.npmjs.org/esutils/-/esutils-2.0.3.tgz. Extracting by manifest.
1370 silly tarball no local data for estree-walker@https://registry.npmjs.org/estree-walker/-/estree-walker-3.0.3.tgz. Extracting by manifest.
1371 silly tarball no local data for estraverse@https://registry.npmjs.org/estraverse/-/estraverse-5.3.0.tgz. Extracting by manifest.
1372 silly tarball no local data for esrecurse@https://registry.npmjs.org/esrecurse/-/esrecurse-4.3.0.tgz. Extracting by manifest.
1373 silly tarball no local data for esquery@https://registry.npmjs.org/esquery/-/esquery-1.6.0.tgz. Extracting by manifest.
1374 silly tarball no local data for esprima@https://registry.npmjs.org/esprima/-/esprima-4.0.1.tgz. Extracting by manifest.
1375 silly tarball no local data for espree@https://registry.npmjs.org/espree/-/espree-10.4.0.tgz. Extracting by manifest.
1376 silly tarball no local data for eslint-visitor-keys@https://registry.npmjs.org/eslint-visitor-keys/-/eslint-visitor-keys-4.2.1.tgz. Extracting by manifest.
1377 silly tarball no local data for eslint-scope@https://registry.npmjs.org/eslint-scope/-/eslint-scope-8.4.0.tgz. Extracting by manifest.
1378 silly tarball no local data for eslint@https://registry.npmjs.org/eslint/-/eslint-9.39.1.tgz. Extracting by manifest.
1379 silly tarball no local data for escape-string-regexp@https://registry.npmjs.org/escape-string-regexp/-/escape-string-regexp-4.0.0.tgz. Extracting by manifest.
1380 silly tarball no local data for escape-html@https://registry.npmjs.org/escape-html/-/escape-html-1.0.3.tgz. Extracting by manifest.
1381 silly tarball no local data for escalade@https://registry.npmjs.org/escalade/-/escalade-3.2.0.tgz. Extracting by manifest.
1382 silly tarball no local data for esbuild@https://registry.npmjs.org/esbuild/-/esbuild-0.25.12.tgz. Extracting by manifest.
1383 silly tarball no local data for es-object-atoms@https://registry.npmjs.org/es-object-atoms/-/es-object-atoms-1.1.1.tgz. Extracting by manifest.
1384 silly tarball no local data for es-module-lexer@https://registry.npmjs.org/es-module-lexer/-/es-module-lexer-1.7.0.tgz. Extracting by manifest.
1385 silly tarball no local data for es-errors@https://registry.npmjs.org/es-errors/-/es-errors-1.3.0.tgz. Extracting by manifest.
1386 silly tarball no local data for es-define-property@https://registry.npmjs.org/es-define-property/-/es-define-property-1.0.1.tgz. Extracting by manifest.
1387 silly tarball no local data for error-ex@https://registry.npmjs.org/error-ex/-/error-ex-1.3.4.tgz. Extracting by manifest.
1388 silly tarball no local data for env-ci@https://registry.npmjs.org/env-ci/-/env-ci-11.2.0.tgz. Extracting by manifest.
1389 silly tarball no local data for env-paths@https://registry.npmjs.org/env-paths/-/env-paths-2.2.1.tgz. Extracting by manifest.
1390 silly tarball no local data for environment@https://registry.npmjs.org/environment/-/environment-1.1.0.tgz. Extracting by manifest.
1391 silly tarball no local data for end-of-stream@https://registry.npmjs.org/end-of-stream/-/end-of-stream-1.4.5.tgz. Extracting by manifest.
1392 silly tarball no local data for encodeurl@https://registry.npmjs.org/encodeurl/-/encodeurl-2.0.0.tgz. Extracting by manifest.
1393 silly tarball no local data for emojilib@https://registry.npmjs.org/emojilib/-/emojilib-2.4.0.tgz. Extracting by manifest.
1394 silly tarball no local data for emittery@https://registry.npmjs.org/emittery/-/emittery-0.13.1.tgz. Extracting by manifest.
1395 silly tarball no local data for electron-to-chromium@https://registry.npmjs.org/electron-to-chromium/-/electron-to-chromium-1.5.245.tgz. Extracting by manifest.
1396 silly tarball no local data for ee-first@https://registry.npmjs.org/ee-first/-/ee-first-1.1.1.tgz. Extracting by manifest.
1397 silly tarball no local data for eastasianwidth@https://registry.npmjs.org/eastasianwidth/-/eastasianwidth-0.2.0.tgz. Extracting by manifest.
1398 silly tarball no local data for duplexer2@https://registry.npmjs.org/duplexer2/-/duplexer2-0.1.4.tgz. Extracting by manifest.
1399 silly tarball no local data for dotenv@https://registry.npmjs.org/dotenv/-/dotenv-17.2.3.tgz. Extracting by manifest.
1400 silly tarball no local data for dot-prop@https://registry.npmjs.org/dot-prop/-/dot-prop-5.3.0.tgz. Extracting by manifest.
1401 silly tarball no local data for dir-glob@https://registry.npmjs.org/dir-glob/-/dir-glob-3.0.1.tgz. Extracting by manifest.
1402 silly tarball no local data for dunder-proto@https://registry.npmjs.org/dunder-proto/-/dunder-proto-1.0.1.tgz. Extracting by manifest.
1403 silly tarball no local data for detect-newline@https://registry.npmjs.org/detect-newline/-/detect-newline-3.1.0.tgz. Extracting by manifest.
1404 silly tarball no local data for depd@https://registry.npmjs.org/depd/-/depd-2.0.0.tgz. Extracting by manifest.
1405 silly tarball no local data for detect-libc@https://registry.npmjs.org/detect-libc/-/detect-libc-2.1.2.tgz. Extracting by manifest.
1406 silly tarball no local data for deepmerge@https://registry.npmjs.org/deepmerge/-/deepmerge-4.3.1.tgz. Extracting by manifest.
1407 silly tarball no local data for denque@https://registry.npmjs.org/denque/-/denque-2.1.0.tgz. Extracting by manifest.
1408 silly tarball no local data for emoji-regex@https://registry.npmjs.org/emoji-regex/-/emoji-regex-9.2.2.tgz. Extracting by manifest.
1409 silly tarball no local data for deep-is@https://registry.npmjs.org/deep-is/-/deep-is-0.1.4.tgz. Extracting by manifest.
1410 silly tarball no local data for deep-extend@https://registry.npmjs.org/deep-extend/-/deep-extend-0.6.0.tgz. Extracting by manifest.
1411 silly tarball no local data for diff@https://registry.npmjs.org/diff/-/diff-4.0.4.tgz. Extracting by manifest.
1412 silly tarball no local data for dedent@https://registry.npmjs.org/dedent/-/dedent-1.7.0.tgz. Extracting by manifest.
1413 silly tarball no local data for debug@https://registry.npmjs.org/debug/-/debug-4.4.3.tgz. Extracting by manifest.
1414 silly tarball no local data for decompress-response@https://registry.npmjs.org/decompress-response/-/decompress-response-6.0.0.tgz. Extracting by manifest.
1415 silly tarball no local data for crypto-random-string@https://registry.npmjs.org/crypto-random-string/-/crypto-random-string-4.0.0.tgz. Extracting by manifest.
1416 silly tarball no local data for cross-spawn@https://registry.npmjs.org/cross-spawn/-/cross-spawn-7.0.6.tgz. Extracting by manifest.
1417 silly tarball no local data for create-require@https://registry.npmjs.org/create-require/-/create-require-1.1.1.tgz. Extracting by manifest.
1418 silly tarball no local data for core-util-is@https://registry.npmjs.org/core-util-is/-/core-util-is-1.0.3.tgz. Extracting by manifest.
1419 silly tarball no local data for cookie-signature@https://registry.npmjs.org/cookie-signature/-/cookie-signature-1.2.2.tgz. Extracting by manifest.
1420 silly tarball no local data for cosmiconfig@https://registry.npmjs.org/cosmiconfig/-/cosmiconfig-9.0.0.tgz. Extracting by manifest.
1421 silly tarball no local data for cookie@https://registry.npmjs.org/cookie/-/cookie-0.7.2.tgz. Extracting by manifest.
1422 silly tarball no local data for convert-source-map@https://registry.npmjs.org/convert-source-map/-/convert-source-map-2.0.0.tgz. Extracting by manifest.
1423 silly tarball no local data for convert-hrtime@https://registry.npmjs.org/convert-hrtime/-/convert-hrtime-5.0.0.tgz. Extracting by manifest.
1424 silly tarball no local data for conventional-commits-parser@https://registry.npmjs.org/conventional-commits-parser/-/conventional-commits-parser-5.0.0.tgz. Extracting by manifest.
1425 silly tarball no local data for conventional-commits-filter@https://registry.npmjs.org/conventional-commits-filter/-/conventional-commits-filter-4.0.0.tgz. Extracting by manifest.
1426 silly tarball no local data for conventional-changelog-writer@https://registry.npmjs.org/conventional-changelog-writer/-/conventional-changelog-writer-7.0.1.tgz. Extracting by manifest.
1427 silly tarball no local data for conventional-changelog-angular@https://registry.npmjs.org/conventional-changelog-angular/-/conventional-changelog-angular-7.0.0.tgz. Extracting by manifest.
1428 silly tarball no local data for content-type@https://registry.npmjs.org/content-type/-/content-type-1.0.5.tgz. Extracting by manifest.
1429 silly tarball no local data for connection-parse@https://registry.npmjs.org/connection-parse/-/connection-parse-0.0.7.tgz. Extracting by manifest.
1430 silly tarball no local data for content-disposition@https://registry.npmjs.org/content-disposition/-/content-disposition-1.0.0.tgz. Extracting by manifest.
1431 silly tarball no local data for config-chain@https://registry.npmjs.org/config-chain/-/config-chain-1.1.13.tgz. Extracting by manifest.
1432 silly tarball no local data for concat-map@https://registry.npmjs.org/concat-map/-/concat-map-0.0.1.tgz. Extracting by manifest.
1433 silly tarball no local data for commander@https://registry.npmjs.org/commander/-/commander-12.1.0.tgz. Extracting by manifest.
1434 silly tarball no local data for compare-func@https://registry.npmjs.org/compare-func/-/compare-func-2.0.0.tgz. Extracting by manifest.
1435 silly tarball no local data for color-name@https://registry.npmjs.org/color-name/-/color-name-1.1.4.tgz. Extracting by manifest.
1436 silly tarball no local data for color-convert@https://registry.npmjs.org/color-convert/-/color-convert-2.0.1.tgz. Extracting by manifest.
1437 silly tarball no local data for collect-v8-coverage@https://registry.npmjs.org/collect-v8-coverage/-/collect-v8-coverage-1.0.3.tgz. Extracting by manifest.
1438 silly tarball no local data for cliui@https://registry.npmjs.org/cliui/-/cliui-8.0.1.tgz. Extracting by manifest.
1439 silly tarball no local data for co@https://registry.npmjs.org/co/-/co-4.6.0.tgz. Extracting by manifest.
1440 silly tarball no local data for cli-table3@https://registry.npmjs.org/cli-table3/-/cli-table3-0.6.5.tgz. Extracting by manifest.
1441 silly tarball no local data for cli-highlight@https://registry.npmjs.org/cli-highlight/-/cli-highlight-2.1.11.tgz. Extracting by manifest.
1442 silly tarball no local data for cjs-module-lexer@https://registry.npmjs.org/cjs-module-lexer/-/cjs-module-lexer-2.1.0.tgz. Extracting by manifest.
1443 silly tarball no local data for clean-stack@https://registry.npmjs.org/clean-stack/-/clean-stack-2.2.0.tgz. Extracting by manifest.
1444 silly tarball no local data for ci-info@https://registry.npmjs.org/ci-info/-/ci-info-4.3.1.tgz. Extracting by manifest.
1445 silly tarball no local data for char-regex@https://registry.npmjs.org/char-regex/-/char-regex-1.0.2.tgz. Extracting by manifest.
1446 silly tarball no local data for chalk@https://registry.npmjs.org/chalk/-/chalk-5.6.2.tgz. Extracting by manifest.
1447 silly tarball no local data for chai@https://registry.npmjs.org/chai/-/chai-6.2.0.tgz. Extracting by manifest.
1448 silly tarball no local data for caniuse-lite@https://registry.npmjs.org/caniuse-lite/-/caniuse-lite-1.0.30001754.tgz. Extracting by manifest.
1449 silly tarball no local data for camelcase@https://registry.npmjs.org/camelcase/-/camelcase-5.3.1.tgz. Extracting by manifest.
1450 silly tarball no local data for callsites@https://registry.npmjs.org/callsites/-/callsites-3.1.0.tgz. Extracting by manifest.
1451 silly tarball no local data for call-bound@https://registry.npmjs.org/call-bound/-/call-bound-1.0.4.tgz. Extracting by manifest.
1452 silly tarball no local data for call-bind-apply-helpers@https://registry.npmjs.org/call-bind-apply-helpers/-/call-bind-apply-helpers-1.0.2.tgz. Extracting by manifest.
1453 silly tarball no local data for bytes@https://registry.npmjs.org/bytes/-/bytes-3.1.2.tgz. Extracting by manifest.
1454 silly tarball no local data for buffer-from@https://registry.npmjs.org/buffer-from/-/buffer-from-1.1.2.tgz. Extracting by manifest.
1455 silly tarball no local data for bson@https://registry.npmjs.org/bson/-/bson-6.10.4.tgz. Extracting by manifest.
1456 silly tarball no local data for buffer@https://registry.npmjs.org/buffer/-/buffer-5.7.1.tgz. Extracting by manifest.
1457 silly tarball no local data for bser@https://registry.npmjs.org/bser/-/bser-2.1.1.tgz. Extracting by manifest.
1458 silly tarball no local data for bs-logger@https://registry.npmjs.org/bs-logger/-/bs-logger-0.2.6.tgz. Extracting by manifest.
1459 silly tarball no local data for browserslist@https://registry.npmjs.org/browserslist/-/browserslist-4.27.0.tgz. Extracting by manifest.
1460 silly tarball no local data for bottleneck@https://registry.npmjs.org/bottleneck/-/bottleneck-2.19.5.tgz. Extracting by manifest.
1461 silly tarball no local data for body-parser@https://registry.npmjs.org/body-parser/-/body-parser-2.2.2.tgz. Extracting by manifest.
1462 silly tarball no local data for braces@https://registry.npmjs.org/braces/-/braces-3.0.3.tgz. Extracting by manifest.
1463 silly tarball no local data for brace-expansion@https://registry.npmjs.org/brace-expansion/-/brace-expansion-1.1.12.tgz. Extracting by manifest.
1464 silly tarball no local data for bl@https://registry.npmjs.org/bl/-/bl-4.1.0.tgz. Extracting by manifest.
1465 silly tarball no local data for better-sqlite3@https://registry.npmjs.org/better-sqlite3/-/better-sqlite3-12.2.0.tgz. Extracting by manifest.
1466 silly tarball no local data for before-after-hook@https://registry.npmjs.org/before-after-hook/-/before-after-hook-3.0.2.tgz. Extracting by manifest.
1467 silly tarball no local data for base64-js@https://registry.npmjs.org/base64-js/-/base64-js-1.5.1.tgz. Extracting by manifest.
1468 silly tarball no local data for balanced-match@https://registry.npmjs.org/balanced-match/-/balanced-match-1.0.2.tgz. Extracting by manifest.
1469 silly tarball no local data for babel-preset-jest@https://registry.npmjs.org/babel-preset-jest/-/babel-preset-jest-30.2.0.tgz. Extracting by manifest.
1470 silly tarball no local data for babel-preset-current-node-syntax@https://registry.npmjs.org/babel-preset-current-node-syntax/-/babel-preset-current-node-syntax-1.2.0.tgz. Extracting by manifest.
1471 silly tarball no local data for babel-plugin-jest-hoist@https://registry.npmjs.org/babel-plugin-jest-hoist/-/babel-plugin-jest-hoist-30.2.0.tgz. Extracting by manifest.
1472 silly tarball no local data for bindings@https://registry.npmjs.org/bindings/-/bindings-1.5.0.tgz. Extracting by manifest.
1473 silly tarball no local data for babel-plugin-istanbul@https://registry.npmjs.org/babel-plugin-istanbul/-/babel-plugin-istanbul-7.0.1.tgz. Extracting by manifest.
1474 silly tarball no local data for babel-jest@https://registry.npmjs.org/babel-jest/-/babel-jest-30.2.0.tgz. Extracting by manifest.
1475 silly tarball no local data for aws-ssl-profiles@https://registry.npmjs.org/aws-ssl-profiles/-/aws-ssl-profiles-1.1.2.tgz. Extracting by manifest.
1476 silly tarball no local data for assertion-error@https://registry.npmjs.org/assertion-error/-/assertion-error-2.0.1.tgz. Extracting by manifest.
1477 silly tarball no local data for baseline-browser-mapping@https://registry.npmjs.org/baseline-browser-mapping/-/baseline-browser-mapping-2.8.25.tgz. Extracting by manifest.
1478 silly tarball no local data for array-ify@https://registry.npmjs.org/array-ify/-/array-ify-1.0.0.tgz. Extracting by manifest.
1479 silly tarball no local data for argv-formatter@https://registry.npmjs.org/argv-formatter/-/argv-formatter-1.0.0.tgz. Extracting by manifest.
1480 silly tarball no local data for arg@https://registry.npmjs.org/arg/-/arg-4.1.3.tgz. Extracting by manifest.
1481 silly tarball no local data for anymatch@https://registry.npmjs.org/anymatch/-/anymatch-3.1.3.tgz. Extracting by manifest.
1482 silly tarball no local data for any-promise@https://registry.npmjs.org/any-promise/-/any-promise-1.3.0.tgz. Extracting by manifest.
1483 silly tarball no local data for argparse@https://registry.npmjs.org/argparse/-/argparse-2.0.1.tgz. Extracting by manifest.
1484 silly tarball no local data for ansi-regex@https://registry.npmjs.org/ansi-regex/-/ansi-regex-6.2.2.tgz. Extracting by manifest.
1485 silly tarball no local data for ansi-escapes@https://registry.npmjs.org/ansi-escapes/-/ansi-escapes-4.3.2.tgz. Extracting by manifest.
1486 silly tarball no local data for ansi-styles@https://registry.npmjs.org/ansi-styles/-/ansi-styles-5.2.0.tgz. Extracting by manifest.
1487 silly tarball no local data for aggregate-error@https://registry.npmjs.org/aggregate-error/-/aggregate-error-3.1.0.tgz. Extracting by manifest.
1488 silly tarball no local data for ajv@https://registry.npmjs.org/ajv/-/ajv-6.14.0.tgz. Extracting by manifest.
1489 silly tarball no local data for agent-base@https://registry.npmjs.org/agent-base/-/agent-base-7.1.4.tgz. Extracting by manifest.
1490 silly tarball no local data for acorn-jsx@https://registry.npmjs.org/acorn-jsx/-/acorn-jsx-5.3.2.tgz. Extracting by manifest.
1491 silly tarball no local data for acorn-walk@https://registry.npmjs.org/acorn-walk/-/acorn-walk-8.3.4.tgz. Extracting by manifest.
1492 silly tarball no local data for acorn@https://registry.npmjs.org/acorn/-/acorn-8.15.0.tgz. Extracting by manifest.
1493 silly tarball no local data for @vitest/utils@https://registry.npmjs.org/@vitest/utils/-/utils-4.0.7.tgz. Extracting by manifest.
1494 silly tarball no local data for @vitest/snapshot@https://registry.npmjs.org/@vitest/snapshot/-/snapshot-4.0.7.tgz. Extracting by manifest.
1495 silly tarball no local data for accepts@https://registry.npmjs.org/accepts/-/accepts-2.0.0.tgz. Extracting by manifest.
1496 silly tarball no local data for @vitest/runner@https://registry.npmjs.org/@vitest/runner/-/runner-4.0.7.tgz. Extracting by manifest.
1497 silly tarball no local data for @vitest/pretty-format@https://registry.npmjs.org/@vitest/pretty-format/-/pretty-format-4.0.7.tgz. Extracting by manifest.
1498 silly tarball no local data for @vitest/expect@https://registry.npmjs.org/@vitest/expect/-/expect-4.0.7.tgz. Extracting by manifest.
1499 silly tarball no local data for @vitest/spy@https://registry.npmjs.org/@vitest/spy/-/spy-4.0.7.tgz. Extracting by manifest.
1500 silly tarball no local data for @unrs/resolver-binding-win32-x64-msvc@https://registry.npmjs.org/@unrs/resolver-binding-win32-x64-msvc/-/resolver-binding-win32-x64-msvc-1.11.1.tgz. Extracting by manifest.
1501 silly tarball no local data for @ungap/structured-clone@https://registry.npmjs.org/@ungap/structured-clone/-/structured-clone-1.3.0.tgz. Extracting by manifest.
1502 silly tarball no local data for @typescript-eslint/visitor-keys@https://registry.npmjs.org/@typescript-eslint/visitor-keys/-/visitor-keys-8.46.3.tgz. Extracting by manifest.
1503 silly tarball no local data for @vitest/mocker@https://registry.npmjs.org/@vitest/mocker/-/mocker-4.0.7.tgz. Extracting by manifest.
1504 silly tarball no local data for @typescript-eslint/utils@https://registry.npmjs.org/@typescript-eslint/utils/-/utils-8.46.3.tgz. Extracting by manifest.
1505 silly tarball no local data for @typescript-eslint/typescript-estree@https://registry.npmjs.org/@typescript-eslint/typescript-estree/-/typescript-estree-8.46.3.tgz. Extracting by manifest.
1506 silly tarball no local data for @typescript-eslint/types@https://registry.npmjs.org/@typescript-eslint/types/-/types-8.46.3.tgz. Extracting by manifest.
1507 silly tarball no local data for @typescript-eslint/type-utils@https://registry.npmjs.org/@typescript-eslint/type-utils/-/type-utils-8.46.3.tgz. Extracting by manifest.
1508 silly tarball no local data for @typescript-eslint/tsconfig-utils@https://registry.npmjs.org/@typescript-eslint/tsconfig-utils/-/tsconfig-utils-8.46.3.tgz. Extracting by manifest.
1509 silly tarball no local data for @typescript-eslint/scope-manager@https://registry.npmjs.org/@typescript-eslint/scope-manager/-/scope-manager-8.46.3.tgz. Extracting by manifest.
1510 silly tarball no local data for @typescript-eslint/parser@https://registry.npmjs.org/@typescript-eslint/parser/-/parser-8.46.3.tgz. Extracting by manifest.
1511 silly tarball no local data for @typescript-eslint/eslint-plugin@https://registry.npmjs.org/@typescript-eslint/eslint-plugin/-/eslint-plugin-8.46.3.tgz. Extracting by manifest.
1512 silly tarball no local data for @typescript-eslint/project-service@https://registry.npmjs.org/@typescript-eslint/project-service/-/project-service-8.46.3.tgz. Extracting by manifest.
1513 silly tarball no local data for @types/yargs-parser@https://registry.npmjs.org/@types/yargs-parser/-/yargs-parser-21.0.3.tgz. Extracting by manifest.
1514 silly tarball no local data for @types/yargs@https://registry.npmjs.org/@types/yargs/-/yargs-17.0.34.tgz. Extracting by manifest.
1515 silly tarball no local data for @types/whatwg-url@https://registry.npmjs.org/@types/whatwg-url/-/whatwg-url-11.0.5.tgz. Extracting by manifest.
1516 silly tarball no local data for @types/webidl-conversions@https://registry.npmjs.org/@types/webidl-conversions/-/webidl-conversions-7.0.3.tgz. Extracting by manifest.
1517 silly tarball no local data for @types/stack-utils@https://registry.npmjs.org/@types/stack-utils/-/stack-utils-2.0.3.tgz. Extracting by manifest.
1518 silly tarball no local data for @types/serve-static@https://registry.npmjs.org/@types/serve-static/-/serve-static-2.2.0.tgz. Extracting by manifest.
1519 silly tarball no local data for @types/send@https://registry.npmjs.org/@types/send/-/send-1.2.1.tgz. Extracting by manifest.
1520 silly tarball no local data for @types/qs@https://registry.npmjs.org/@types/qs/-/qs-6.14.0.tgz. Extracting by manifest.
1521 silly tarball no local data for @types/pg@https://registry.npmjs.org/@types/pg/-/pg-8.15.6.tgz. Extracting by manifest.
1522 silly tarball no local data for @types/node@https://registry.npmjs.org/@types/node/-/node-22.19.0.tgz. Extracting by manifest.
1523 silly tarball no local data for @types/normalize-package-data@https://registry.npmjs.org/@types/normalize-package-data/-/normalize-package-data-2.4.4.tgz. Extracting by manifest.
1524 silly tarball no local data for @types/memcached@https://registry.npmjs.org/@types/memcached/-/memcached-2.2.10.tgz. Extracting by manifest.
1525 silly tarball no local data for @types/json-schema@https://registry.npmjs.org/@types/json-schema/-/json-schema-7.0.15.tgz. Extracting by manifest.
1526 silly tarball no local data for @types/jest@https://registry.npmjs.org/@types/jest/-/jest-30.0.0.tgz. Extracting by manifest.
1527 silly tarball no local data for @types/istanbul-reports@https://registry.npmjs.org/@types/istanbul-reports/-/istanbul-reports-3.0.4.tgz. Extracting by manifest.
1528 silly tarball no local data for @types/istanbul-lib-report@https://registry.npmjs.org/@types/istanbul-lib-report/-/istanbul-lib-report-3.0.3.tgz. Extracting by manifest.
1529 silly tarball no local data for @types/istanbul-lib-coverage@https://registry.npmjs.org/@types/istanbul-lib-coverage/-/istanbul-lib-coverage-2.0.6.tgz. Extracting by manifest.
1530 silly tarball no local data for @types/http-errors@https://registry.npmjs.org/@types/http-errors/-/http-errors-2.0.5.tgz. Extracting by manifest.
1531 silly tarball no local data for @types/figlet@https://registry.npmjs.org/@types/figlet/-/figlet-1.7.0.tgz. Extracting by manifest.
1532 silly tarball no local data for @types/range-parser@https://registry.npmjs.org/@types/range-parser/-/range-parser-1.2.7.tgz. Extracting by manifest.
1533 silly tarball no local data for @types/express-serve-static-core@https://registry.npmjs.org/@types/express-serve-static-core/-/express-serve-static-core-5.1.1.tgz. Extracting by manifest.
1534 silly tarball no local data for @types/estree@https://registry.npmjs.org/@types/estree/-/estree-1.0.8.tgz. Extracting by manifest.
1535 silly tarball no local data for @types/express@https://registry.npmjs.org/@types/express/-/express-5.0.6.tgz. Extracting by manifest.
1536 silly tarball no local data for @types/deep-eql@https://registry.npmjs.org/@types/deep-eql/-/deep-eql-4.0.2.tgz. Extracting by manifest.
1537 silly tarball no local data for @types/babel__traverse@https://registry.npmjs.org/@types/babel__traverse/-/babel__traverse-7.28.0.tgz. Extracting by manifest.
1538 silly tarball no local data for @types/connect@https://registry.npmjs.org/@types/connect/-/connect-3.4.38.tgz. Extracting by manifest.
1539 silly tarball no local data for @types/chai@https://registry.npmjs.org/@types/chai/-/chai-5.2.3.tgz. Extracting by manifest.
1540 silly tarball no local data for @tsconfig/node16@https://registry.npmjs.org/@tsconfig/node16/-/node16-1.0.4.tgz. Extracting by manifest.
1541 silly tarball no local data for @types/babel__generator@https://registry.npmjs.org/@types/babel__generator/-/babel__generator-7.27.0.tgz. Extracting by manifest.
1542 silly tarball no local data for @types/babel__template@https://registry.npmjs.org/@types/babel__template/-/babel__template-7.4.4.tgz. Extracting by manifest.
1543 silly tarball no local data for @types/body-parser@https://registry.npmjs.org/@types/body-parser/-/body-parser-1.19.6.tgz. Extracting by manifest.
1544 silly tarball no local data for @types/babel__core@https://registry.npmjs.org/@types/babel__core/-/babel__core-7.20.5.tgz. Extracting by manifest.
1545 silly tarball no local data for @tsconfig/node14@https://registry.npmjs.org/@tsconfig/node14/-/node14-1.0.3.tgz. Extracting by manifest.
1546 silly tarball no local data for @standard-schema/spec@https://registry.npmjs.org/@standard-schema/spec/-/spec-1.0.0.tgz. Extracting by manifest.
1547 silly tarball no local data for @tsconfig/node12@https://registry.npmjs.org/@tsconfig/node12/-/node12-1.0.11.tgz. Extracting by manifest.
1548 silly tarball no local data for @tsconfig/node10@https://registry.npmjs.org/@tsconfig/node10/-/node10-1.0.11.tgz. Extracting by manifest.
1549 silly tarball no local data for @sinonjs/fake-timers@https://registry.npmjs.org/@sinonjs/fake-timers/-/fake-timers-13.0.5.tgz. Extracting by manifest.
1550 silly tarball no local data for @sindresorhus/merge-streams@https://registry.npmjs.org/@sindresorhus/merge-streams/-/merge-streams-2.3.0.tgz. Extracting by manifest.
1551 silly tarball no local data for @sinonjs/commons@https://registry.npmjs.org/@sinonjs/commons/-/commons-3.0.1.tgz. Extracting by manifest.
1552 silly tarball no local data for @sindresorhus/is@https://registry.npmjs.org/@sindresorhus/is/-/is-4.6.0.tgz. Extracting by manifest.
1553 silly tarball no local data for @sinclair/typebox@https://registry.npmjs.org/@sinclair/typebox/-/typebox-0.34.41.tgz. Extracting by manifest.
1554 silly tarball no local data for @semantic-release/release-notes-generator@https://registry.npmjs.org/@semantic-release/release-notes-generator/-/release-notes-generator-13.0.0.tgz. Extracting by manifest.
1555 silly tarball no local data for @semantic-release/npm@https://registry.npmjs.org/@semantic-release/npm/-/npm-12.0.2.tgz. Extracting by manifest.
1556 silly tarball no local data for @semantic-release/github@https://registry.npmjs.org/@semantic-release/github/-/github-10.3.5.tgz. Extracting by manifest.
1557 silly tarball no local data for @semantic-release/git@https://registry.npmjs.org/@semantic-release/git/-/git-10.0.1.tgz. Extracting by manifest.
1558 silly tarball no local data for @sec-ant/readable-stream@https://registry.npmjs.org/@sec-ant/readable-stream/-/readable-stream-0.4.1.tgz. Extracting by manifest.
1559 silly tarball no local data for @semantic-release/error@https://registry.npmjs.org/@semantic-release/error/-/error-3.0.0.tgz. Extracting by manifest.
1560 silly tarball no local data for @semantic-release/commit-analyzer@https://registry.npmjs.org/@semantic-release/commit-analyzer/-/commit-analyzer-12.0.0.tgz. Extracting by manifest.
1561 silly tarball no local data for @semantic-release/changelog@https://registry.npmjs.org/@semantic-release/changelog/-/changelog-6.0.3.tgz. Extracting by manifest.
1562 silly tarball no local data for @rollup/rollup-win32-x64-msvc@https://registry.npmjs.org/@rollup/rollup-win32-x64-msvc/-/rollup-win32-x64-msvc-4.59.0.tgz. Extracting by manifest.
1563 silly tarball no local data for @rollup/rollup-win32-x64-gnu@https://registry.npmjs.org/@rollup/rollup-win32-x64-gnu/-/rollup-win32-x64-gnu-4.59.0.tgz. Extracting by manifest.
1564 silly tarball no local data for @pnpm/npm-conf@https://registry.npmjs.org/@pnpm/npm-conf/-/npm-conf-3.0.2.tgz. Extracting by manifest.
1565 silly tarball no local data for @pkgr/core@https://registry.npmjs.org/@pkgr/core/-/core-0.2.9.tgz. Extracting by manifest.
1566 silly tarball no local data for @pnpm/network.ca-file@https://registry.npmjs.org/@pnpm/network.ca-file/-/network.ca-file-1.0.2.tgz. Extracting by manifest.
1567 silly tarball no local data for @pkgjs/parseargs@https://registry.npmjs.org/@pkgjs/parseargs/-/parseargs-0.11.0.tgz. Extracting by manifest.
1568 silly tarball no local data for @pnpm/config.env-replace@https://registry.npmjs.org/@pnpm/config.env-replace/-/config.env-replace-1.1.0.tgz. Extracting by manifest.
1569 silly tarball no local data for @octokit/request-error@https://registry.npmjs.org/@octokit/request-error/-/request-error-6.1.8.tgz. Extracting by manifest.
1570 silly tarball no local data for @octokit/request@https://registry.npmjs.org/@octokit/request/-/request-9.2.4.tgz. Extracting by manifest.
1571 silly tarball no local data for @octokit/plugin-throttling@https://registry.npmjs.org/@octokit/plugin-throttling/-/plugin-throttling-9.6.1.tgz. Extracting by manifest.
1572 silly tarball no local data for @octokit/plugin-retry@https://registry.npmjs.org/@octokit/plugin-retry/-/plugin-retry-7.2.1.tgz. Extracting by manifest.
1573 silly tarball no local data for @octokit/types@https://registry.npmjs.org/@octokit/types/-/types-14.1.0.tgz. Extracting by manifest.
1574 silly tarball no local data for @octokit/plugin-paginate-rest@https://registry.npmjs.org/@octokit/plugin-paginate-rest/-/plugin-paginate-rest-11.6.0.tgz. Extracting by manifest.
1575 silly tarball no local data for @octokit/openapi-types@https://registry.npmjs.org/@octokit/openapi-types/-/openapi-types-25.1.0.tgz. Extracting by manifest.
1576 silly tarball no local data for @octokit/graphql@https://registry.npmjs.org/@octokit/graphql/-/graphql-8.2.2.tgz. Extracting by manifest.
1577 silly tarball no local data for @octokit/endpoint@https://registry.npmjs.org/@octokit/endpoint/-/endpoint-10.1.4.tgz. Extracting by manifest.
1578 silly tarball no local data for @nodelib/fs.walk@https://registry.npmjs.org/@nodelib/fs.walk/-/fs.walk-1.2.8.tgz. Extracting by manifest.
1579 silly tarball no local data for @octokit/core@https://registry.npmjs.org/@octokit/core/-/core-6.1.6.tgz. Extracting by manifest.
1580 silly tarball no local data for @octokit/auth-token@https://registry.npmjs.org/@octokit/auth-token/-/auth-token-5.1.2.tgz. Extracting by manifest.
1581 silly tarball no local data for @nodelib/fs.stat@https://registry.npmjs.org/@nodelib/fs.stat/-/fs.stat-2.0.5.tgz. Extracting by manifest.
1582 silly tarball no local data for @nodelib/fs.scandir@https://registry.npmjs.org/@nodelib/fs.scandir/-/fs.scandir-2.1.5.tgz. Extracting by manifest.
1583 silly tarball no local data for @mongodb-js/saslprep@https://registry.npmjs.org/@mongodb-js/saslprep/-/saslprep-1.3.2.tgz. Extracting by manifest.
1584 silly tarball no local data for @jridgewell/trace-mapping@https://registry.npmjs.org/@jridgewell/trace-mapping/-/trace-mapping-0.3.31.tgz. Extracting by manifest.
1585 silly tarball no local data for @jridgewell/sourcemap-codec@https://registry.npmjs.org/@jridgewell/sourcemap-codec/-/sourcemap-codec-1.5.5.tgz. Extracting by manifest.
1586 silly tarball no local data for @jridgewell/remapping@https://registry.npmjs.org/@jridgewell/remapping/-/remapping-2.3.5.tgz. Extracting by manifest.
1587 silly tarball no local data for @jridgewell/resolve-uri@https://registry.npmjs.org/@jridgewell/resolve-uri/-/resolve-uri-3.1.2.tgz. Extracting by manifest.
1588 silly tarball no local data for @jest/types@https://registry.npmjs.org/@jest/types/-/types-30.2.0.tgz. Extracting by manifest.
1589 silly tarball no local data for @jridgewell/gen-mapping@https://registry.npmjs.org/@jridgewell/gen-mapping/-/gen-mapping-0.3.13.tgz. Extracting by manifest.
1590 silly tarball no local data for @jest/transform@https://registry.npmjs.org/@jest/transform/-/transform-30.2.0.tgz. Extracting by manifest.
1591 silly tarball no local data for @jest/test-sequencer@https://registry.npmjs.org/@jest/test-sequencer/-/test-sequencer-30.2.0.tgz. Extracting by manifest.
1592 silly tarball no local data for @jest/source-map@https://registry.npmjs.org/@jest/source-map/-/source-map-30.0.1.tgz. Extracting by manifest.
1593 silly tarball no local data for @jest/test-result@https://registry.npmjs.org/@jest/test-result/-/test-result-30.2.0.tgz. Extracting by manifest.
1594 silly tarball no local data for @jest/schemas@https://registry.npmjs.org/@jest/schemas/-/schemas-30.0.5.tgz. Extracting by manifest.
1595 silly tarball no local data for @jest/reporters@https://registry.npmjs.org/@jest/reporters/-/reporters-30.2.0.tgz. Extracting by manifest.
1596 silly tarball no local data for @jest/pattern@https://registry.npmjs.org/@jest/pattern/-/pattern-30.0.1.tgz. Extracting by manifest.
1597 silly tarball no local data for @jest/globals@https://registry.npmjs.org/@jest/globals/-/globals-30.2.0.tgz. Extracting by manifest.
1598 silly tarball no local data for @jest/fake-timers@https://registry.npmjs.org/@jest/fake-timers/-/fake-timers-30.2.0.tgz. Extracting by manifest.
1599 silly tarball no local data for @jest/expect-utils@https://registry.npmjs.org/@jest/expect-utils/-/expect-utils-30.2.0.tgz. Extracting by manifest.
1600 silly tarball no local data for @jest/get-type@https://registry.npmjs.org/@jest/get-type/-/get-type-30.1.0.tgz. Extracting by manifest.
1601 silly tarball no local data for @jest/expect@https://registry.npmjs.org/@jest/expect/-/expect-30.2.0.tgz. Extracting by manifest.
1602 silly tarball no local data for @jest/environment@https://registry.npmjs.org/@jest/environment/-/environment-30.2.0.tgz. Extracting by manifest.
1603 silly tarball no local data for @jest/diff-sequences@https://registry.npmjs.org/@jest/diff-sequences/-/diff-sequences-30.0.1.tgz. Extracting by manifest.
1604 silly tarball no local data for @jest/snapshot-utils@https://registry.npmjs.org/@jest/snapshot-utils/-/snapshot-utils-30.2.0.tgz. Extracting by manifest.
1605 silly tarball no local data for @jest/core@https://registry.npmjs.org/@jest/core/-/core-30.2.0.tgz. Extracting by manifest.
1606 silly tarball no local data for @jest/console@https://registry.npmjs.org/@jest/console/-/console-30.2.0.tgz. Extracting by manifest.
1607 silly tarball no local data for @istanbuljs/schema@https://registry.npmjs.org/@istanbuljs/schema/-/schema-0.1.3.tgz. Extracting by manifest.
1608 silly tarball no local data for @istanbuljs/load-nyc-config@https://registry.npmjs.org/@istanbuljs/load-nyc-config/-/load-nyc-config-1.1.0.tgz. Extracting by manifest.
1609 silly tarball no local data for @isaacs/cliui@https://registry.npmjs.org/@isaacs/cliui/-/cliui-8.0.2.tgz. Extracting by manifest.
1610 silly tarball no local data for @humanwhocodes/retry@https://registry.npmjs.org/@humanwhocodes/retry/-/retry-0.4.3.tgz. Extracting by manifest.
1611 silly tarball no local data for @humanwhocodes/module-importer@https://registry.npmjs.org/@humanwhocodes/module-importer/-/module-importer-1.0.1.tgz. Extracting by manifest.
1612 silly tarball no local data for @humanfs/node@https://registry.npmjs.org/@humanfs/node/-/node-0.16.7.tgz. Extracting by manifest.
1613 silly tarball no local data for @humanfs/core@https://registry.npmjs.org/@humanfs/core/-/core-0.19.1.tgz. Extracting by manifest.
1614 silly tarball no local data for @faker-js/faker@https://registry.npmjs.org/@faker-js/faker/-/faker-10.1.0.tgz. Extracting by manifest.
1615 silly tarball no local data for @eslint/plugin-kit@https://registry.npmjs.org/@eslint/plugin-kit/-/plugin-kit-0.4.1.tgz. Extracting by manifest.
1616 silly tarball no local data for @eslint/object-schema@https://registry.npmjs.org/@eslint/object-schema/-/object-schema-2.1.7.tgz. Extracting by manifest.
1617 silly tarball no local data for @eslint/js@https://registry.npmjs.org/@eslint/js/-/js-9.39.1.tgz. Extracting by manifest.
1618 silly tarball no local data for @eslint/eslintrc@https://registry.npmjs.org/@eslint/eslintrc/-/eslintrc-3.3.1.tgz. Extracting by manifest.
1619 silly tarball no local data for @eslint-community/regexpp@https://registry.npmjs.org/@eslint-community/regexpp/-/regexpp-4.12.2.tgz. Extracting by manifest.
1620 silly tarball no local data for @eslint/core@https://registry.npmjs.org/@eslint/core/-/core-0.17.0.tgz. Extracting by manifest.
1621 silly tarball no local data for @eslint/config-helpers@https://registry.npmjs.org/@eslint/config-helpers/-/config-helpers-0.4.2.tgz. Extracting by manifest.
1622 silly tarball no local data for @eslint/config-array@https://registry.npmjs.org/@eslint/config-array/-/config-array-0.21.1.tgz. Extracting by manifest.
1623 silly tarball no local data for @esbuild/win32-x64@https://registry.npmjs.org/@esbuild/win32-x64/-/win32-x64-0.25.12.tgz. Extracting by manifest.
1624 silly tarball no local data for @eslint-community/eslint-utils@https://registry.npmjs.org/@eslint-community/eslint-utils/-/eslint-utils-4.9.0.tgz. Extracting by manifest.
1625 silly tarball no local data for @colors/colors@https://registry.npmjs.org/@colors/colors/-/colors-1.5.0.tgz. Extracting by manifest.
1626 silly tarball no local data for @cspotcode/source-map-support@https://registry.npmjs.org/@cspotcode/source-map-support/-/source-map-support-0.8.1.tgz. Extracting by manifest.
1627 silly tarball no local data for @bcoe/v8-coverage@https://registry.npmjs.org/@bcoe/v8-coverage/-/v8-coverage-0.2.3.tgz. Extracting by manifest.
1628 silly tarball no local data for @babel/types@https://registry.npmjs.org/@babel/types/-/types-7.28.5.tgz. Extracting by manifest.
1629 silly tarball no local data for @babel/traverse@https://registry.npmjs.org/@babel/traverse/-/traverse-7.28.5.tgz. Extracting by manifest.
1630 silly tarball no local data for @babel/template@https://registry.npmjs.org/@babel/template/-/template-7.27.2.tgz. Extracting by manifest.
1631 silly tarball no local data for @babel/plugin-syntax-typescript@https://registry.npmjs.org/@babel/plugin-syntax-typescript/-/plugin-syntax-typescript-7.27.1.tgz. Extracting by manifest.
1632 silly tarball no local data for @babel/plugin-syntax-private-property-in-object@https://registry.npmjs.org/@babel/plugin-syntax-private-property-in-object/-/plugin-syntax-private-property-in-object-7.14.5.tgz. Extracting by manifest.
1633 silly tarball no local data for @babel/plugin-syntax-optional-chaining@https://registry.npmjs.org/@babel/plugin-syntax-optional-chaining/-/plugin-syntax-optional-chaining-7.8.3.tgz. Extracting by manifest.
1634 silly tarball no local data for @babel/plugin-syntax-top-level-await@https://registry.npmjs.org/@babel/plugin-syntax-top-level-await/-/plugin-syntax-top-level-await-7.14.5.tgz. Extracting by manifest.
1635 silly tarball no local data for @babel/plugin-syntax-numeric-separator@https://registry.npmjs.org/@babel/plugin-syntax-numeric-separator/-/plugin-syntax-numeric-separator-7.10.4.tgz. Extracting by manifest.
1636 silly tarball no local data for @babel/plugin-syntax-optional-catch-binding@https://registry.npmjs.org/@babel/plugin-syntax-optional-catch-binding/-/plugin-syntax-optional-catch-binding-7.8.3.tgz. Extracting by manifest.
1637 silly tarball no local data for @babel/plugin-syntax-nullish-coalescing-operator@https://registry.npmjs.org/@babel/plugin-syntax-nullish-coalescing-operator/-/plugin-syntax-nullish-coalescing-operator-7.8.3.tgz. Extracting by manifest.
1638 silly tarball no local data for @babel/plugin-syntax-object-rest-spread@https://registry.npmjs.org/@babel/plugin-syntax-object-rest-spread/-/plugin-syntax-object-rest-spread-7.8.3.tgz. Extracting by manifest.
1639 silly tarball no local data for @babel/plugin-syntax-logical-assignment-operators@https://registry.npmjs.org/@babel/plugin-syntax-logical-assignment-operators/-/plugin-syntax-logical-assignment-operators-7.10.4.tgz. Extracting by manifest.
1640 silly tarball no local data for @babel/plugin-syntax-jsx@https://registry.npmjs.org/@babel/plugin-syntax-jsx/-/plugin-syntax-jsx-7.27.1.tgz. Extracting by manifest.
1641 silly tarball no local data for @babel/plugin-syntax-json-strings@https://registry.npmjs.org/@babel/plugin-syntax-json-strings/-/plugin-syntax-json-strings-7.8.3.tgz. Extracting by manifest.
1642 silly tarball no local data for @babel/plugin-syntax-import-meta@https://registry.npmjs.org/@babel/plugin-syntax-import-meta/-/plugin-syntax-import-meta-7.10.4.tgz. Extracting by manifest.
1643 silly tarball no local data for @babel/plugin-syntax-import-attributes@https://registry.npmjs.org/@babel/plugin-syntax-import-attributes/-/plugin-syntax-import-attributes-7.27.1.tgz. Extracting by manifest.
1644 silly tarball no local data for @babel/plugin-syntax-class-properties@https://registry.npmjs.org/@babel/plugin-syntax-class-properties/-/plugin-syntax-class-properties-7.12.13.tgz. Extracting by manifest.
1645 silly tarball no local data for @babel/plugin-syntax-async-generators@https://registry.npmjs.org/@babel/plugin-syntax-async-generators/-/plugin-syntax-async-generators-7.8.4.tgz. Extracting by manifest.
1646 silly tarball no local data for @babel/parser@https://registry.npmjs.org/@babel/parser/-/parser-7.28.5.tgz. Extracting by manifest.
1647 silly tarball no local data for @babel/plugin-syntax-class-static-block@https://registry.npmjs.org/@babel/plugin-syntax-class-static-block/-/plugin-syntax-class-static-block-7.14.5.tgz. Extracting by manifest.
1648 silly tarball no local data for @babel/plugin-syntax-bigint@https://registry.npmjs.org/@babel/plugin-syntax-bigint/-/plugin-syntax-bigint-7.8.3.tgz. Extracting by manifest.
1649 silly tarball no local data for @babel/helpers@https://registry.npmjs.org/@babel/helpers/-/helpers-7.28.4.tgz. Extracting by manifest.
1650 silly tarball no local data for @babel/helper-validator-option@https://registry.npmjs.org/@babel/helper-validator-option/-/helper-validator-option-7.27.1.tgz. Extracting by manifest.
1651 silly tarball no local data for @babel/helper-string-parser@https://registry.npmjs.org/@babel/helper-string-parser/-/helper-string-parser-7.27.1.tgz. Extracting by manifest.
1652 silly tarball no local data for @babel/helper-validator-identifier@https://registry.npmjs.org/@babel/helper-validator-identifier/-/helper-validator-identifier-7.28.5.tgz. Extracting by manifest.
1653 silly tarball no local data for @babel/helper-plugin-utils@https://registry.npmjs.org/@babel/helper-plugin-utils/-/helper-plugin-utils-7.27.1.tgz. Extracting by manifest.
1654 silly tarball no local data for @babel/helper-module-transforms@https://registry.npmjs.org/@babel/helper-module-transforms/-/helper-module-transforms-7.28.3.tgz. Extracting by manifest.
1655 silly tarball no local data for @babel/helper-module-imports@https://registry.npmjs.org/@babel/helper-module-imports/-/helper-module-imports-7.27.1.tgz. Extracting by manifest.
1656 silly tarball no local data for @babel/helper-globals@https://registry.npmjs.org/@babel/helper-globals/-/helper-globals-7.28.0.tgz. Extracting by manifest.
1657 silly tarball no local data for @babel/helper-compilation-targets@https://registry.npmjs.org/@babel/helper-compilation-targets/-/helper-compilation-targets-7.27.2.tgz. Extracting by manifest.
1658 silly tarball no local data for @babel/generator@https://registry.npmjs.org/@babel/generator/-/generator-7.28.5.tgz. Extracting by manifest.
1659 silly tarball no local data for @babel/core@https://registry.npmjs.org/@babel/core/-/core-7.28.5.tgz. Extracting by manifest.
1660 silly tarball no local data for @babel/compat-data@https://registry.npmjs.org/@babel/compat-data/-/compat-data-7.28.5.tgz. Extracting by manifest.
1661 silly tarball no local data for @babel/code-frame@https://registry.npmjs.org/@babel/code-frame/-/code-frame-7.27.1.tgz. Extracting by manifest.
1662 silly tarball no local data for strip-ansi@https://registry.npmjs.org/strip-ansi/-/strip-ansi-6.0.1.tgz. Extracting by manifest.
1663 silly tarball no local data for string-width@https://registry.npmjs.org/string-width/-/string-width-4.2.3.tgz. Extracting by manifest.
1664 silly tarball no local data for string-width@https://registry.npmjs.org/string-width/-/string-width-4.2.3.tgz. Extracting by manifest.
1665 silly tarball no local data for emoji-regex@https://registry.npmjs.org/emoji-regex/-/emoji-regex-8.0.0.tgz. Extracting by manifest.
1666 silly tarball no local data for ansi-regex@https://registry.npmjs.org/ansi-regex/-/ansi-regex-5.0.1.tgz. Extracting by manifest.
1667 silly tarball no local data for strip-ansi@https://registry.npmjs.org/strip-ansi/-/strip-ansi-6.0.1.tgz. Extracting by manifest.
1668 silly tarball no local data for emoji-regex@https://registry.npmjs.org/emoji-regex/-/emoji-regex-8.0.0.tgz. Extracting by manifest.
1669 silly tarball no local data for ansi-regex@https://registry.npmjs.org/ansi-regex/-/ansi-regex-5.0.1.tgz. Extracting by manifest.
1670 silly tarball no local data for ansi-styles@https://registry.npmjs.org/ansi-styles/-/ansi-styles-4.3.0.tgz. Extracting by manifest.
1671 silly tarball no local data for picomatch@https://registry.npmjs.org/picomatch/-/picomatch-4.0.3.tgz. Extracting by manifest.
1672 silly tarball no local data for picomatch@https://registry.npmjs.org/picomatch/-/picomatch-4.0.3.tgz. Extracting by manifest.
1673 silly tarball no local data for ansi-styles@https://registry.npmjs.org/ansi-styles/-/ansi-styles-6.2.3.tgz. Extracting by manifest.
1674 silly tarball no local data for fdir@https://registry.npmjs.org/fdir/-/fdir-6.5.0.tgz. Extracting by manifest.
1675 silly tarball no local data for type-fest@https://registry.npmjs.org/type-fest/-/type-fest-4.41.0.tgz. Extracting by manifest.
1676 silly tarball no local data for fdir@https://registry.npmjs.org/fdir/-/fdir-6.5.0.tgz. Extracting by manifest.
1677 silly tarball no local data for semver@https://registry.npmjs.org/semver/-/semver-7.7.3.tgz. Extracting by manifest.
1678 silly tarball no local data for picomatch@https://registry.npmjs.org/picomatch/-/picomatch-4.0.3.tgz. Extracting by manifest.
1679 silly tarball no local data for glob@https://registry.npmjs.org/glob/-/glob-7.2.3.tgz. Extracting by manifest.
1680 silly tarball no local data for readable-stream@https://registry.npmjs.org/readable-stream/-/readable-stream-3.6.2.tgz. Extracting by manifest.
1681 silly tarball no local data for is-stream@https://registry.npmjs.org/is-stream/-/is-stream-3.0.0.tgz. Extracting by manifest.
1682 silly tarball no local data for type-fest@https://registry.npmjs.org/type-fest/-/type-fest-2.19.0.tgz. Extracting by manifest.
1683 silly tarball no local data for ansi-regex@https://registry.npmjs.org/ansi-regex/-/ansi-regex-5.0.1.tgz. Extracting by manifest.
1684 silly tarball no local data for chownr@https://registry.npmjs.org/chownr/-/chownr-1.1.4.tgz. Extracting by manifest.
1685 silly tarball no local data for ansi-regex@https://registry.npmjs.org/ansi-regex/-/ansi-regex-5.0.1.tgz. Extracting by manifest.
1686 silly tarball no local data for emoji-regex@https://registry.npmjs.org/emoji-regex/-/emoji-regex-8.0.0.tgz. Extracting by manifest.
1687 silly tarball no local data for ansi-regex@https://registry.npmjs.org/ansi-regex/-/ansi-regex-5.0.1.tgz. Extracting by manifest.
1688 silly tarball no local data for strip-ansi@https://registry.npmjs.org/strip-ansi/-/strip-ansi-6.0.1.tgz. Extracting by manifest.
1689 silly tarball no local data for safe-buffer@https://registry.npmjs.org/safe-buffer/-/safe-buffer-5.1.2.tgz. Extracting by manifest.
1690 silly tarball no local data for escape-string-regexp@https://registry.npmjs.org/escape-string-regexp/-/escape-string-regexp-2.0.0.tgz. Extracting by manifest.
1691 silly tarball no local data for supports-color@https://registry.npmjs.org/supports-color/-/supports-color-5.5.0.tgz. Extracting by manifest.
1692 silly tarball no local data for has-flag@https://registry.npmjs.org/has-flag/-/has-flag-3.0.0.tgz. Extracting by manifest.
1693 silly tarball no local data for figures@https://registry.npmjs.org/figures/-/figures-2.0.0.tgz. Extracting by manifest.
1694 silly tarball no local data for color-name@https://registry.npmjs.org/color-name/-/color-name-1.1.3.tgz. Extracting by manifest.
1695 silly tarball no local data for color-convert@https://registry.npmjs.org/color-convert/-/color-convert-1.9.3.tgz. Extracting by manifest.
1696 silly tarball no local data for strip-final-newline@https://registry.npmjs.org/strip-final-newline/-/strip-final-newline-4.0.0.tgz. Extracting by manifest.
1697 silly tarball no local data for escape-string-regexp@https://registry.npmjs.org/escape-string-regexp/-/escape-string-regexp-1.0.5.tgz. Extracting by manifest.
1698 silly tarball no local data for semver@https://registry.npmjs.org/semver/-/semver-7.7.4.tgz. Extracting by manifest.
1699 silly tarball no local data for semver@https://registry.npmjs.org/semver/-/semver-7.7.3.tgz. Extracting by manifest.
1700 silly tarball no local data for chalk@https://registry.npmjs.org/chalk/-/chalk-2.4.2.tgz. Extracting by manifest.
1701 silly tarball no local data for ansi-styles@https://registry.npmjs.org/ansi-styles/-/ansi-styles-3.2.1.tgz. Extracting by manifest.
1702 silly tarball no local data for resolve-from@https://registry.npmjs.org/resolve-from/-/resolve-from-5.0.0.tgz. Extracting by manifest.
1703 silly tarball no local data for path-key@https://registry.npmjs.org/path-key/-/path-key-4.0.0.tgz. Extracting by manifest.
1704 silly tarball no local data for p-reduce@https://registry.npmjs.org/p-reduce/-/p-reduce-3.0.0.tgz. Extracting by manifest.
1705 silly tarball no local data for npm-run-path@https://registry.npmjs.org/npm-run-path/-/npm-run-path-6.0.0.tgz. Extracting by manifest.
1706 silly tarball no local data for meow@https://registry.npmjs.org/meow/-/meow-13.2.0.tgz. Extracting by manifest.
1707 silly tarball no local data for lru-cache@https://registry.npmjs.org/lru-cache/-/lru-cache-10.4.3.tgz. Extracting by manifest.
1708 silly tarball no local data for is-stream@https://registry.npmjs.org/is-stream/-/is-stream-4.0.1.tgz. Extracting by manifest.
1709 silly tarball no local data for indent-string@https://registry.npmjs.org/indent-string/-/indent-string-5.0.0.tgz. Extracting by manifest.
1710 silly tarball no local data for import-from-esm@https://registry.npmjs.org/import-from-esm/-/import-from-esm-2.0.0.tgz. Extracting by manifest.
1711 silly tarball no local data for human-signals@https://registry.npmjs.org/human-signals/-/human-signals-8.0.1.tgz. Extracting by manifest.
1712 silly tarball no local data for hosted-git-info@https://registry.npmjs.org/hosted-git-info/-/hosted-git-info-8.1.0.tgz. Extracting by manifest.
1713 silly tarball no local data for fast-content-type-parse@https://registry.npmjs.org/fast-content-type-parse/-/fast-content-type-parse-3.0.0.tgz. Extracting by manifest.
1714 silly tarball no local data for get-stream@https://registry.npmjs.org/get-stream/-/get-stream-9.0.1.tgz. Extracting by manifest.
1715 silly tarball no local data for execa@https://registry.npmjs.org/execa/-/execa-9.6.1.tgz. Extracting by manifest.
1716 silly tarball no local data for escape-string-regexp@https://registry.npmjs.org/escape-string-regexp/-/escape-string-regexp-5.0.0.tgz. Extracting by manifest.
1717 silly tarball no local data for conventional-commits-parser@https://registry.npmjs.org/conventional-commits-parser/-/conventional-commits-parser-6.2.1.tgz. Extracting by manifest.
1718 silly tarball no local data for conventional-commits-filter@https://registry.npmjs.org/conventional-commits-filter/-/conventional-commits-filter-5.0.0.tgz. Extracting by manifest.
1719 silly tarball no local data for conventional-changelog-writer@https://registry.npmjs.org/conventional-changelog-writer/-/conventional-changelog-writer-8.2.0.tgz. Extracting by manifest.
1720 silly tarball no local data for conventional-changelog-angular@https://registry.npmjs.org/conventional-changelog-angular/-/conventional-changelog-angular-8.1.0.tgz. Extracting by manifest.
1721 silly tarball no local data for @semantic-release/release-notes-generator@https://registry.npmjs.org/@semantic-release/release-notes-generator/-/release-notes-generator-14.1.0.tgz. Extracting by manifest.
1722 silly tarball no local data for clean-stack@https://registry.npmjs.org/clean-stack/-/clean-stack-5.3.0.tgz. Extracting by manifest.
1723 silly tarball no local data for before-after-hook@https://registry.npmjs.org/before-after-hook/-/before-after-hook-4.0.0.tgz. Extracting by manifest.
1724 silly tarball no local data for aggregate-error@https://registry.npmjs.org/aggregate-error/-/aggregate-error-5.0.0.tgz. Extracting by manifest.
1725 silly tarball no local data for @sindresorhus/merge-streams@https://registry.npmjs.org/@sindresorhus/merge-streams/-/merge-streams-4.0.0.tgz. Extracting by manifest.
1726 silly tarball no local data for get-stream@https://registry.npmjs.org/get-stream/-/get-stream-7.0.1.tgz. Extracting by manifest.
1727 silly tarball no local data for @semantic-release/github@https://registry.npmjs.org/@semantic-release/github/-/github-11.0.6.tgz. Extracting by manifest.
1728 silly tarball no local data for @semantic-release/error@https://registry.npmjs.org/@semantic-release/error/-/error-4.0.0.tgz. Extracting by manifest.
1729 silly tarball no local data for @semantic-release/commit-analyzer@https://registry.npmjs.org/@semantic-release/commit-analyzer/-/commit-analyzer-13.0.1.tgz. Extracting by manifest.
1730 silly tarball no local data for @octokit/types@https://registry.npmjs.org/@octokit/types/-/types-16.0.0.tgz. Extracting by manifest.
1731 silly tarball no local data for @octokit/request-error@https://registry.npmjs.org/@octokit/request-error/-/request-error-7.1.0.tgz. Extracting by manifest.
1732 silly tarball no local data for @octokit/plugin-throttling@https://registry.npmjs.org/@octokit/plugin-throttling/-/plugin-throttling-11.0.3.tgz. Extracting by manifest.
1733 silly tarball no local data for @octokit/request@https://registry.npmjs.org/@octokit/request/-/request-10.0.8.tgz. Extracting by manifest.
1734 silly tarball no local data for @octokit/plugin-retry@https://registry.npmjs.org/@octokit/plugin-retry/-/plugin-retry-8.1.0.tgz. Extracting by manifest.
1735 silly tarball no local data for @octokit/plugin-paginate-rest@https://registry.npmjs.org/@octokit/plugin-paginate-rest/-/plugin-paginate-rest-13.2.1.tgz. Extracting by manifest.
1736 silly tarball no local data for @octokit/openapi-types@https://registry.npmjs.org/@octokit/openapi-types/-/openapi-types-27.0.0.tgz. Extracting by manifest.
1737 silly tarball no local data for @octokit/types@https://registry.npmjs.org/@octokit/types/-/types-15.0.2.tgz. Extracting by manifest.
1738 silly tarball no local data for @octokit/openapi-types@https://registry.npmjs.org/@octokit/openapi-types/-/openapi-types-26.0.0.tgz. Extracting by manifest.
1739 silly tarball no local data for @octokit/graphql@https://registry.npmjs.org/@octokit/graphql/-/graphql-9.0.3.tgz. Extracting by manifest.
1740 silly tarball no local data for @octokit/endpoint@https://registry.npmjs.org/@octokit/endpoint/-/endpoint-11.0.3.tgz. Extracting by manifest.
1741 silly tarball no local data for @octokit/core@https://registry.npmjs.org/@octokit/core/-/core-7.0.6.tgz. Extracting by manifest.
1742 silly tarball no local data for @octokit/auth-token@https://registry.npmjs.org/@octokit/auth-token/-/auth-token-6.0.0.tgz. Extracting by manifest.
1743 silly tarball no local data for resolve-from@https://registry.npmjs.org/resolve-from/-/resolve-from-5.0.0.tgz. Extracting by manifest.
1744 silly tarball no local data for safe-buffer@https://registry.npmjs.org/safe-buffer/-/safe-buffer-5.1.2.tgz. Extracting by manifest.
1745 silly tarball no local data for type-fest@https://registry.npmjs.org/type-fest/-/type-fest-4.41.0.tgz. Extracting by manifest.
1746 silly tarball no local data for type-fest@https://registry.npmjs.org/type-fest/-/type-fest-4.41.0.tgz. Extracting by manifest.
1747 silly tarball no local data for strip-json-comments@https://registry.npmjs.org/strip-json-comments/-/strip-json-comments-2.0.1.tgz. Extracting by manifest.
1748 silly tarball no local data for unicorn-magic@https://registry.npmjs.org/unicorn-magic/-/unicorn-magic-0.1.0.tgz. Extracting by manifest.
1749 silly tarball no local data for type-fest@https://registry.npmjs.org/type-fest/-/type-fest-4.41.0.tgz. Extracting by manifest.
1750 silly tarball no local data for parse-json@https://registry.npmjs.org/parse-json/-/parse-json-8.3.0.tgz. Extracting by manifest.
1751 silly tarball no local data for path-exists@https://registry.npmjs.org/path-exists/-/path-exists-3.0.0.tgz. Extracting by manifest.
1752 silly tarball no local data for locate-path@https://registry.npmjs.org/locate-path/-/locate-path-5.0.0.tgz. Extracting by manifest.
1753 silly tarball no local data for p-locate@https://registry.npmjs.org/p-locate/-/p-locate-4.1.0.tgz. Extracting by manifest.
1754 silly tarball no local data for find-up@https://registry.npmjs.org/find-up/-/find-up-4.1.0.tgz. Extracting by manifest.
1755 silly tarball no local data for p-limit@https://registry.npmjs.org/p-limit/-/p-limit-2.3.0.tgz. Extracting by manifest.
1756 silly tarball no local data for p-try@https://registry.npmjs.org/p-try/-/p-try-1.0.0.tgz. Extracting by manifest.
1757 silly tarball no local data for p-locate@https://registry.npmjs.org/p-locate/-/p-locate-2.0.0.tgz. Extracting by manifest.
1758 silly tarball no local data for p-limit@https://registry.npmjs.org/p-limit/-/p-limit-1.3.0.tgz. Extracting by manifest.
1759 silly tarball no local data for lru-cache@https://registry.npmjs.org/lru-cache/-/lru-cache-10.4.3.tgz. Extracting by manifest.
1760 silly tarball no local data for locate-path@https://registry.npmjs.org/locate-path/-/locate-path-2.0.0.tgz. Extracting by manifest.
1761 silly tarball no local data for find-up@https://registry.npmjs.org/find-up/-/find-up-2.1.0.tgz. Extracting by manifest.
1762 silly tarball no local data for p-map@https://registry.npmjs.org/p-map/-/p-map-7.0.4.tgz. Extracting by manifest.
1763 silly tarball no local data for parse5@https://registry.npmjs.org/parse5/-/parse5-6.0.1.tgz. Extracting by manifest.
1764 silly tarball no local data for semver@https://registry.npmjs.org/semver/-/semver-7.7.3.tgz. Extracting by manifest.
1765 silly tarball no local data for semver@https://registry.npmjs.org/semver/-/semver-7.7.3.tgz. Extracting by manifest.
1766 silly tarball no local data for ansi-escapes@https://registry.npmjs.org/ansi-escapes/-/ansi-escapes-7.3.0.tgz. Extracting by manifest.
1767 silly tarball no local data for semver@https://registry.npmjs.org/semver/-/semver-7.7.3.tgz. Extracting by manifest.
1768 silly tarball no local data for lru-cache@https://registry.npmjs.org/lru-cache/-/lru-cache-7.18.3.tgz. Extracting by manifest.
1769 silly tarball no local data for strip-bom@https://registry.npmjs.org/strip-bom/-/strip-bom-3.0.0.tgz. Extracting by manifest.
1770 silly tarball no local data for type-fest@https://registry.npmjs.org/type-fest/-/type-fest-4.41.0.tgz. Extracting by manifest.
1771 silly tarball no local data for supports-color@https://registry.npmjs.org/supports-color/-/supports-color-8.1.1.tgz. Extracting by manifest.
1772 silly tarball no local data for parse-json@https://registry.npmjs.org/parse-json/-/parse-json-4.0.0.tgz. Extracting by manifest.
1773 silly tarball no local data for chalk@https://registry.npmjs.org/chalk/-/chalk-4.1.2.tgz. Extracting by manifest.
1774 silly tarball no local data for ansi-styles@https://registry.npmjs.org/ansi-styles/-/ansi-styles-4.3.0.tgz. Extracting by manifest.
1775 silly tarball no local data for picomatch@https://registry.npmjs.org/picomatch/-/picomatch-4.0.3.tgz. Extracting by manifest.
1776 silly tarball no local data for chalk@https://registry.npmjs.org/chalk/-/chalk-4.1.2.tgz. Extracting by manifest.
1777 silly tarball no local data for camelcase@https://registry.npmjs.org/camelcase/-/camelcase-6.3.0.tgz. Extracting by manifest.
1778 silly tarball no local data for ansi-styles@https://registry.npmjs.org/ansi-styles/-/ansi-styles-4.3.0.tgz. Extracting by manifest.
1779 silly tarball no local data for chalk@https://registry.npmjs.org/chalk/-/chalk-4.1.2.tgz. Extracting by manifest.
1780 silly tarball no local data for ansi-styles@https://registry.npmjs.org/ansi-styles/-/ansi-styles-4.3.0.tgz. Extracting by manifest.
1781 silly tarball no local data for semver@https://registry.npmjs.org/semver/-/semver-7.7.3.tgz. Extracting by manifest.
1782 silly tarball no local data for chalk@https://registry.npmjs.org/chalk/-/chalk-4.1.2.tgz. Extracting by manifest.
1783 silly tarball no local data for chalk@https://registry.npmjs.org/chalk/-/chalk-4.1.2.tgz. Extracting by manifest.
1784 silly tarball no local data for ansi-styles@https://registry.npmjs.org/ansi-styles/-/ansi-styles-4.3.0.tgz. Extracting by manifest.
1785 silly tarball no local data for chalk@https://registry.npmjs.org/chalk/-/chalk-4.1.2.tgz. Extracting by manifest.
1786 silly tarball no local data for ansi-styles@https://registry.npmjs.org/ansi-styles/-/ansi-styles-4.3.0.tgz. Extracting by manifest.
1787 silly tarball no local data for ansi-styles@https://registry.npmjs.org/ansi-styles/-/ansi-styles-4.3.0.tgz. Extracting by manifest.
1788 silly tarball no local data for ansi-styles@https://registry.npmjs.org/ansi-styles/-/ansi-styles-4.3.0.tgz. Extracting by manifest.
1789 silly tarball no local data for chalk@https://registry.npmjs.org/chalk/-/chalk-4.1.2.tgz. Extracting by manifest.
1790 silly tarball no local data for chalk@https://registry.npmjs.org/chalk/-/chalk-4.1.2.tgz. Extracting by manifest.
1791 silly tarball no local data for ansi-styles@https://registry.npmjs.org/ansi-styles/-/ansi-styles-4.3.0.tgz. Extracting by manifest.
1792 silly tarball no local data for chalk@https://registry.npmjs.org/chalk/-/chalk-4.1.2.tgz. Extracting by manifest.
1793 silly tarball no local data for chalk@https://registry.npmjs.org/chalk/-/chalk-4.1.2.tgz. Extracting by manifest.
1794 silly tarball no local data for ansi-styles@https://registry.npmjs.org/ansi-styles/-/ansi-styles-4.3.0.tgz. Extracting by manifest.
1795 silly tarball no local data for ansi-styles@https://registry.npmjs.org/ansi-styles/-/ansi-styles-4.3.0.tgz. Extracting by manifest.
1796 silly tarball no local data for ansi-styles@https://registry.npmjs.org/ansi-styles/-/ansi-styles-4.3.0.tgz. Extracting by manifest.
1797 silly tarball no local data for chalk@https://registry.npmjs.org/chalk/-/chalk-4.1.2.tgz. Extracting by manifest.
1798 silly tarball no local data for ansi-styles@https://registry.npmjs.org/ansi-styles/-/ansi-styles-4.3.0.tgz. Extracting by manifest.
1799 silly tarball no local data for chalk@https://registry.npmjs.org/chalk/-/chalk-4.1.2.tgz. Extracting by manifest.
1800 silly tarball no local data for ansi-styles@https://registry.npmjs.org/ansi-styles/-/ansi-styles-4.3.0.tgz. Extracting by manifest.
1801 silly tarball no local data for chalk@https://registry.npmjs.org/chalk/-/chalk-4.1.2.tgz. Extracting by manifest.
1802 silly tarball no local data for ansi-styles@https://registry.npmjs.org/ansi-styles/-/ansi-styles-4.3.0.tgz. Extracting by manifest.
1803 silly tarball no local data for chalk@https://registry.npmjs.org/chalk/-/chalk-4.1.2.tgz. Extracting by manifest.
1804 silly tarball no local data for semver@https://registry.npmjs.org/semver/-/semver-7.7.3.tgz. Extracting by manifest.
1805 silly tarball no local data for statuses@https://registry.npmjs.org/statuses/-/statuses-2.0.1.tgz. Extracting by manifest.
1806 silly tarball no local data for lru-cache@https://registry.npmjs.org/lru-cache/-/lru-cache-10.4.3.tgz. Extracting by manifest.
1807 silly tarball no local data for slash@https://registry.npmjs.org/slash/-/slash-5.1.0.tgz. Extracting by manifest.
1808 silly tarball no local data for minimatch@https://registry.npmjs.org/minimatch/-/minimatch-9.0.9.tgz. Extracting by manifest.
1809 silly tarball no local data for ignore@https://registry.npmjs.org/ignore/-/ignore-7.0.5.tgz. Extracting by manifest.
1810 silly tarball no local data for path-type@https://registry.npmjs.org/path-type/-/path-type-6.0.0.tgz. Extracting by manifest.
1811 silly tarball no local data for split2@https://registry.npmjs.org/split2/-/split2-1.0.0.tgz. Extracting by manifest.
1812 silly tarball no local data for signal-exit@https://registry.npmjs.org/signal-exit/-/signal-exit-3.0.7.tgz. Extracting by manifest.
1813 silly tarball no local data for brace-expansion@https://registry.npmjs.org/brace-expansion/-/brace-expansion-2.0.2.tgz. Extracting by manifest.
1814 silly tarball no local data for glob-parent@https://registry.npmjs.org/glob-parent/-/glob-parent-5.1.2.tgz. Extracting by manifest.
1815 silly tarball no local data for ansi-styles@https://registry.npmjs.org/ansi-styles/-/ansi-styles-4.3.0.tgz. Extracting by manifest.
1816 silly tarball no local data for chalk@https://registry.npmjs.org/chalk/-/chalk-4.1.2.tgz. Extracting by manifest.
1817 silly tarball no local data for strip-final-newline@https://registry.npmjs.org/strip-final-newline/-/strip-final-newline-3.0.0.tgz. Extracting by manifest.
1818 silly tarball no local data for commander@https://registry.npmjs.org/commander/-/commander-14.0.2.tgz. Extracting by manifest.
1819 silly tarball no local data for path-key@https://registry.npmjs.org/path-key/-/path-key-4.0.0.tgz. Extracting by manifest.
1820 silly tarball no local data for onetime@https://registry.npmjs.org/onetime/-/onetime-6.0.0.tgz. Extracting by manifest.
1821 silly tarball no local data for npm-run-path@https://registry.npmjs.org/npm-run-path/-/npm-run-path-5.3.0.tgz. Extracting by manifest.
1822 silly tarball no local data for mimic-fn@https://registry.npmjs.org/mimic-fn/-/mimic-fn-4.0.0.tgz. Extracting by manifest.
1823 silly tarball no local data for is-stream@https://registry.npmjs.org/is-stream/-/is-stream-3.0.0.tgz. Extracting by manifest.
1824 silly tarball no local data for get-stream@https://registry.npmjs.org/get-stream/-/get-stream-8.0.1.tgz. Extracting by manifest.
1825 silly tarball no local data for execa@https://registry.npmjs.org/execa/-/execa-8.0.1.tgz. Extracting by manifest.
1826 silly tarball no local data for human-signals@https://registry.npmjs.org/human-signals/-/human-signals-5.0.0.tgz. Extracting by manifest.
1827 silly tarball no local data for type-fest@https://registry.npmjs.org/type-fest/-/type-fest-1.4.0.tgz. Extracting by manifest.
1828 silly tarball no local data for semver@https://registry.npmjs.org/semver/-/semver-7.7.3.tgz. Extracting by manifest.
1829 silly tarball no local data for wrap-ansi@https://registry.npmjs.org/wrap-ansi/-/wrap-ansi-7.0.0.tgz. Extracting by manifest.
1830 silly tarball no local data for strip-ansi@https://registry.npmjs.org/strip-ansi/-/strip-ansi-6.0.1.tgz. Extracting by manifest.
1831 silly tarball no local data for string-width@https://registry.npmjs.org/string-width/-/string-width-4.2.3.tgz. Extracting by manifest.
1832 silly tarball no local data for emoji-regex@https://registry.npmjs.org/emoji-regex/-/emoji-regex-8.0.0.tgz. Extracting by manifest.
1833 silly tarball no local data for ansi-regex@https://registry.npmjs.org/ansi-regex/-/ansi-regex-5.0.1.tgz. Extracting by manifest.
1834 silly tarball no local data for ansi-styles@https://registry.npmjs.org/ansi-styles/-/ansi-styles-4.3.0.tgz. Extracting by manifest.
1835 silly tarball no local data for strip-ansi@https://registry.npmjs.org/strip-ansi/-/strip-ansi-6.0.1.tgz. Extracting by manifest.
1836 silly tarball no local data for string-width@https://registry.npmjs.org/string-width/-/string-width-4.2.3.tgz. Extracting by manifest.
1837 silly tarball no local data for yargs-parser@https://registry.npmjs.org/yargs-parser/-/yargs-parser-20.2.9.tgz. Extracting by manifest.
1838 silly tarball no local data for ansi-regex@https://registry.npmjs.org/ansi-regex/-/ansi-regex-5.0.1.tgz. Extracting by manifest.
1839 silly tarball no local data for emoji-regex@https://registry.npmjs.org/emoji-regex/-/emoji-regex-8.0.0.tgz. Extracting by manifest.
1840 silly tarball no local data for yargs@https://registry.npmjs.org/yargs/-/yargs-16.2.0.tgz. Extracting by manifest.
1841 silly tarball no local data for string-width@https://registry.npmjs.org/string-width/-/string-width-4.2.3.tgz. Extracting by manifest.
1842 silly tarball no local data for wrap-ansi@https://registry.npmjs.org/wrap-ansi/-/wrap-ansi-7.0.0.tgz. Extracting by manifest.
1843 silly tarball no local data for strip-ansi@https://registry.npmjs.org/strip-ansi/-/strip-ansi-6.0.1.tgz. Extracting by manifest.
1844 silly tarball no local data for cliui@https://registry.npmjs.org/cliui/-/cliui-7.0.4.tgz. Extracting by manifest.
1845 silly tarball no local data for emoji-regex@https://registry.npmjs.org/emoji-regex/-/emoji-regex-8.0.0.tgz. Extracting by manifest.
1846 silly tarball no local data for chalk@https://registry.npmjs.org/chalk/-/chalk-4.1.2.tgz. Extracting by manifest.
1847 silly tarball no local data for ansi-styles@https://registry.npmjs.org/ansi-styles/-/ansi-styles-4.3.0.tgz. Extracting by manifest.
1848 silly tarball no local data for ansi-regex@https://registry.npmjs.org/ansi-regex/-/ansi-regex-5.0.1.tgz. Extracting by manifest.
1849 silly tarball no local data for readable-stream@https://registry.npmjs.org/readable-stream/-/readable-stream-3.6.2.tgz. Extracting by manifest.
1850 silly tarball no local data for negotiator@https://registry.npmjs.org/negotiator/-/negotiator-1.0.0.tgz. Extracting by manifest.
1851 silly tarball no local data for chalk@https://registry.npmjs.org/chalk/-/chalk-4.1.2.tgz. Extracting by manifest.
1852 silly tarball no local data for ansi-styles@https://registry.npmjs.org/ansi-styles/-/ansi-styles-4.3.0.tgz. Extracting by manifest.
1853 silly tarball no local data for semver@https://registry.npmjs.org/semver/-/semver-7.7.3.tgz. Extracting by manifest.
1854 silly tarball no local data for ignore@https://registry.npmjs.org/ignore/-/ignore-7.0.5.tgz. Extracting by manifest.
1855 silly tarball no local data for get-stream@https://registry.npmjs.org/get-stream/-/get-stream-7.0.1.tgz. Extracting by manifest.
1856 silly tarball no local data for brace-expansion@https://registry.npmjs.org/brace-expansion/-/brace-expansion-2.0.2.tgz. Extracting by manifest.
1857 silly tarball no local data for minimatch@https://registry.npmjs.org/minimatch/-/minimatch-9.0.9.tgz. Extracting by manifest.
1858 silly tarball no local data for strip-final-newline@https://registry.npmjs.org/strip-final-newline/-/strip-final-newline-4.0.0.tgz. Extracting by manifest.
1859 silly tarball no local data for semver@https://registry.npmjs.org/semver/-/semver-7.7.4.tgz. Extracting by manifest.
1860 silly tarball no local data for path-key@https://registry.npmjs.org/path-key/-/path-key-4.0.0.tgz. Extracting by manifest.
1861 silly tarball no local data for is-stream@https://registry.npmjs.org/is-stream/-/is-stream-4.0.1.tgz. Extracting by manifest.
1862 silly tarball no local data for npm-run-path@https://registry.npmjs.org/npm-run-path/-/npm-run-path-6.0.0.tgz. Extracting by manifest.
1863 silly tarball no local data for indent-string@https://registry.npmjs.org/indent-string/-/indent-string-5.0.0.tgz. Extracting by manifest.
1864 silly tarball no local data for human-signals@https://registry.npmjs.org/human-signals/-/human-signals-8.0.1.tgz. Extracting by manifest.
1865 silly tarball no local data for get-stream@https://registry.npmjs.org/get-stream/-/get-stream-9.0.1.tgz. Extracting by manifest.
1866 silly tarball no local data for escape-string-regexp@https://registry.npmjs.org/escape-string-regexp/-/escape-string-regexp-5.0.0.tgz. Extracting by manifest.
1867 silly tarball no local data for execa@https://registry.npmjs.org/execa/-/execa-9.6.1.tgz. Extracting by manifest.
1868 silly tarball no local data for aggregate-error@https://registry.npmjs.org/aggregate-error/-/aggregate-error-5.0.0.tgz. Extracting by manifest.
1869 silly tarball no local data for @semantic-release/error@https://registry.npmjs.org/@semantic-release/error/-/error-4.0.0.tgz. Extracting by manifest.
1870 silly tarball no local data for clean-stack@https://registry.npmjs.org/clean-stack/-/clean-stack-5.3.0.tgz. Extracting by manifest.
1871 silly tarball no local data for @sindresorhus/merge-streams@https://registry.npmjs.org/@sindresorhus/merge-streams/-/merge-streams-4.0.0.tgz. Extracting by manifest.
1872 silly tarball no local data for escape-string-regexp@https://registry.npmjs.org/escape-string-regexp/-/escape-string-regexp-5.0.0.tgz. Extracting by manifest.
1873 silly tarball no local data for clean-stack@https://registry.npmjs.org/clean-stack/-/clean-stack-5.3.0.tgz. Extracting by manifest.
1874 silly tarball no local data for aggregate-error@https://registry.npmjs.org/aggregate-error/-/aggregate-error-5.0.0.tgz. Extracting by manifest.
1875 silly tarball no local data for indent-string@https://registry.npmjs.org/indent-string/-/indent-string-5.0.0.tgz. Extracting by manifest.
1876 silly tarball no local data for graceful-fs@https://registry.npmjs.org/graceful-fs/-/graceful-fs-4.2.10.tgz. Extracting by manifest.
1877 silly tarball no local data for @semantic-release/error@https://registry.npmjs.org/@semantic-release/error/-/error-4.0.0.tgz. Extracting by manifest.
1878 silly tarball no local data for @octokit/openapi-types@https://registry.npmjs.org/@octokit/openapi-types/-/openapi-types-24.2.0.tgz. Extracting by manifest.
1879 silly tarball no local data for @octokit/types@https://registry.npmjs.org/@octokit/types/-/types-13.10.0.tgz. Extracting by manifest.
1880 silly tarball no local data for @octokit/types@https://registry.npmjs.org/@octokit/types/-/types-13.10.0.tgz. Extracting by manifest.
1881 silly tarball no local data for @octokit/openapi-types@https://registry.npmjs.org/@octokit/openapi-types/-/openapi-types-24.2.0.tgz. Extracting by manifest.
1882 silly tarball no local data for chalk@https://registry.npmjs.org/chalk/-/chalk-4.1.2.tgz. Extracting by manifest.
1883 silly tarball no local data for ansi-styles@https://registry.npmjs.org/ansi-styles/-/ansi-styles-4.3.0.tgz. Extracting by manifest.
1884 silly tarball no local data for chalk@https://registry.npmjs.org/chalk/-/chalk-4.1.2.tgz. Extracting by manifest.
1885 silly tarball no local data for ansi-styles@https://registry.npmjs.org/ansi-styles/-/ansi-styles-4.3.0.tgz. Extracting by manifest.
1886 silly tarball no local data for ansi-styles@https://registry.npmjs.org/ansi-styles/-/ansi-styles-4.3.0.tgz. Extracting by manifest.
1887 silly tarball no local data for chalk@https://registry.npmjs.org/chalk/-/chalk-4.1.2.tgz. Extracting by manifest.
1888 silly tarball no local data for chalk@https://registry.npmjs.org/chalk/-/chalk-4.1.2.tgz. Extracting by manifest.
1889 silly tarball no local data for ansi-styles@https://registry.npmjs.org/ansi-styles/-/ansi-styles-4.3.0.tgz. Extracting by manifest.
1890 silly tarball no local data for chalk@https://registry.npmjs.org/chalk/-/chalk-4.1.2.tgz. Extracting by manifest.
1891 silly tarball no local data for chalk@https://registry.npmjs.org/chalk/-/chalk-4.1.2.tgz. Extracting by manifest.
1892 silly tarball no local data for ansi-styles@https://registry.npmjs.org/ansi-styles/-/ansi-styles-4.3.0.tgz. Extracting by manifest.
1893 silly tarball no local data for ansi-styles@https://registry.npmjs.org/ansi-styles/-/ansi-styles-4.3.0.tgz. Extracting by manifest.
1894 silly tarball no local data for resolve-from@https://registry.npmjs.org/resolve-from/-/resolve-from-5.0.0.tgz. Extracting by manifest.
1895 silly tarball no local data for p-locate@https://registry.npmjs.org/p-locate/-/p-locate-4.1.0.tgz. Extracting by manifest.
1896 silly tarball no local data for locate-path@https://registry.npmjs.org/locate-path/-/locate-path-5.0.0.tgz. Extracting by manifest.
1897 silly tarball no local data for p-limit@https://registry.npmjs.org/p-limit/-/p-limit-2.3.0.tgz. Extracting by manifest.
1898 silly tarball no local data for eslint-visitor-keys@https://registry.npmjs.org/eslint-visitor-keys/-/eslint-visitor-keys-3.4.3.tgz. Extracting by manifest.
1899 silly tarball no local data for js-yaml@https://registry.npmjs.org/js-yaml/-/js-yaml-3.14.2.tgz. Extracting by manifest.
1900 silly tarball no local data for find-up@https://registry.npmjs.org/find-up/-/find-up-4.1.0.tgz. Extracting by manifest.
1901 silly tarball no local data for @jridgewell/trace-mapping@https://registry.npmjs.org/@jridgewell/trace-mapping/-/trace-mapping-0.3.9.tgz. Extracting by manifest.
1902 silly tarball no local data for strip-ansi@https://registry.npmjs.org/strip-ansi/-/strip-ansi-6.0.1.tgz. Extracting by manifest.
1903 silly tarball no local data for argparse@https://registry.npmjs.org/argparse/-/argparse-1.0.10.tgz. Extracting by manifest.
1904 http fetch POST 200 https://registry.npmjs.org/-/npm/v1/security/advisories/bulk 1494ms
1905 silly audit report {
1905 silly audit report   flatted: [
1905 silly audit report     {
1905 silly audit report       id: 1114526,
1905 silly audit report       url: 'https://github.com/advisories/GHSA-25h7-pfq9-p65f',
1905 silly audit report       title: 'flatted vulnerable to unbounded recursion DoS in parse() revive phase',
1905 silly audit report       severity: 'high',
1905 silly audit report       vulnerable_versions: '<3.4.0',
1905 silly audit report       cwe: [Array],
1905 silly audit report       cvss: [Object]
1905 silly audit report     }
1905 silly audit report   ],
1905 silly audit report   tar: [
1905 silly audit report     {
1905 silly audit report       id: 1112329,
1905 silly audit report       url: 'https://github.com/advisories/GHSA-r6q2-hw4h-h46w',
1905 silly audit report       title: 'Race Condition in node-tar Path Reservations via Unicode Ligature Collisions on macOS APFS',
1905 silly audit report       severity: 'high',
1905 silly audit report       vulnerable_versions: '<=7.5.3',
1905 silly audit report       cwe: [Array],
1905 silly audit report       cvss: [Object]
1905 silly audit report     },
1905 silly audit report     {
1905 silly audit report       id: 1112659,
1905 silly audit report       url: 'https://github.com/advisories/GHSA-34x7-hfp2-rc4v',
1905 silly audit report       title: 'node-tar Vulnerable to Arbitrary File Creation/Overwrite via Hardlink Path Traversal',
1905 silly audit report       severity: 'high',
1905 silly audit report       vulnerable_versions: '<7.5.7',
1905 silly audit report       cwe: [Array],
1905 silly audit report       cvss: [Object]
1905 silly audit report     },
1905 silly audit report     {
1905 silly audit report       id: 1113300,
1905 silly audit report       url: 'https://github.com/advisories/GHSA-8qq5-rm4j-mr97',
1905 silly audit report       title: 'node-tar is Vulnerable to Arbitrary File Overwrite and Symlink Poisoning via Insufficient Path Sanitization',
1905 silly audit report       severity: 'high',
1905 silly audit report       vulnerable_versions: '<=7.5.2',
1905 silly audit report       cwe: [Array],
1905 silly audit report       cvss: [Object]
1905 silly audit report     },
1905 silly audit report     {
1905 silly audit report       id: 1113375,
1905 silly audit report       url: 'https://github.com/advisories/GHSA-83g3-92jg-28cx',
1905 silly audit report       title: 'Arbitrary File Read/Write via Hardlink Target Escape Through Symlink Chain in node-tar Extraction',
1905 silly audit report       severity: 'high',
1905 silly audit report       vulnerable_versions: '<7.5.8',
1905 silly audit report       cwe: [Array],
1905 silly audit report       cvss: [Object]
1905 silly audit report     },
1905 silly audit report     {
1905 silly audit report       id: 1114200,
1905 silly audit report       url: 'https://github.com/advisories/GHSA-qffp-2rhf-9h96',
1905 silly audit report       title: 'tar has Hardlink Path Traversal via Drive-Relative Linkpath',
1905 silly audit report       severity: 'high',
1905 silly audit report       vulnerable_versions: '<=7.5.9',
1905 silly audit report       cwe: [Array],
1905 silly audit report       cvss: [Object]
1905 silly audit report     },
1905 silly audit report     {
1905 silly audit report       id: 1114302,
1905 silly audit report       url: 'https://github.com/advisories/GHSA-9ppj-qmqm-q256',
1905 silly audit report       title: 'node-tar Symlink Path Traversal via Drive-Relative Linkpath',
1905 silly audit report       severity: 'high',
1905 silly audit report       vulnerable_versions: '<=7.5.10',
1905 silly audit report       cwe: [Array],
1905 silly audit report       cvss: [Object]
1905 silly audit report     }
1905 silly audit report   ]
1905 silly audit report }
1906 silly packumentCache corgi:https://registry.npmjs.org/flatted cache-miss
1907 silly packumentCache corgi:https://registry.npmjs.org/tar cache-miss
1908 http fetch GET 200 https://registry.npmjs.org/yoctocolors/-/yoctocolors-2.1.2.tgz 1136ms (cache miss)
1909 http fetch GET 200 https://registry.npmjs.org/why-is-node-running/-/why-is-node-running-2.3.0.tgz 1128ms (cache miss)
1910 http fetch GET 200 https://registry.npmjs.org/which/-/which-2.0.2.tgz 1316ms (cache miss)
1911 http fetch GET 200 https://registry.npmjs.org/whatwg-url/-/whatwg-url-14.2.0.tgz 1394ms (cache miss)
1912 http fetch GET 200 https://registry.npmjs.org/webidl-conversions/-/webidl-conversions-7.0.0.tgz 1550ms (cache miss)
1913 http fetch GET 200 https://registry.npmjs.org/yocto-queue/-/yocto-queue-0.1.0.tgz 1585ms (cache miss)
1914 http fetch GET 200 https://registry.npmjs.org/web-worker/-/web-worker-1.2.0.tgz 1597ms (cache miss)
1915 http fetch GET 200 https://registry.npmjs.org/yn/-/yn-3.1.1.tgz 1608ms (cache miss)
1916 http fetch GET 200 https://registry.npmjs.org/yargs-parser/-/yargs-parser-21.1.1.tgz 1612ms (cache miss)
1917 http fetch GET 200 https://registry.npmjs.org/yallist/-/yallist-3.1.1.tgz 1656ms (cache miss)
1918 http fetch GET 200 https://registry.npmjs.org/write-file-atomic/-/write-file-atomic-5.0.1.tgz 1666ms (cache miss)
1919 http fetch GET 200 https://registry.npmjs.org/wrappy/-/wrappy-1.0.2.tgz 1667ms (cache miss)
1920 http fetch GET 200 https://registry.npmjs.org/xtend/-/xtend-4.0.2.tgz 1671ms (cache miss)
1921 http fetch GET 200 https://registry.npmjs.org/wrap-ansi/-/wrap-ansi-7.0.0.tgz 1670ms (cache miss)
1922 http fetch GET 200 https://registry.npmjs.org/walker/-/walker-1.0.8.tgz 1675ms (cache miss)
1923 http fetch GET 200 https://registry.npmjs.org/wrap-ansi/-/wrap-ansi-8.1.0.tgz 1680ms (cache miss)
1924 http fetch GET 200 https://registry.npmjs.org/y18n/-/y18n-5.0.8.tgz 1685ms (cache miss)
1925 http fetch GET 200 https://registry.npmjs.org/word-wrap/-/word-wrap-1.2.5.tgz 1683ms (cache miss)
1926 http fetch GET 200 https://registry.npmjs.org/wordwrap/-/wordwrap-1.0.0.tgz 1700ms (cache miss)
1927 http fetch GET 200 https://registry.npmjs.org/vary/-/vary-1.1.2.tgz 1716ms (cache miss)
1928 http fetch GET 200 https://registry.npmjs.org/universalify/-/universalify-2.0.1.tgz 1948ms (cache miss)
1929 http fetch GET 200 https://registry.npmjs.org/unique-string/-/unique-string-3.0.0.tgz 1948ms (cache miss)
1930 http fetch GET 200 https://registry.npmjs.org/universal-user-agent/-/universal-user-agent-7.0.3.tgz 1951ms (cache miss)
1931 http fetch GET 200 https://registry.npmjs.org/unpipe/-/unpipe-1.0.0.tgz 1954ms (cache miss)
1932 http fetch GET 200 https://registry.npmjs.org/url-join/-/url-join-5.0.0.tgz 1960ms (cache miss)
1933 http fetch GET 200 https://registry.npmjs.org/util-deprecate/-/util-deprecate-1.0.2.tgz 1961ms (cache miss)
1934 http fetch GET 200 https://registry.npmjs.org/validate-npm-package-license/-/validate-npm-package-license-3.0.4.tgz 1970ms (cache miss)
1935 http fetch GET 200 https://registry.npmjs.org/unicode-emoji-modifier-base/-/unicode-emoji-modifier-base-1.0.0.tgz 1963ms (cache miss)
1936 http fetch GET 200 https://registry.npmjs.org/unicorn-magic/-/unicorn-magic-0.3.0.tgz 1964ms (cache miss)
1937 http fetch GET 200 https://registry.npmjs.org/v8-compile-cache-lib/-/v8-compile-cache-lib-3.0.1.tgz 1977ms (cache miss)
1938 http fetch GET 200 https://registry.npmjs.org/update-browserslist-db/-/update-browserslist-db-1.1.4.tgz 1980ms (cache miss)
1939 http fetch GET 200 https://registry.npmjs.org/unrs-resolver/-/unrs-resolver-1.11.1.tgz 1985ms (cache miss)
1940 http fetch GET 200 https://registry.npmjs.org/v8-to-istanbul/-/v8-to-istanbul-9.3.0.tgz 2016ms (cache miss)
1941 http fetch GET 200 https://registry.npmjs.org/type-is/-/type-is-2.0.1.tgz 2024ms (cache miss)
1942 http fetch GET 200 https://registry.npmjs.org/yargs/-/yargs-17.7.2.tgz 2075ms (cache miss)
1943 http fetch GET 200 https://registry.npmjs.org/undici-types/-/undici-types-6.21.0.tgz 2064ms (cache miss)
1944 http fetch GET 200 https://registry.npmjs.org/typescript-eslint/-/typescript-eslint-8.46.3.tgz 2177ms (cache miss)
1945 http fetch GET 200 https://registry.npmjs.org/tunnel-agent/-/tunnel-agent-0.6.0.tgz 2211ms (cache miss)
1946 http fetch GET 200 https://registry.npmjs.org/traverse/-/traverse-0.6.8.tgz 2235ms (cache miss)
1947 http fetch GET 200 https://registry.npmjs.org/type-detect/-/type-detect-4.0.8.tgz 2246ms (cache miss)
1948 http fetch GET 200 https://registry.npmjs.org/toidentifier/-/toidentifier-1.0.1.tgz 2338ms (cache miss)
1949 http fetch GET 200 https://registry.npmjs.org/uri-js/-/uri-js-4.4.1.tgz 2378ms (cache miss)
1950 http fetch GET 200 https://registry.npmjs.org/tmpl/-/tmpl-1.0.5.tgz 2473ms (cache miss)
1951 http fetch GET 200 https://registry.npmjs.org/tr46/-/tr46-5.1.1.tgz 2477ms (cache miss)
1952 http fetch GET 200 https://registry.npmjs.org/to-regex-range/-/to-regex-range-5.0.1.tgz 2480ms (cache miss)
1953 http fetch GET 200 https://registry.npmjs.org/tsx/-/tsx-4.20.6.tgz 2516ms (cache miss)
1954 http fetch GET 200 https://registry.npmjs.org/type-check/-/type-check-0.4.0.tgz 2519ms (cache miss)
1955 http fetch GET 200 https://registry.npmjs.org/tinyrainbow/-/tinyrainbow-3.0.3.tgz 2535ms (cache miss)
1956 http fetch GET 200 https://registry.npmjs.org/tinyglobby/-/tinyglobby-0.2.15.tgz 2572ms (cache miss)
1957 http fetch GET 200 https://registry.npmjs.org/type-fest/-/type-fest-0.21.3.tgz 2592ms (cache miss)
1958 http fetch GET 200 https://registry.npmjs.org/vitest/-/vitest-4.0.7.tgz 2613ms (cache miss)
1959 http fetch GET 200 https://registry.npmjs.org/tinyexec/-/tinyexec-0.3.2.tgz 2607ms (cache miss)
1960 http fetch GET 200 https://registry.npmjs.org/time-span/-/time-span-5.1.0.tgz 2636ms (cache miss)
1961 http fetch GET 200 https://registry.npmjs.org/tinybench/-/tinybench-2.9.0.tgz 2642ms (cache miss)
1962 http fetch GET 200 https://registry.npmjs.org/through2/-/through2-2.0.5.tgz 2687ms (cache miss)
1963 http fetch GET 200 https://registry.npmjs.org/thenify-all/-/thenify-all-1.6.0.tgz 2770ms (cache miss)
1964 http fetch GET 200 https://registry.npmjs.org/through/-/through-2.3.8.tgz 2773ms (cache miss)
1965 http fetch GET 200 https://registry.npmjs.org/thenify/-/thenify-3.3.1.tgz 2777ms (cache miss)
1966 http fetch GET 200 https://registry.npmjs.org/text-extensions/-/text-extensions-2.4.0.tgz 2786ms (cache miss)
1967 http fetch GET 200 https://registry.npmjs.org/test-exclude/-/test-exclude-6.0.0.tgz 2788ms (cache miss)
1968 http fetch GET 200 https://registry.npmjs.org/tempy/-/tempy-3.2.0.tgz 2853ms (cache miss)
1969 http fetch GET 200 https://registry.npmjs.org/tar-stream/-/tar-stream-2.2.0.tgz 2861ms (cache miss)
1970 http fetch GET 200 https://registry.npmjs.org/temp-dir/-/temp-dir-3.0.0.tgz 2928ms (cache miss)
1971 http fetch GET 200 https://registry.npmjs.org/ts-api-utils/-/ts-api-utils-2.1.0.tgz 2961ms (cache miss)
1972 http fetch GET 200 https://registry.npmjs.org/tar-fs/-/tar-fs-2.1.4.tgz 2955ms (cache miss)
1973 http fetch GET 200 https://registry.npmjs.org/supports-color/-/supports-color-7.2.0.tgz 2995ms (cache miss)
1974 http fetch GET 200 https://registry.npmjs.org/supports-hyperlinks/-/supports-hyperlinks-3.2.0.tgz 2997ms (cache miss)
1975 http fetch GET 200 https://registry.npmjs.org/strip-ansi/-/strip-ansi-7.1.2.tgz 3000ms (cache miss)
1976 http fetch GET 200 https://registry.npmjs.org/strip-final-newline/-/strip-final-newline-2.0.0.tgz 3002ms (cache miss)
1977 http fetch GET 200 https://registry.npmjs.org/strip-bom/-/strip-bom-4.0.0.tgz 3002ms (cache miss)
1978 http fetch GET 200 https://registry.npmjs.org/super-regex/-/super-regex-1.1.0.tgz 3004ms (cache miss)
1979 http fetch GET 200 https://registry.npmjs.org/strip-json-comments/-/strip-json-comments-3.1.1.tgz 3004ms (cache miss)
1980 http fetch GET 200 https://registry.npmjs.org/strip-ansi/-/strip-ansi-6.0.1.tgz 2996ms (cache miss)
1981 http fetch GET 200 https://registry.npmjs.org/ts-node/-/ts-node-10.9.2.tgz 3028ms (cache miss)
1982 http fetch GET 200 https://registry.npmjs.org/synckit/-/synckit-0.11.11.tgz 3026ms (cache miss)
1983 http fetch GET 200 https://registry.npmjs.org/string-width/-/string-width-4.2.3.tgz 3018ms (cache miss)
1984 http fetch GET 200 https://registry.npmjs.org/ts-jest/-/ts-jest-29.4.5.tgz 3049ms (cache miss)
1985 http fetch GET 200 https://registry.npmjs.org/string-width/-/string-width-5.1.2.tgz 3043ms (cache miss)
1986 http fetch GET 200 https://registry.npmjs.org/string-length/-/string-length-4.0.2.tgz 3681ms (cache miss)
1987 http fetch GET 200 https://registry.npmjs.org/sparse-bitfield/-/sparse-bitfield-3.0.3.tgz 4320ms (cache miss)
1988 http fetch GET 200 https://registry.npmjs.org/stream-combiner2/-/stream-combiner2-1.1.1.tgz 4326ms (cache miss)
1989 http fetch GET 200 https://registry.npmjs.org/spdx-exceptions/-/spdx-exceptions-2.5.0.tgz 4322ms (cache miss)
1990 http fetch GET 200 https://registry.npmjs.org/sprintf-js/-/sprintf-js-1.0.3.tgz 4325ms (cache miss)
1991 http fetch GET 200 https://registry.npmjs.org/stack-utils/-/stack-utils-2.0.6.tgz 4393ms (cache miss)
1992 http fetch GET 200 https://registry.npmjs.org/simple-concat/-/simple-concat-1.0.1.tgz 4383ms (cache miss)
1993 http fetch GET 200 https://registry.npmjs.org/sqlstring/-/sqlstring-2.3.3.tgz 4397ms (cache miss)
1994 http fetch GET 200 https://registry.npmjs.org/stackback/-/stackback-0.0.2.tgz 4400ms (cache miss)
1995 http fetch GET 200 https://registry.npmjs.org/spawn-error-forwarder/-/spawn-error-forwarder-1.0.0.tgz 5141ms (cache miss)
1996 http fetch GET 200 https://registry.npmjs.org/spdx-license-ids/-/spdx-license-ids-3.0.22.tgz 5160ms (cache miss)
1997 http fetch GET 200 https://registry.npmjs.org/spdx-correct/-/spdx-correct-3.2.0.tgz 5170ms (cache miss)
1998 http fetch GET 200 https://registry.npmjs.org/skin-tone/-/skin-tone-2.0.0.tgz 5185ms (cache miss)
1999 http fetch GET 200 https://registry.npmjs.org/siginfo/-/siginfo-2.0.0.tgz 5191ms (cache miss)
2000 http fetch GET 200 https://registry.npmjs.org/shebang-command/-/shebang-command-2.0.0.tgz 5197ms (cache miss)
2001 http fetch GET 200 https://registry.npmjs.org/side-channel-list/-/side-channel-list-1.0.0.tgz 5197ms (cache miss)
2002 http fetch GET 200 https://registry.npmjs.org/semver-regex/-/semver-regex-4.0.5.tgz 5196ms (cache miss)
2003 http fetch GET 200 https://registry.npmjs.org/shebang-regex/-/shebang-regex-3.0.0.tgz 5201ms (cache miss)
2004 http fetch GET 200 https://registry.npmjs.org/reusify/-/reusify-1.1.0.tgz 5194ms (cache miss)
2005 http fetch GET 200 https://registry.npmjs.org/split2/-/split2-4.2.0.tgz 6994ms (cache miss)
2006 http fetch GET 200 https://registry.npmjs.org/string_decoder/-/string_decoder-1.1.1.tgz 7000ms (cache miss)
2007 http fetch GET 200 https://registry.npmjs.org/slash/-/slash-3.0.0.tgz 6992ms (cache miss)
2008 http fetch GET 200 https://registry.npmjs.org/signal-exit/-/signal-exit-4.1.0.tgz 6990ms (cache miss)
2009 http fetch GET 200 https://registry.npmjs.org/setprototypeof/-/setprototypeof-1.2.0.tgz 7006ms (cache miss)
2010 http fetch GET 200 https://registry.npmjs.org/side-channel/-/side-channel-1.1.0.tgz 7009ms (cache miss)
2011 http fetch GET 200 https://registry.npmjs.org/semver-diff/-/semver-diff-5.0.0.tgz 7007ms (cache miss)
2012 http fetch GET 200 https://registry.npmjs.org/read-package-up/-/read-package-up-11.0.0.tgz 7001ms (cache miss)
2013 http fetch GET 200 https://registry.npmjs.org/run-parallel/-/run-parallel-1.2.0.tgz 7008ms (cache miss)
2014 http fetch GET 200 https://registry.npmjs.org/safe-buffer/-/safe-buffer-5.2.1.tgz 7031ms (cache miss)
2015 http fetch GET 200 https://registry.npmjs.org/resolve-from/-/resolve-from-4.0.0.tgz 7042ms (cache miss)
2016 warn deprecated semver-diff@5.0.0: Deprecated as the semver package now supports this built-in.
2017 http fetch GET 200 https://registry.npmjs.org/retry/-/retry-0.6.0.tgz 7045ms (cache miss)
2018 http fetch GET 200 https://registry.npmjs.org/registry-auth-token/-/registry-auth-token-5.1.1.tgz 7043ms (cache miss)
2019 http fetch GET 200 https://registry.npmjs.org/resolve-cwd/-/resolve-cwd-3.0.0.tgz 7045ms (cache miss)
2020 http fetch GET 200 https://registry.npmjs.org/statuses/-/statuses-2.0.2.tgz 7087ms (cache miss)
2021 http fetch GET 200 https://registry.npmjs.org/pretty-ms/-/pretty-ms-9.3.0.tgz 7066ms (cache miss)
2022 http fetch GET 200 https://registry.npmjs.org/read-pkg/-/read-pkg-9.0.1.tgz 7074ms (cache miss)
2023 http fetch GET 200 https://registry.npmjs.org/spdx-expression-parse/-/spdx-expression-parse-3.0.1.tgz 7106ms (cache miss)
2024 http fetch GET 200 https://registry.npmjs.org/send/-/send-1.2.0.tgz 7095ms (cache miss)
2025 http fetch GET 200 https://registry.npmjs.org/range-parser/-/range-parser-1.2.1.tgz 7087ms (cache miss)
2026 http fetch GET 200 https://registry.npmjs.org/punycode/-/punycode-2.3.1.tgz 7085ms (cache miss)
2027 http fetch GET 200 https://registry.npmjs.org/signale/-/signale-1.4.0.tgz 7107ms (cache miss)
2028 http fetch GET 200 https://registry.npmjs.org/process-nextick-args/-/process-nextick-args-2.0.1.tgz 7330ms (cache miss)
2029 http fetch GET 200 https://registry.npmjs.org/postgres-date/-/postgres-date-1.0.7.tgz 7334ms (cache miss)
2030 http fetch GET 200 https://registry.npmjs.org/pify/-/pify-3.0.0.tgz 7329ms (cache miss)
2031 http fetch GET 200 https://registry.npmjs.org/raw-body/-/raw-body-3.0.1.tgz 7398ms (cache miss)
2032 http fetch GET 200 https://registry.npmjs.org/queue-microtask/-/queue-microtask-1.2.3.tgz 7398ms (cache miss)
2033 http fetch GET 200 https://registry.npmjs.org/simple-get/-/simple-get-4.0.1.tgz 7418ms (cache miss)
2034 http fetch GET 200 https://registry.npmjs.org/picocolors/-/picocolors-1.1.1.tgz 7388ms (cache miss)
2035 http fetch GET 200 https://registry.npmjs.org/proto-list/-/proto-list-1.2.4.tgz 7451ms (cache miss)
2036 http fetch GET 200 https://registry.npmjs.org/postgres-bytea/-/postgres-bytea-1.0.0.tgz 7468ms (cache miss)
2037 http fetch GET 200 https://registry.npmjs.org/proxy-addr/-/proxy-addr-2.0.7.tgz 7476ms (cache miss)
2038 http fetch GET 200 https://registry.npmjs.org/source-map-support/-/source-map-support-0.5.13.tgz 7503ms (cache miss)
2039 http fetch GET 200 https://registry.npmjs.org/prelude-ls/-/prelude-ls-1.2.1.tgz 7476ms (cache miss)
2040 http fetch GET 200 https://registry.npmjs.org/postgres-interval/-/postgres-interval-1.2.0.tgz 7486ms (cache miss)
2041 http fetch GET 200 https://registry.npmjs.org/semver/-/semver-6.3.1.tgz 7504ms (cache miss)
2042 http fetch GET 200 https://registry.npmjs.org/pkg-conf/-/pkg-conf-2.1.0.tgz 7499ms (cache miss)
2043 http fetch GET 200 https://registry.npmjs.org/pg-int8/-/pg-int8-1.0.1.tgz 7498ms (cache miss)
2044 http fetch GET 200 https://registry.npmjs.org/path-to-regexp/-/path-to-regexp-8.3.0.tgz 7499ms (cache miss)
2045 http fetch GET 200 https://registry.npmjs.org/parse5-htmlparser2-tree-adapter/-/parse5-htmlparser2-tree-adapter-6.0.1.tgz 7495ms (cache miss)
2046 http fetch GET 200 https://registry.npmjs.org/p-limit/-/p-limit-3.1.0.tgz 7505ms (cache miss)
2047 http fetch GET 200 https://registry.npmjs.org/onetime/-/onetime-5.1.2.tgz 7503ms (cache miss)
2048 http fetch GET 200 https://registry.npmjs.org/parse-ms/-/parse-ms-4.0.0.tgz 7510ms (cache miss)
2049 http fetch GET 200 https://registry.npmjs.org/pirates/-/pirates-4.0.7.tgz 7525ms (cache miss)
2050 http fetch GET 200 https://registry.npmjs.org/safer-buffer/-/safer-buffer-2.1.2.tgz 7552ms (cache miss)
2051 http fetch GET 200 https://registry.npmjs.org/pgpass/-/pgpass-1.0.5.tgz 7538ms (cache miss)
2052 http fetch GET 200 https://registry.npmjs.org/serve-static/-/serve-static-2.2.0.tgz 7564ms (cache miss)
2053 http fetch GET 200 https://registry.npmjs.org/pretty-format/-/pretty-format-30.2.0.tgz 7546ms (cache miss)
2054 http fetch GET 200 https://registry.npmjs.org/path-type/-/path-type-4.0.0.tgz 7539ms (cache miss)
2055 http fetch GET 200 https://registry.npmjs.org/path-is-absolute/-/path-is-absolute-1.0.1.tgz 7538ms (cache miss)
2056 http fetch GET 200 https://registry.npmjs.org/parseurl/-/parseurl-1.3.3.tgz 7537ms (cache miss)
2057 http fetch GET 200 https://registry.npmjs.org/read-pkg-up/-/read-pkg-up-11.0.0.tgz 7561ms (cache miss)
2058 http fetch GET 200 https://registry.npmjs.org/pkg-dir/-/pkg-dir-4.2.0.tgz 7549ms (cache miss)
2059 http fetch GET 200 https://registry.npmjs.org/parse-json/-/parse-json-5.2.0.tgz 7538ms (cache miss)
2060 http fetch GET 200 https://registry.npmjs.org/p-try/-/p-try-2.2.0.tgz 7541ms (cache miss)
2061 http fetch GET 200 https://registry.npmjs.org/package-json-from-dist/-/package-json-from-dist-1.0.1.tgz 7543ms (cache miss)
2062 http fetch GET 200 https://registry.npmjs.org/p-locate/-/p-locate-5.0.0.tgz 7542ms (cache miss)
2063 http fetch GET 200 https://registry.npmjs.org/p-event/-/p-event-6.0.1.tgz 7541ms (cache miss)
2064 http fetch GET 200 https://registry.npmjs.org/prebuild-install/-/prebuild-install-7.1.3.tgz 7560ms (cache miss)
2065 http fetch GET 200 https://registry.npmjs.org/p-each-series/-/p-each-series-3.0.0.tgz 7541ms (cache miss)
2066 http fetch GET 200 https://registry.npmjs.org/object-assign/-/object-assign-4.1.1.tgz 7537ms (cache miss)
2067 http fetch GET 200 https://registry.npmjs.org/p-filter/-/p-filter-4.1.0.tgz 7544ms (cache miss)
2068 http fetch GET 200 https://registry.npmjs.org/node-int64/-/node-int64-0.4.0.tgz 7536ms (cache miss)
2069 http fetch GET 200 https://registry.npmjs.org/normalize-url/-/normalize-url-8.1.1.tgz 7539ms (cache miss)
2070 http fetch GET 200 https://registry.npmjs.org/once/-/once-1.4.0.tgz 7542ms (cache miss)
2071 http fetch GET 200 https://registry.npmjs.org/normalize-path/-/normalize-path-3.0.0.tgz 7539ms (cache miss)
2072 http fetch GET 200 https://registry.npmjs.org/normalize-package-data/-/normalize-package-data-6.0.2.tgz 7539ms (cache miss)
2073 http fetch GET 200 https://registry.npmjs.org/node-emoji/-/node-emoji-2.2.0.tgz 7539ms (cache miss)
2074 http fetch GET 200 https://registry.npmjs.org/nerf-dart/-/nerf-dart-1.0.0.tgz 7538ms (cache miss)
2075 http fetch GET 200 https://registry.npmjs.org/natural-compare/-/natural-compare-1.4.0.tgz 7537ms (cache miss)
2076 http fetch GET 200 https://registry.npmjs.org/npm-run-path/-/npm-run-path-4.0.1.tgz 7545ms (cache miss)
2077 http fetch GET 200 https://registry.npmjs.org/require-directory/-/require-directory-2.1.1.tgz 7581ms (cache miss)
2078 http fetch GET 200 https://registry.npmjs.org/mkdirp-classic/-/mkdirp-classic-0.5.3.tgz 7537ms (cache miss)
2079 http fetch GET 200 https://registry.npmjs.org/mimic-response/-/mimic-response-3.1.0.tgz 7531ms (cache miss)
2080 http fetch GET 200 https://registry.npmjs.org/mongodb-connection-string-url/-/mongodb-connection-string-url-3.0.2.tgz 7539ms (cache miss)
2081 http fetch GET 200 https://registry.npmjs.org/memory-pager/-/memory-pager-1.5.0.tgz 7532ms (cache miss)
2082 http fetch GET 200 https://registry.npmjs.org/minimatch/-/minimatch-3.1.5.tgz 7537ms (cache miss)
2083 http fetch GET 200 https://registry.npmjs.org/math-intrinsics/-/math-intrinsics-1.1.0.tgz 7531ms (cache miss)
2084 http fetch GET 200 https://registry.npmjs.org/lodash.isstring/-/lodash.isstring-4.0.1.tgz 7522ms (cache miss)
2085 http fetch GET 200 https://registry.npmjs.org/lodash.capitalize/-/lodash.capitalize-4.2.1.tgz 7522ms (cache miss)
2086 http fetch GET 200 https://registry.npmjs.org/leven/-/leven-3.1.0.tgz 7516ms (cache miss)
2087 http fetch GET 200 https://registry.npmjs.org/named-placeholders/-/named-placeholders-1.1.3.tgz 7547ms (cache miss)
2088 http fetch GET 200 https://registry.npmjs.org/pg-connection-string/-/pg-connection-string-2.9.1.tgz 7571ms (cache miss)
2089 http fetch GET 200 https://registry.npmjs.org/postgres-array/-/postgres-array-2.0.0.tgz 7578ms (cache miss)
2090 http fetch GET 200 https://registry.npmjs.org/keyv/-/keyv-4.5.4.tgz 7521ms (cache miss)
2091 http fetch GET 200 https://registry.npmjs.org/path-key/-/path-key-3.1.1.tgz 7570ms (cache miss)
2092 http fetch GET 200 https://registry.npmjs.org/path-exists/-/path-exists-4.0.0.tgz 7571ms (cache miss)
2093 http fetch GET 200 https://registry.npmjs.org/parent-module/-/parent-module-1.0.1.tgz 7575ms (cache miss)
2094 http fetch GET 200 https://registry.npmjs.org/p-is-promise/-/p-is-promise-3.0.0.tgz 7575ms (cache miss)
2095 http fetch GET 200 https://registry.npmjs.org/p-timeout/-/p-timeout-6.1.4.tgz 7571ms (cache miss)
2096 http fetch GET 200 https://registry.npmjs.org/p-reduce/-/p-reduce-2.1.0.tgz 7575ms (cache miss)
2097 http fetch GET 200 https://registry.npmjs.org/on-finished/-/on-finished-2.4.1.tgz 7571ms (cache miss)
2098 http fetch GET 200 https://registry.npmjs.org/node-abi/-/node-abi-3.87.0.tgz 7567ms (cache miss)
2099 http fetch GET 200 https://registry.npmjs.org/mz/-/mz-2.7.0.tgz 7565ms (cache miss)
2100 http fetch GET 200 https://registry.npmjs.org/pg-pool/-/pg-pool-3.10.1.tgz 7592ms (cache miss)
2101 http fetch GET 200 https://registry.npmjs.org/router/-/router-2.2.0.tgz 7615ms (cache miss)
2102 http fetch GET 200 https://registry.npmjs.org/merge-stream/-/merge-stream-2.0.0.tgz 7562ms (cache miss)
2103 http fetch GET 200 https://registry.npmjs.org/merge2/-/merge2-1.4.1.tgz 7563ms (cache miss)
2104 http fetch GET 200 https://registry.npmjs.org/mimic-fn/-/mimic-fn-2.1.0.tgz 7566ms (cache miss)
2105 http fetch GET 200 https://registry.npmjs.org/make-dir/-/make-dir-4.0.0.tgz 7558ms (cache miss)
2106 http fetch GET 200 https://registry.npmjs.org/lru.min/-/lru.min-1.1.2.tgz 7558ms (cache miss)
2107 http fetch GET 200 https://registry.npmjs.org/lodash.isplainobject/-/lodash.isplainobject-4.0.6.tgz 7553ms (cache miss)
2108 http fetch GET 200 https://registry.npmjs.org/lines-and-columns/-/lines-and-columns-1.2.4.tgz 7548ms (cache miss)
2109 http fetch GET 200 https://registry.npmjs.org/locate-path/-/locate-path-6.0.0.tgz 7551ms (cache miss)
2110 http fetch GET 200 https://registry.npmjs.org/lodash.escaperegexp/-/lodash.escaperegexp-4.1.2.tgz 7556ms (cache miss)
2111 http fetch GET 200 https://registry.npmjs.org/makeerror/-/makeerror-1.0.12.tgz 7568ms (cache miss)
2112 warn deprecated read-pkg-up@11.0.0: Renamed to read-package-up
2113 http fetch GET 200 https://registry.npmjs.org/lodash.merge/-/lodash.merge-4.6.2.tgz 7568ms (cache miss)
2114 http fetch GET 200 https://registry.npmjs.org/lodash.memoize/-/lodash.memoize-4.1.2.tgz 7567ms (cache miss)
2115 http fetch GET 200 https://registry.npmjs.org/ms/-/ms-2.1.3.tgz 7635ms (cache miss)
2116 http fetch GET 200 https://registry.npmjs.org/merge-descriptors/-/merge-descriptors-2.0.0.tgz 7630ms (cache miss)
2117 http fetch GET 200 https://registry.npmjs.org/make-asynchronous/-/make-asynchronous-1.0.1.tgz 7643ms (cache miss)
2118 http fetch GET 200 https://registry.npmjs.org/lru-cache/-/lru-cache-5.1.1.tgz 7639ms (cache miss)
2119 http fetch GET 200 https://registry.npmjs.org/lodash.uniqby/-/lodash.uniqby-4.7.0.tgz 7642ms (cache miss)
2120 http fetch GET 200 https://registry.npmjs.org/micromatch/-/micromatch-4.0.8.tgz 7678ms (cache miss)
2121 http fetch GET 200 https://registry.npmjs.org/json-stringify-safe/-/json-stringify-safe-5.0.1.tgz 7653ms (cache miss)
2122 http fetch GET 200 https://registry.npmjs.org/std-env/-/std-env-3.10.0.tgz 7771ms (cache miss)
2123 http fetch GET 200 https://registry.npmjs.org/media-typer/-/media-typer-1.1.0.tgz 7714ms (cache miss)
2124 http fetch GET 200 https://registry.npmjs.org/resolve-pkg-maps/-/resolve-pkg-maps-1.0.0.tgz 7773ms (cache miss)
2125 http fetch GET 200 https://registry.npmjs.org/mime-types/-/mime-types-3.0.1.tgz 7813ms (cache miss)
2126 http fetch GET 200 https://registry.npmjs.org/make-error/-/make-error-1.3.6.tgz 7807ms (cache miss)
2127 http fetch GET 200 https://registry.npmjs.org/node-releases/-/node-releases-2.0.27.tgz 7827ms (cache miss)
2128 http fetch GET 200 https://registry.npmjs.org/jest-watcher/-/jest-watcher-30.2.0.tgz 7793ms (cache miss)
2129 http fetch GET 200 https://registry.npmjs.org/napi-build-utils/-/napi-build-utils-2.0.0.tgz 7835ms (cache miss)
2130 http fetch GET 200 https://registry.npmjs.org/json-parse-even-better-errors/-/json-parse-even-better-errors-2.3.1.tgz 7801ms (cache miss)
2131 http fetch GET 200 https://registry.npmjs.org/jsonfile/-/jsonfile-6.2.0.tgz 7806ms (cache miss)
2132 http fetch GET 200 https://registry.npmjs.org/load-json-file/-/load-json-file-4.0.0.tgz 7812ms (cache miss)
2133 http fetch GET 200 https://registry.npmjs.org/jsesc/-/jsesc-3.1.0.tgz 7802ms (cache miss)
2134 http fetch GET 200 https://registry.npmjs.org/json-buffer/-/json-buffer-3.0.1.tgz 7802ms (cache miss)
2135 http fetch GET 200 https://registry.npmjs.org/json-schema-traverse/-/json-schema-traverse-0.4.1.tgz 7806ms (cache miss)
2136 http fetch GET 200 https://registry.npmjs.org/jest-validate/-/jest-validate-30.2.0.tgz 7803ms (cache miss)
2137 http fetch GET 200 https://registry.npmjs.org/jest-runner/-/jest-runner-30.2.0.tgz 7800ms (cache miss)
2138 http fetch GET 200 https://registry.npmjs.org/js-tokens/-/js-tokens-4.0.0.tgz 7807ms (cache miss)
2139 http fetch GET 200 https://registry.npmjs.org/pump/-/pump-3.0.3.tgz 7881ms (cache miss)
2140 http fetch GET 200 https://registry.npmjs.org/jest-resolve-dependencies/-/jest-resolve-dependencies-30.2.0.tgz 7807ms (cache miss)
2141 http fetch GET 200 https://registry.npmjs.org/json-parse-better-errors/-/json-parse-better-errors-1.0.2.tgz 7821ms (cache miss)
2142 http fetch GET 200 https://registry.npmjs.org/react-is/-/react-is-18.3.1.tgz 7898ms (cache miss)
2143 http fetch GET 200 https://registry.npmjs.org/levn/-/levn-0.4.1.tgz 7852ms (cache miss)
2144 http fetch GET 200 https://registry.npmjs.org/seq-queue/-/seq-queue-0.0.5.tgz 7931ms (cache miss)
2145 http fetch GET 200 https://registry.npmjs.org/side-channel-map/-/side-channel-map-1.0.1.tgz 7959ms (cache miss)
2146 http fetch GET 200 https://registry.npmjs.org/side-channel-weakmap/-/side-channel-weakmap-1.0.2.tgz 7964ms (cache miss)
2147 http fetch GET 200 https://registry.npmjs.org/jest-pnp-resolver/-/jest-pnp-resolver-1.2.3.tgz 7866ms (cache miss)
2148 http fetch GET 200 https://registry.npmjs.org/jest-regex-util/-/jest-regex-util-30.0.1.tgz 7869ms (cache miss)
2149 http fetch GET 200 https://registry.npmjs.org/jest-resolve/-/jest-resolve-30.2.0.tgz 7880ms (cache miss)
2150 http fetch GET 200 https://registry.npmjs.org/optionator/-/optionator-0.9.4.tgz 7940ms (cache miss)
2151 http fetch GET 200 https://registry.npmjs.org/jest-each/-/jest-each-30.2.0.tgz 7923ms (cache miss)
2152 http fetch GET 200 https://registry.npmjs.org/jest-leak-detector/-/jest-leak-detector-30.2.0.tgz 7930ms (cache miss)
2153 http fetch GET 200 https://registry.npmjs.org/jest-mock/-/jest-mock-30.2.0.tgz 7937ms (cache miss)
2154 http fetch GET 200 https://registry.npmjs.org/simple-lru-cache/-/simple-lru-cache-0.0.2.tgz 8051ms (cache miss)
2155 http fetch GET 200 https://registry.npmjs.org/jest-message-util/-/jest-message-util-30.2.0.tgz 7951ms (cache miss)
2156 http fetch GET 200 https://registry.npmjs.org/mime-db/-/mime-db-1.54.0.tgz 8028ms (cache miss)
2157 http fetch GET 200 https://registry.npmjs.org/rc/-/rc-1.2.8.tgz 8078ms (cache miss)
2158 http fetch GET 200 https://registry.npmjs.org/java-properties/-/java-properties-1.0.2.tgz 7994ms (cache miss)
2159 http fetch GET 200 https://registry.npmjs.org/jest-runtime/-/jest-runtime-30.2.0.tgz 8009ms (cache miss)
2160 http fetch GET 200 https://registry.npmjs.org/jest/-/jest-30.2.0.tgz 8007ms (cache miss)
2161 http fetch GET 200 https://registry.npmjs.org/jest-environment-node/-/jest-environment-node-30.2.0.tgz 8060ms (cache miss)
2162 http fetch GET 200 https://registry.npmjs.org/jest-docblock/-/jest-docblock-30.2.0.tgz 8068ms (cache miss)
2163 http fetch GET 200 https://registry.npmjs.org/long/-/long-5.3.2.tgz 8114ms (cache miss)
2164 http fetch GET 200 https://registry.npmjs.org/picomatch/-/picomatch-2.3.1.tgz 8163ms (cache miss)
2165 http fetch GET 200 https://registry.npmjs.org/isexe/-/isexe-2.0.0.tgz 8075ms (cache miss)
2166 http fetch GET 200 https://registry.npmjs.org/istanbul-lib-report/-/istanbul-lib-report-3.0.1.tgz 8081ms (cache miss)
2167 http fetch GET 200 https://registry.npmjs.org/istanbul-lib-coverage/-/istanbul-lib-coverage-3.2.2.tgz 8081ms (cache miss)
2168 http fetch GET 200 https://registry.npmjs.org/pg-types/-/pg-types-2.2.0.tgz 8182ms (cache miss)
2169 http fetch GET 200 https://registry.npmjs.org/isarray/-/isarray-1.0.0.tgz 8109ms (cache miss)
2170 http fetch GET 200 https://registry.npmjs.org/jest-matcher-utils/-/jest-matcher-utils-30.2.0.tgz 8126ms (cache miss)
2171 http fetch GET 200 https://registry.npmjs.org/is-unicode-supported/-/is-unicode-supported-2.1.0.tgz 8126ms (cache miss)
2172 http fetch GET 200 https://registry.npmjs.org/jest-diff/-/jest-diff-30.2.0.tgz 8140ms (cache miss)
2173 http fetch GET 200 https://registry.npmjs.org/jest-changed-files/-/jest-changed-files-30.2.0.tgz 8147ms (cache miss)
2174 http fetch GET 200 https://registry.npmjs.org/jest-cli/-/jest-cli-30.2.0.tgz 8172ms (cache miss)
2175 http fetch GET 200 https://registry.npmjs.org/jest-config/-/jest-config-30.2.0.tgz 8183ms (cache miss)
2176 http fetch GET 200 https://registry.npmjs.org/json-with-bigint/-/json-with-bigint-3.5.7.tgz 8207ms (cache miss)
2177 http fetch GET 200 https://registry.npmjs.org/pg-cloudflare/-/pg-cloudflare-1.2.7.tgz 8262ms (cache miss)
2178 http fetch GET 200 https://registry.npmjs.org/jest-snapshot/-/jest-snapshot-30.2.0.tgz 8200ms (cache miss)
2179 http fetch GET 200 https://registry.npmjs.org/uglify-js/-/uglify-js-3.19.3.tgz 8352ms (cache miss)
2180 http fetch GET 200 https://registry.npmjs.org/is-property/-/is-property-1.0.2.tgz 8191ms (cache miss)
2181 http fetch GET 200 https://registry.npmjs.org/is-plain-obj/-/is-plain-obj-4.1.0.tgz 8191ms (cache miss)
2182 http fetch GET 200 https://registry.npmjs.org/is-stream/-/is-stream-2.0.1.tgz 8195ms (cache miss)
2183 http fetch GET 200 https://registry.npmjs.org/is-promise/-/is-promise-4.0.0.tgz 8197ms (cache miss)
2184 http fetch GET 200 https://registry.npmjs.org/is-obj/-/is-obj-2.0.0.tgz 8203ms (cache miss)
2185 http fetch GET 200 https://registry.npmjs.org/issue-parser/-/issue-parser-7.0.1.tgz 8211ms (cache miss)
2186 http fetch GET 200 https://registry.npmjs.org/is-glob/-/is-glob-4.0.3.tgz 8203ms (cache miss)
2187 http fetch GET 200 https://registry.npmjs.org/is-text-path/-/is-text-path-2.0.0.tgz 8207ms (cache miss)
2188 http fetch GET 200 https://registry.npmjs.org/is-generator-fn/-/is-generator-fn-2.1.0.tgz 8209ms (cache miss)
2189 http fetch GET 200 https://registry.npmjs.org/is-fullwidth-code-point/-/is-fullwidth-code-point-3.0.0.tgz 8215ms (cache miss)
2190 http fetch GET 200 https://registry.npmjs.org/is-number/-/is-number-7.0.0.tgz 8218ms (cache miss)
2191 http fetch GET 200 https://registry.npmjs.org/is-extglob/-/is-extglob-2.1.1.tgz 8252ms (cache miss)
2192 http fetch GET 200 https://registry.npmjs.org/jackpot/-/jackpot-0.0.6.tgz 8273ms (cache miss)
2193 http fetch GET 200 https://registry.npmjs.org/into-stream/-/into-stream-7.0.0.tgz 8266ms (cache miss)
2194 http fetch GET 200 https://registry.npmjs.org/inflight/-/inflight-1.0.6.tgz 8265ms (cache miss)
2195 http fetch GET 200 https://registry.npmjs.org/is-arrayish/-/is-arrayish-0.2.1.tgz 8270ms (cache miss)
2196 http fetch GET 200 https://registry.npmjs.org/ipaddr.js/-/ipaddr.js-1.9.1.tgz 8270ms (cache miss)
2197 http fetch GET 200 https://registry.npmjs.org/ini/-/ini-1.3.8.tgz 8268ms (cache miss)
2198 http fetch GET 200 https://registry.npmjs.org/inherits/-/inherits-2.0.4.tgz 8275ms (cache miss)
2199 http fetch GET 200 https://registry.npmjs.org/json-stable-stringify-without-jsonify/-/json-stable-stringify-without-jsonify-1.0.1.tgz 8320ms (cache miss)
2200 warn deprecated inflight@1.0.6: This module is not supported, and leaks memory. Do not use it. Check out lru-cache if you want a good and tested way to coalesce async requests by a key value, which is much more comprehensive and powerful.
2201 http fetch GET 200 https://registry.npmjs.org/index-to-position/-/index-to-position-1.2.0.tgz 8281ms (cache miss)
2202 http fetch GET 200 https://registry.npmjs.org/jest-haste-map/-/jest-haste-map-30.2.0.tgz 8317ms (cache miss)
2203 http fetch GET 200 https://registry.npmjs.org/jest-worker/-/jest-worker-30.2.0.tgz 8334ms (cache miss)
2204 http fetch GET 200 https://registry.npmjs.org/indent-string/-/indent-string-4.0.0.tgz 8299ms (cache miss)
2205 http fetch GET 200 https://registry.npmjs.org/imurmurhash/-/imurmurhash-0.1.4.tgz 8306ms (cache miss)
2206 http fetch GET 200 https://registry.npmjs.org/pathe/-/pathe-2.0.3.tgz 8409ms (cache miss)
2207 http fetch GET 200 https://registry.npmjs.org/jsonparse/-/jsonparse-1.3.1.tgz 8358ms (cache miss)
2208 http fetch GET 200 https://registry.npmjs.org/istanbul-lib-source-maps/-/istanbul-lib-source-maps-5.0.6.tgz 8345ms (cache miss)
2209 http fetch GET 200 https://registry.npmjs.org/import-local/-/import-local-3.2.0.tgz 8329ms (cache miss)
2210 http fetch GET 200 https://registry.npmjs.org/magic-string/-/magic-string-0.30.21.tgz 8398ms (cache miss)
2211 http fetch GET 200 https://registry.npmjs.org/meow/-/meow-12.1.1.tgz 8406ms (cache miss)
2212 http fetch GET 200 https://registry.npmjs.org/source-map-js/-/source-map-js-1.2.1.tgz 8481ms (cache miss)
2213 http fetch GET 200 https://registry.npmjs.org/import-fresh/-/import-fresh-3.3.1.tgz 8379ms (cache miss)
2214 http fetch GET 200 https://registry.npmjs.org/istanbul-lib-instrument/-/istanbul-lib-instrument-6.0.3.tgz 8423ms (cache miss)
2215 http fetch GET 200 https://registry.npmjs.org/import-from-esm/-/import-from-esm-1.3.4.tgz 10326ms (cache miss)
2216 http fetch GET 200 https://registry.npmjs.org/ieee754/-/ieee754-1.2.1.tgz 10513ms (cache miss)
2217 http fetch GET 200 https://registry.npmjs.org/http-errors/-/http-errors-2.0.0.tgz 14106ms (cache miss)
2218 http fetch GET 200 https://registry.npmjs.org/http-proxy-agent/-/http-proxy-agent-7.0.2.tgz 14141ms (cache miss)
2219 http fetch GET 200 https://registry.npmjs.org/hosted-git-info/-/hosted-git-info-7.0.2.tgz 14712ms (cache miss)
2220 http fetch GET 200 https://registry.npmjs.org/hasown/-/hasown-2.0.2.tgz 14723ms (cache miss)
2221 http fetch GET 200 https://registry.npmjs.org/minipass/-/minipass-7.1.2.tgz 14813ms (cache miss)
2222 http fetch GET 200 https://registry.npmjs.org/has-flag/-/has-flag-4.0.0.tgz 14724ms (cache miss)
2223 http fetch GET 200 https://registry.npmjs.org/has-symbols/-/has-symbols-1.1.0.tgz 14742ms (cache miss)
2224 http fetch GET 200 https://registry.npmjs.org/graceful-fs/-/graceful-fs-4.2.11.tgz 14741ms (cache miss)
2225 http fetch GET 200 https://registry.npmjs.org/globby/-/globby-14.1.0.tgz 14740ms (cache miss)
2226 http fetch GET 200 https://registry.npmjs.org/gopd/-/gopd-1.2.0.tgz 14747ms (cache miss)
2227 http fetch GET 200 https://registry.npmjs.org/git-log-parser/-/git-log-parser-1.2.1.tgz 14744ms (cache miss)
2228 http fetch GET 200 https://registry.npmjs.org/get-stream/-/get-stream-6.0.1.tgz 14744ms (cache miss)
2229 http fetch GET 200 https://registry.npmjs.org/github-from-package/-/github-from-package-0.0.0.tgz 14746ms (cache miss)
2230 http fetch GET 200 https://registry.npmjs.org/get-caller-file/-/get-caller-file-2.0.5.tgz 14742ms (cache miss)
2231 http fetch GET 200 https://registry.npmjs.org/ignore/-/ignore-5.3.2.tgz 14762ms (cache miss)
2232 http fetch GET 200 https://registry.npmjs.org/find-up-simple/-/find-up-simple-1.0.1.tgz 14736ms (cache miss)
2233 http fetch GET 200 https://registry.npmjs.org/fs-constants/-/fs-constants-1.0.0.tgz 14741ms (cache miss)
2234 http fetch GET 200 https://registry.npmjs.org/forwarded/-/forwarded-0.2.0.tgz 14740ms (cache miss)
2235 http fetch GET 200 https://registry.npmjs.org/finalhandler/-/finalhandler-2.1.0.tgz 14736ms (cache miss)
2236 http fetch GET 200 https://registry.npmjs.org/foreground-child/-/foreground-child-3.3.1.tgz 14739ms (cache miss)
2237 http fetch GET 200 https://registry.npmjs.org/flat-cache/-/flat-cache-4.0.1.tgz 14739ms (cache miss)
2238 http fetch GET 200 https://registry.npmjs.org/file-uri-to-path/-/file-uri-to-path-1.0.0.tgz 14735ms (cache miss)
2239 http fetch GET 200 https://registry.npmjs.org/find-up/-/find-up-5.0.0.tgz 14737ms (cache miss)
2240 http fetch GET 200 https://registry.npmjs.org/file-entry-cache/-/file-entry-cache-8.0.0.tgz 14736ms (cache miss)
2241 http fetch GET 200 https://registry.npmjs.org/fast-deep-equal/-/fast-deep-equal-3.1.3.tgz 14731ms (cache miss)
2242 http fetch GET 200 https://registry.npmjs.org/human-signals/-/human-signals-2.1.0.tgz 14765ms (cache miss)
2243 http fetch GET 200 https://registry.npmjs.org/hook-std/-/hook-std-4.0.0.tgz 14776ms (cache miss)
2244 http fetch GET 200 https://registry.npmjs.org/estree-walker/-/estree-walker-3.0.3.tgz 14742ms (cache miss)
2245 http fetch GET 200 https://registry.npmjs.org/execa/-/execa-5.1.1.tgz 14744ms (cache miss)
2246 http fetch GET 200 https://registry.npmjs.org/get-package-type/-/get-package-type-0.1.0.tgz 14767ms (cache miss)
2247 http fetch GET 200 https://registry.npmjs.org/fill-range/-/fill-range-7.1.1.tgz 14762ms (cache miss)
2248 http fetch GET 200 https://registry.npmjs.org/fb-watchman/-/fb-watchman-2.0.2.tgz 14761ms (cache miss)
2249 http fetch GET 200 https://registry.npmjs.org/qs/-/qs-6.15.0.tgz 14914ms (cache miss)
2250 http fetch GET 200 https://registry.npmjs.org/html-escaper/-/html-escaper-2.0.2.tgz 14798ms (cache miss)
2251 http fetch GET 200 https://registry.npmjs.org/glob-parent/-/glob-parent-6.0.2.tgz 14798ms (cache miss)
2252 http fetch GET 200 https://registry.npmjs.org/get-proto/-/get-proto-1.0.1.tgz 14794ms (cache miss)
2253 http fetch GET 200 https://registry.npmjs.org/get-intrinsic/-/get-intrinsic-1.3.0.tgz 14793ms (cache miss)
2254 http fetch GET 200 https://registry.npmjs.org/generate-function/-/generate-function-2.3.1.tgz 14794ms (cache miss)
2255 http fetch GET 200 https://registry.npmjs.org/fresh/-/fresh-2.0.0.tgz 14792ms (cache miss)
2256 http fetch GET 200 https://registry.npmjs.org/from2/-/from2-2.3.0.tgz 14794ms (cache miss)
2257 http fetch GET 200 https://registry.npmjs.org/gensync/-/gensync-1.0.0-beta.2.tgz 14799ms (cache miss)
2258 http fetch GET 200 https://registry.npmjs.org/find-versions/-/find-versions-6.0.0.tgz 14790ms (cache miss)
2259 http fetch GET 200 https://registry.npmjs.org/figures/-/figures-6.1.0.tgz 14786ms (cache miss)
2260 http fetch GET 200 https://registry.npmjs.org/fast-levenshtein/-/fast-levenshtein-2.0.6.tgz 14785ms (cache miss)
2261 http fetch GET 200 https://registry.npmjs.org/fastq/-/fastq-1.19.1.tgz 14785ms (cache miss)
2262 http fetch GET 200 https://registry.npmjs.org/function-timeout/-/function-timeout-1.0.2.tgz 14800ms (cache miss)
2263 http fetch GET 200 https://registry.npmjs.org/fast-content-type-parse/-/fast-content-type-parse-2.0.1.tgz 14791ms (cache miss)
2264 http fetch GET 200 https://registry.npmjs.org/flatted/-/flatted-3.3.3.tgz 14805ms (cache miss)
2265 http fetch GET 200 https://registry.npmjs.org/etag/-/etag-1.8.1.tgz 14792ms (cache miss)
2266 http fetch GET 200 https://registry.npmjs.org/esrecurse/-/esrecurse-4.3.0.tgz 14793ms (cache miss)
2267 http fetch GET 200 https://registry.npmjs.org/estraverse/-/estraverse-5.3.0.tgz 14795ms (cache miss)
2268 http fetch GET 200 https://registry.npmjs.org/eslint-visitor-keys/-/eslint-visitor-keys-4.2.1.tgz 14799ms (cache miss)
2269 http fetch GET 200 https://registry.npmjs.org/escape-string-regexp/-/escape-string-regexp-4.0.0.tgz 14798ms (cache miss)
2270 http fetch GET 200 https://registry.npmjs.org/expand-template/-/expand-template-2.0.3.tgz 14818ms (cache miss)
2271 http fetch GET 200 https://registry.npmjs.org/escape-html/-/escape-html-1.0.3.tgz 14814ms (cache miss)
2272 http fetch GET 200 https://registry.npmjs.org/es-errors/-/es-errors-1.3.0.tgz 14813ms (cache miss)
2273 http fetch GET 200 https://registry.npmjs.org/es-define-property/-/es-define-property-1.0.1.tgz 14824ms (cache miss)
2274 http fetch GET 200 https://registry.npmjs.org/error-ex/-/error-ex-1.3.4.tgz 14826ms (cache miss)
2275 http fetch GET 200 https://registry.npmjs.org/fs.realpath/-/fs.realpath-1.0.0.tgz 14861ms (cache miss)
2276 http fetch GET 200 https://registry.npmjs.org/end-of-stream/-/end-of-stream-1.4.5.tgz 14842ms (cache miss)
2277 http fetch GET 200 https://registry.npmjs.org/ee-first/-/ee-first-1.1.1.tgz 14853ms (cache miss)
2278 http fetch GET 200 https://registry.npmjs.org/env-paths/-/env-paths-2.2.1.tgz 14857ms (cache miss)
2279 http fetch GET 200 https://registry.npmjs.org/environment/-/environment-1.1.0.tgz 14856ms (cache miss)
2280 http fetch GET 200 https://registry.npmjs.org/detect-newline/-/detect-newline-3.1.0.tgz 14850ms (cache miss)
2281 http fetch GET 200 https://registry.npmjs.org/detect-libc/-/detect-libc-2.1.2.tgz 14849ms (cache miss)
2282 http fetch GET 200 https://registry.npmjs.org/deepmerge/-/deepmerge-4.3.1.tgz 14849ms (cache miss)
2283 http fetch GET 200 https://registry.npmjs.org/dedent/-/dedent-1.7.0.tgz 14845ms (cache miss)
2284 http fetch GET 200 https://registry.npmjs.org/depd/-/depd-2.0.0.tgz 14850ms (cache miss)
2285 http fetch GET 200 https://registry.npmjs.org/decompress-response/-/decompress-response-6.0.0.tgz 14844ms (cache miss)
2286 http fetch GET 200 https://registry.npmjs.org/create-require/-/create-require-1.1.1.tgz 14842ms (cache miss)
2287 http fetch GET 200 https://registry.npmjs.org/cross-spawn/-/cross-spawn-7.0.6.tgz 14844ms (cache miss)
2288 http fetch GET 200 https://registry.npmjs.org/core-util-is/-/core-util-is-1.0.3.tgz 14843ms (cache miss)
2289 http fetch GET 200 https://registry.npmjs.org/emittery/-/emittery-0.13.1.tgz 14858ms (cache miss)
2290 http fetch GET 200 https://registry.npmjs.org/cookie-signature/-/cookie-signature-1.2.2.tgz 14843ms (cache miss)
2291 http fetch GET 200 https://registry.npmjs.org/convert-hrtime/-/convert-hrtime-5.0.0.tgz 14841ms (cache miss)
2292 http fetch GET 200 https://registry.npmjs.org/connection-parse/-/connection-parse-0.0.7.tgz 14837ms (cache miss)
2293 http fetch GET 200 https://registry.npmjs.org/crypto-random-string/-/crypto-random-string-4.0.0.tgz 14847ms (cache miss)
2294 http fetch GET 200 https://registry.npmjs.org/convert-source-map/-/convert-source-map-2.0.0.tgz 14842ms (cache miss)
2295 http fetch GET 200 https://registry.npmjs.org/conventional-changelog-angular/-/conventional-changelog-angular-7.0.0.tgz 14840ms (cache miss)
2296 http fetch GET 200 https://registry.npmjs.org/cookie/-/cookie-0.7.2.tgz 14844ms (cache miss)
2297 http fetch GET 200 https://registry.npmjs.org/color-convert/-/color-convert-2.0.1.tgz 14834ms (cache miss)
2298 http fetch GET 200 https://registry.npmjs.org/conventional-commits-parser/-/conventional-commits-parser-5.0.0.tgz 14842ms (cache miss)
2299 http fetch GET 200 https://registry.npmjs.org/config-chain/-/config-chain-1.1.13.tgz 14838ms (cache miss)
2300 http fetch GET 200 https://registry.npmjs.org/cliui/-/cliui-8.0.1.tgz 14834ms (cache miss)
2301 http fetch GET 200 https://registry.npmjs.org/conventional-commits-filter/-/conventional-commits-filter-4.0.0.tgz 14843ms (cache miss)
2302 http fetch GET 200 https://registry.npmjs.org/camelcase/-/camelcase-5.3.1.tgz 14829ms (cache miss)
2303 http fetch GET 200 https://registry.npmjs.org/buffer-from/-/buffer-from-1.1.2.tgz 14826ms (cache miss)
2304 http fetch GET 200 https://registry.npmjs.org/cli-highlight/-/cli-highlight-2.1.11.tgz 14835ms (cache miss)
2305 http fetch GET 200 https://registry.npmjs.org/call-bind-apply-helpers/-/call-bind-apply-helpers-1.0.2.tgz 14828ms (cache miss)
2306 http fetch GET 200 https://registry.npmjs.org/clean-stack/-/clean-stack-2.2.0.tgz 14833ms (cache miss)
2307 http fetch GET 200 https://registry.npmjs.org/bs-logger/-/bs-logger-0.2.6.tgz 14824ms (cache miss)
2308 http fetch GET 200 https://registry.npmjs.org/balanced-match/-/balanced-match-1.0.2.tgz 14818ms (cache miss)
2309 http fetch GET 200 https://registry.npmjs.org/bser/-/bser-2.1.1.tgz 14826ms (cache miss)
2310 http fetch GET 200 https://registry.npmjs.org/babel-preset-current-node-syntax/-/babel-preset-current-node-syntax-1.2.0.tgz 14818ms (cache miss)
2311 http fetch GET 200 https://registry.npmjs.org/encodeurl/-/encodeurl-2.0.0.tgz 14897ms (cache miss)
2312 http fetch GET 200 https://registry.npmjs.org/bl/-/bl-4.1.0.tgz 14853ms (cache miss)
2313 http fetch GET 200 https://registry.npmjs.org/dunder-proto/-/dunder-proto-1.0.1.tgz 14895ms (cache miss)
2314 http fetch GET 200 https://registry.npmjs.org/dir-glob/-/dir-glob-3.0.1.tgz 14897ms (cache miss)
2315 http fetch GET 200 https://registry.npmjs.org/duplexer2/-/duplexer2-0.1.4.tgz 14898ms (cache miss)
2316 http fetch GET 200 https://registry.npmjs.org/eastasianwidth/-/eastasianwidth-0.2.0.tgz 14900ms (cache miss)
2317 http fetch GET 200 https://registry.npmjs.org/dot-prop/-/dot-prop-5.3.0.tgz 14899ms (cache miss)
2318 http fetch GET 200 https://registry.npmjs.org/deep-extend/-/deep-extend-0.6.0.tgz 14895ms (cache miss)
2319 http fetch GET 200 https://registry.npmjs.org/compare-func/-/compare-func-2.0.0.tgz 14880ms (cache miss)
2320 http fetch GET 200 https://registry.npmjs.org/content-disposition/-/content-disposition-1.0.0.tgz 14883ms (cache miss)
2321 http fetch GET 200 https://registry.npmjs.org/content-type/-/content-type-1.0.5.tgz 14884ms (cache miss)
2322 http fetch GET 200 https://registry.npmjs.org/color-name/-/color-name-1.1.4.tgz 14880ms (cache miss)
2323 http fetch GET 200 https://registry.npmjs.org/concat-map/-/concat-map-0.0.1.tgz 14883ms (cache miss)
2324 http fetch GET 200 https://registry.npmjs.org/collect-v8-coverage/-/collect-v8-coverage-1.0.3.tgz 14879ms (cache miss)
2325 http fetch GET 200 https://registry.npmjs.org/chai/-/chai-6.2.0.tgz 14874ms (cache miss)
2326 http fetch GET 200 https://registry.npmjs.org/ci-info/-/ci-info-4.3.1.tgz 14876ms (cache miss)
2327 http fetch GET 200 https://registry.npmjs.org/co/-/co-4.6.0.tgz 14879ms (cache miss)
2328 http fetch GET 200 https://registry.npmjs.org/char-regex/-/char-regex-1.0.2.tgz 14876ms (cache miss)
2329 http fetch GET 200 https://registry.npmjs.org/brace-expansion/-/brace-expansion-1.1.12.tgz 14864ms (cache miss)
2330 http fetch GET 200 https://registry.npmjs.org/callsites/-/callsites-3.1.0.tgz 14873ms (cache miss)
2331 http fetch GET 200 https://registry.npmjs.org/base64-js/-/base64-js-1.5.1.tgz 14863ms (cache miss)
2332 http fetch GET 200 https://registry.npmjs.org/babel-preset-jest/-/babel-preset-jest-30.2.0.tgz 14861ms (cache miss)
2333 http fetch GET 200 https://registry.npmjs.org/bindings/-/bindings-1.5.0.tgz 14859ms (cache miss)
2334 http fetch GET 200 https://registry.npmjs.org/babel-plugin-istanbul/-/babel-plugin-istanbul-7.0.1.tgz 14860ms (cache miss)
2335 http fetch GET 200 https://registry.npmjs.org/babel-jest/-/babel-jest-30.2.0.tgz 14860ms (cache miss)
2336 http fetch GET 200 https://registry.npmjs.org/braces/-/braces-3.0.3.tgz 14870ms (cache miss)
2337 http fetch GET 200 https://registry.npmjs.org/assertion-error/-/assertion-error-2.0.1.tgz 14860ms (cache miss)
2338 http fetch GET 200 https://registry.npmjs.org/argv-formatter/-/argv-formatter-1.0.0.tgz 14860ms (cache miss)
2339 http fetch GET 200 https://registry.npmjs.org/anymatch/-/anymatch-3.1.3.tgz 14858ms (cache miss)
2340 http fetch GET 200 https://registry.npmjs.org/ansi-regex/-/ansi-regex-6.2.2.tgz 14857ms (cache miss)
2341 http fetch GET 200 https://registry.npmjs.org/any-promise/-/any-promise-1.3.0.tgz 14859ms (cache miss)
2342 http fetch GET 200 https://registry.npmjs.org/es-object-atoms/-/es-object-atoms-1.1.1.tgz 14923ms (cache miss)
2343 http fetch GET 200 https://registry.npmjs.org/ansi-styles/-/ansi-styles-5.2.0.tgz 14857ms (cache miss)
2344 http fetch GET 200 https://registry.npmjs.org/aggregate-error/-/aggregate-error-3.1.0.tgz 14857ms (cache miss)
2345 http fetch GET 200 https://registry.npmjs.org/@vitest/spy/-/spy-4.0.7.tgz 14851ms (cache miss)
2346 http fetch GET 200 https://registry.npmjs.org/accepts/-/accepts-2.0.0.tgz 14855ms (cache miss)
2347 http fetch GET 200 https://registry.npmjs.org/@typescript-eslint/tsconfig-utils/-/tsconfig-utils-8.46.3.tgz 14855ms (cache miss)
2348 http fetch GET 200 https://registry.npmjs.org/babel-plugin-jest-hoist/-/babel-plugin-jest-hoist-30.2.0.tgz 14891ms (cache miss)
2349 http fetch GET 200 https://registry.npmjs.org/@types/yargs-parser/-/yargs-parser-21.0.3.tgz 14864ms (cache miss)
2350 http fetch GET 200 https://registry.npmjs.org/deep-is/-/deep-is-0.1.4.tgz 14939ms (cache miss)
2351 http fetch GET 200 https://registry.npmjs.org/array-ify/-/array-ify-1.0.0.tgz 14901ms (cache miss)
2352 http fetch GET 200 https://registry.npmjs.org/arg/-/arg-4.1.3.tgz 14900ms (cache miss)
2353 http fetch GET 200 https://registry.npmjs.org/ansi-escapes/-/ansi-escapes-4.3.2.tgz 14898ms (cache miss)
2354 http fetch GET 200 https://registry.npmjs.org/acorn-jsx/-/acorn-jsx-5.3.2.tgz 14896ms (cache miss)
2355 http fetch GET 200 https://registry.npmjs.org/@ungap/structured-clone/-/structured-clone-1.3.0.tgz 14891ms (cache miss)
2356 http fetch GET 200 https://registry.npmjs.org/jest-circus/-/jest-circus-30.2.0.tgz 15058ms (cache miss)
2357 http fetch GET 200 https://registry.npmjs.org/bytes/-/bytes-3.1.2.tgz 14936ms (cache miss)
2358 http fetch GET 200 https://registry.npmjs.org/@typescript-eslint/parser/-/parser-8.46.3.tgz 14900ms (cache miss)
2359 http fetch GET 200 https://registry.npmjs.org/@typescript-eslint/visitor-keys/-/visitor-keys-8.46.3.tgz 14907ms (cache miss)
2360 http fetch GET 200 https://registry.npmjs.org/readable-stream/-/readable-stream-2.3.8.tgz 15176ms (cache miss)
2361 http fetch GET 200 https://registry.npmjs.org/agent-base/-/agent-base-7.1.4.tgz 14935ms (cache miss)
2362 http fetch GET 200 https://registry.npmjs.org/@types/serve-static/-/serve-static-2.2.0.tgz 14924ms (cache miss)
2363 http fetch GET 200 https://registry.npmjs.org/@types/send/-/send-1.2.1.tgz 14923ms (cache miss)
2364 http fetch GET 200 https://registry.npmjs.org/@types/pg/-/pg-8.15.6.tgz 14923ms (cache miss)
2365 http fetch GET 200 https://registry.npmjs.org/@types/memcached/-/memcached-2.2.10.tgz 14922ms (cache miss)
2366 http fetch GET 200 https://registry.npmjs.org/@typescript-eslint/project-service/-/project-service-8.46.3.tgz 14929ms (cache miss)
2367 http fetch GET 200 https://registry.npmjs.org/@types/qs/-/qs-6.14.0.tgz 14925ms (cache miss)
2368 http fetch GET 200 https://registry.npmjs.org/@types/stack-utils/-/stack-utils-2.0.3.tgz 14928ms (cache miss)
2369 http fetch GET 200 https://registry.npmjs.org/argparse/-/argparse-2.0.1.tgz 14963ms (cache miss)
2370 http fetch GET 200 https://registry.npmjs.org/@vitest/pretty-format/-/pretty-format-4.0.7.tgz 14960ms (cache miss)
2371 http fetch GET 200 https://registry.npmjs.org/denque/-/denque-2.1.0.tgz 15024ms (cache miss)
2372 http fetch GET 200 https://registry.npmjs.org/nanoid/-/nanoid-3.3.11.tgz 15177ms (cache miss)
2373 http fetch GET 200 https://registry.npmjs.org/path-scurry/-/path-scurry-1.11.1.tgz 15200ms (cache miss)
2374 http fetch GET 200 https://registry.npmjs.org/@types/whatwg-url/-/whatwg-url-11.0.5.tgz 14968ms (cache miss)
2375 http fetch GET 200 https://registry.npmjs.org/@types/webidl-conversions/-/webidl-conversions-7.0.3.tgz 14982ms (cache miss)
2376 http fetch GET 200 https://registry.npmjs.org/@types/istanbul-lib-report/-/istanbul-lib-report-3.0.3.tgz 14981ms (cache miss)
2377 http fetch GET 200 https://registry.npmjs.org/globals/-/globals-14.0.0.tgz 15117ms (cache miss)
2378 http fetch GET 200 https://registry.npmjs.org/json5/-/json5-2.2.3.tgz 15223ms (cache miss)
2379 http fetch GET 200 https://registry.npmjs.org/@types/jest/-/jest-30.0.0.tgz 15045ms (cache miss)
2380 http fetch GET 200 https://registry.npmjs.org/buffer/-/buffer-5.7.1.tgz 15129ms (cache miss)
2381 http fetch GET 200 https://registry.npmjs.org/minimist/-/minimist-1.2.8.tgz 17257ms (cache miss)
2382 http fetch GET 200 https://registry.npmjs.org/esutils/-/esutils-2.0.3.tgz 17179ms (cache miss)
2383 http fetch GET 200 https://registry.npmjs.org/@types/express-serve-static-core/-/express-serve-static-core-5.1.1.tgz 17075ms (cache miss)
2384 http fetch GET 200 https://registry.npmjs.org/@vitest/expect/-/expect-4.0.7.tgz 17152ms (cache miss)
2385 http fetch GET 200 https://registry.npmjs.org/marked-terminal/-/marked-terminal-7.3.0.tgz 20800ms (cache miss)
2386 http fetch GET 200 https://registry.npmjs.org/debug/-/debug-4.4.3.tgz 20695ms (cache miss)
2387 http fetch GET 200 https://registry.npmjs.org/napi-postinstall/-/napi-postinstall-0.3.4.tgz 20850ms (cache miss)
2388 http fetch GET 200 https://registry.npmjs.org/@types/http-errors/-/http-errors-2.0.5.tgz 20626ms (cache miss)
2389 http fetch GET 200 https://registry.npmjs.org/@types/range-parser/-/range-parser-1.2.7.tgz 20649ms (cache miss)
2390 http fetch GET 200 https://registry.npmjs.org/@types/normalize-package-data/-/normalize-package-data-2.4.4.tgz 20691ms (cache miss)
2391 http fetch GET 200 https://registry.npmjs.org/before-after-hook/-/before-after-hook-3.0.2.tgz 20803ms (cache miss)
2392 http fetch GET 200 https://registry.npmjs.org/cjs-module-lexer/-/cjs-module-lexer-2.1.0.tgz 20824ms (cache miss)
2393 http fetch GET 200 https://registry.npmjs.org/@types/json-schema/-/json-schema-7.0.15.tgz 20773ms (cache miss)
2394 http fetch GET 200 https://registry.npmjs.org/jest-util/-/jest-util-30.2.0.tgz 20991ms (cache miss)
2395 http fetch GET 200 https://registry.npmjs.org/get-tsconfig/-/get-tsconfig-4.13.0.tgz 20942ms (cache miss)
2396 http fetch GET 200 https://registry.npmjs.org/esbuild/-/esbuild-0.25.12.tgz 20964ms (cache miss)
2397 http fetch GET 200 https://registry.npmjs.org/es-module-lexer/-/es-module-lexer-1.7.0.tgz 20975ms (cache miss)
2398 http fetch GET 200 https://registry.npmjs.org/@types/figlet/-/figlet-1.7.0.tgz 20884ms (cache miss)
2399 http fetch GET 200 https://registry.npmjs.org/marked/-/marked-15.0.12.tgz 21118ms (cache miss)
2400 http fetch GET 200 https://registry.npmjs.org/pg/-/pg-8.16.3.tgz 21153ms (cache miss)
2401 http fetch GET 200 https://registry.npmjs.org/expect/-/expect-30.2.0.tgz 21017ms (cache miss)
2402 http fetch GET 200 https://registry.npmjs.org/@types/yargs/-/yargs-17.0.34.tgz 20950ms (cache miss)
2403 http fetch GET 200 https://registry.npmjs.org/@types/express/-/express-5.0.6.tgz 20965ms (cache miss)
2404 http fetch GET 200 https://registry.npmjs.org/@types/connect/-/connect-3.4.38.tgz 20966ms (cache miss)
2405 http fetch GET 200 https://registry.npmjs.org/@types/istanbul-reports/-/istanbul-reports-3.0.4.tgz 20973ms (cache miss)
2406 http fetch GET 200 https://registry.npmjs.org/@types/deep-eql/-/deep-eql-4.0.2.tgz 20969ms (cache miss)
2407 http fetch GET 200 https://registry.npmjs.org/@tsconfig/node16/-/node16-1.0.4.tgz 20966ms (cache miss)
2408 http fetch GET 200 https://registry.npmjs.org/@types/estree/-/estree-1.0.8.tgz 21672ms (cache miss)
2409 http fetch GET 200 https://registry.npmjs.org/@types/babel__generator/-/babel__generator-7.27.0.tgz 21667ms (cache miss)
2410 http fetch GET 200 https://registry.npmjs.org/@tsconfig/node14/-/node14-1.0.3.tgz 21664ms (cache miss)
2411 http fetch GET 200 https://registry.npmjs.org/@types/body-parser/-/body-parser-1.19.6.tgz 21666ms (cache miss)
2412 http fetch GET 200 https://registry.npmjs.org/@tsconfig/node12/-/node12-1.0.11.tgz 21664ms (cache miss)
2413 http fetch GET 200 https://registry.npmjs.org/@types/babel__core/-/babel__core-7.20.5.tgz 21667ms (cache miss)
2414 http fetch GET 200 https://registry.npmjs.org/@sec-ant/readable-stream/-/readable-stream-0.4.1.tgz 21654ms (cache miss)
2415 http fetch GET 200 https://registry.npmjs.org/@semantic-release/release-notes-generator/-/release-notes-generator-13.0.0.tgz 21656ms (cache miss)
2416 http fetch GET 200 https://registry.npmjs.org/@semantic-release/error/-/error-3.0.0.tgz 21653ms (cache miss)
2417 http fetch GET 200 https://registry.npmjs.org/@semantic-release/npm/-/npm-12.0.2.tgz 21662ms (cache miss)
2418 http fetch GET 200 https://registry.npmjs.org/@tsconfig/node10/-/node10-1.0.11.tgz 21674ms (cache miss)
2419 http fetch GET 200 https://registry.npmjs.org/@semantic-release/changelog/-/changelog-6.0.3.tgz 21661ms (cache miss)
2420 http fetch GET 200 https://registry.npmjs.org/@semantic-release/commit-analyzer/-/commit-analyzer-12.0.0.tgz 21663ms (cache miss)
2421 http fetch GET 200 https://registry.npmjs.org/@pnpm/config.env-replace/-/config.env-replace-1.1.0.tgz 21659ms (cache miss)
2422 http fetch GET 200 https://registry.npmjs.org/@pnpm/network.ca-file/-/network.ca-file-1.0.2.tgz 21669ms (cache miss)
2423 http fetch GET 200 https://registry.npmjs.org/@octokit/request/-/request-9.2.4.tgz 21695ms (cache miss)
2424 http fetch GET 200 https://registry.npmjs.org/browserslist/-/browserslist-4.27.0.tgz 21880ms (cache miss)
2425 http fetch GET 200 https://registry.npmjs.org/acorn-walk/-/acorn-walk-8.3.4.tgz 21865ms (cache miss)
2426 http fetch GET 200 https://registry.npmjs.org/call-bound/-/call-bound-1.0.4.tgz 21958ms (cache miss)
2427 http fetch GET 200 https://registry.npmjs.org/@types/istanbul-lib-coverage/-/istanbul-lib-coverage-2.0.6.tgz 21953ms (cache miss)
2428 http fetch GET 200 https://registry.npmjs.org/@types/babel__template/-/babel__template-7.4.4.tgz 21943ms (cache miss)
2429 http fetch GET 200 https://registry.npmjs.org/@types/chai/-/chai-5.2.3.tgz 21947ms (cache miss)
2430 http fetch GET 200 https://registry.npmjs.org/@standard-schema/spec/-/spec-1.0.0.tgz 21942ms (cache miss)
2431 http fetch GET 200 https://registry.npmjs.org/@sindresorhus/merge-streams/-/merge-streams-2.3.0.tgz 21947ms (cache miss)
2432 http fetch GET 200 https://registry.npmjs.org/@pkgr/core/-/core-0.2.9.tgz 21932ms (cache miss)
2433 http fetch GET 200 https://registry.npmjs.org/@pnpm/npm-conf/-/npm-conf-3.0.2.tgz 22113ms (cache miss)
2434 http fetch GET 200 https://registry.npmjs.org/@nodelib/fs.walk/-/fs.walk-1.2.8.tgz 22232ms (cache miss)
2435 http fetch GET 200 https://registry.npmjs.org/@octokit/core/-/core-6.1.6.tgz 22231ms (cache miss)
2436 http fetch GET 200 https://registry.npmjs.org/@octokit/auth-token/-/auth-token-5.1.2.tgz 22232ms (cache miss)
2437 http fetch GET 200 https://registry.npmjs.org/@octokit/request-error/-/request-error-6.1.8.tgz 22280ms (cache miss)
2438 http fetch GET 200 https://registry.npmjs.org/@nodelib/fs.stat/-/fs.stat-2.0.5.tgz 22275ms (cache miss)
2439 http fetch GET 200 https://registry.npmjs.org/@nodelib/fs.scandir/-/fs.scandir-2.1.5.tgz 22537ms (cache miss)
2440 http fetch GET 200 https://registry.npmjs.org/@jridgewell/resolve-uri/-/resolve-uri-3.1.2.tgz 22535ms (cache miss)
2441 http fetch GET 200 https://registry.npmjs.org/@octokit/plugin-throttling/-/plugin-throttling-9.6.1.tgz 22544ms (cache miss)
2442 http fetch GET 200 https://registry.npmjs.org/@octokit/graphql/-/graphql-8.2.2.tgz 22543ms (cache miss)
2443 http fetch GET 200 https://registry.npmjs.org/@jest/types/-/types-30.2.0.tgz 22540ms (cache miss)
2444 http fetch GET 200 https://registry.npmjs.org/@jridgewell/remapping/-/remapping-2.3.5.tgz 22541ms (cache miss)
2445 http fetch GET 200 https://registry.npmjs.org/esprima/-/esprima-4.0.1.tgz 22683ms (cache miss)
2446 http fetch GET 200 https://registry.npmjs.org/@jest/pattern/-/pattern-30.0.1.tgz 22537ms (cache miss)
2447 http fetch GET 200 https://registry.npmjs.org/@jest/schemas/-/schemas-30.0.5.tgz 22540ms (cache miss)
2448 http fetch GET 200 https://registry.npmjs.org/@jest/source-map/-/source-map-30.0.1.tgz 22542ms (cache miss)
2449 http fetch GET 200 https://registry.npmjs.org/@jest/get-type/-/get-type-30.1.0.tgz 22549ms (cache miss)
2450 http fetch GET 200 https://registry.npmjs.org/@jest/expect/-/expect-30.2.0.tgz 22646ms (cache miss)
2451 http fetch GET 200 https://registry.npmjs.org/@jest/console/-/console-30.2.0.tgz 22679ms (cache miss)
2452 http fetch GET 200 https://registry.npmjs.org/@istanbuljs/schema/-/schema-0.1.3.tgz 22678ms (cache miss)
2453 http fetch GET 200 https://registry.npmjs.org/@jest/snapshot-utils/-/snapshot-utils-30.2.0.tgz 22680ms (cache miss)
2454 http fetch GET 200 https://registry.npmjs.org/@humanwhocodes/retry/-/retry-0.4.3.tgz 22677ms (cache miss)
2455 http fetch GET 200 https://registry.npmjs.org/@jest/environment/-/environment-30.2.0.tgz 22682ms (cache miss)
2456 http fetch GET 200 https://registry.npmjs.org/@jest/globals/-/globals-30.2.0.tgz 24443ms (cache miss)
2457 http fetch GET 200 https://registry.npmjs.org/@istanbuljs/load-nyc-config/-/load-nyc-config-1.1.0.tgz 24438ms (cache miss)
2458 http fetch GET 200 https://registry.npmjs.org/@eslint/object-schema/-/object-schema-2.1.7.tgz 24435ms (cache miss)
2459 http fetch GET 200 https://registry.npmjs.org/@colors/colors/-/colors-1.5.0.tgz 24587ms (cache miss)
2460 http fetch GET 200 https://registry.npmjs.org/@humanfs/core/-/core-0.19.1.tgz 24602ms (cache miss)
2461 http fetch GET 200 https://registry.npmjs.org/@babel/plugin-syntax-top-level-await/-/plugin-syntax-top-level-await-7.14.5.tgz 24582ms (cache miss)
2462 http fetch GET 200 https://registry.npmjs.org/@babel/plugin-syntax-optional-chaining/-/plugin-syntax-optional-chaining-7.8.3.tgz 24583ms (cache miss)
2463 http fetch GET 200 https://registry.npmjs.org/@eslint/js/-/js-9.39.1.tgz 24601ms (cache miss)
2464 http fetch GET 200 https://registry.npmjs.org/@babel/plugin-syntax-nullish-coalescing-operator/-/plugin-syntax-nullish-coalescing-operator-7.8.3.tgz 24580ms (cache miss)
2465 http fetch GET 200 https://registry.npmjs.org/@babel/plugin-syntax-typescript/-/plugin-syntax-typescript-7.27.1.tgz 24584ms (cache miss)
2466 http fetch GET 200 https://registry.npmjs.org/@babel/plugin-syntax-object-rest-spread/-/plugin-syntax-object-rest-spread-7.8.3.tgz 24580ms (cache miss)
2467 http fetch GET 200 https://registry.npmjs.org/@babel/plugin-syntax-optional-catch-binding/-/plugin-syntax-optional-catch-binding-7.8.3.tgz 24582ms (cache miss)
2468 http fetch GET 200 https://registry.npmjs.org/@babel/plugin-syntax-private-property-in-object/-/plugin-syntax-private-property-in-object-7.14.5.tgz 24586ms (cache miss)
2469 http fetch GET 200 https://registry.npmjs.org/@babel/plugin-syntax-import-meta/-/plugin-syntax-import-meta-7.10.4.tgz 24579ms (cache miss)
2470 http fetch GET 200 https://registry.npmjs.org/@babel/plugin-syntax-import-attributes/-/plugin-syntax-import-attributes-7.27.1.tgz 24579ms (cache miss)
2471 http fetch GET 200 https://registry.npmjs.org/@babel/plugin-syntax-async-generators/-/plugin-syntax-async-generators-7.8.4.tgz 24579ms (cache miss)
2472 http fetch GET 200 https://registry.npmjs.org/@babel/plugin-syntax-numeric-separator/-/plugin-syntax-numeric-separator-7.10.4.tgz 24590ms (cache miss)
2473 http fetch GET 200 https://registry.npmjs.org/conventional-changelog-writer/-/conventional-changelog-writer-7.0.1.tgz 24745ms (cache miss)
2474 http fetch GET 200 https://registry.npmjs.org/emojilib/-/emojilib-2.4.0.tgz 24774ms (cache miss)
2475 http fetch GET 200 https://registry.npmjs.org/@babel/plugin-syntax-class-static-block/-/plugin-syntax-class-static-block-7.14.5.tgz 24605ms (cache miss)
2476 http fetch GET 200 https://registry.npmjs.org/@babel/helper-validator-option/-/helper-validator-option-7.27.1.tgz 24605ms (cache miss)
2477 http fetch GET 200 https://registry.npmjs.org/strip-ansi/-/strip-ansi-6.0.1.tgz 24598ms (cache miss)
2478 http fetch GET 200 https://registry.npmjs.org/strip-ansi/-/strip-ansi-6.0.1.tgz 24599ms (cache miss)
2479 http fetch GET 200 https://registry.npmjs.org/string-width/-/string-width-4.2.3.tgz 24604ms (cache miss)
2480 http fetch GET 200 https://registry.npmjs.org/@babel/plugin-syntax-class-properties/-/plugin-syntax-class-properties-7.12.13.tgz 24616ms (cache miss)
2481 http fetch GET 200 https://registry.npmjs.org/@babel/plugin-syntax-jsx/-/plugin-syntax-jsx-7.27.1.tgz 24618ms (cache miss)
2482 http fetch GET 200 https://registry.npmjs.org/@babel/compat-data/-/compat-data-7.28.5.tgz 24607ms (cache miss)
2483 http fetch GET 200 https://registry.npmjs.org/ansi-regex/-/ansi-regex-5.0.1.tgz 24603ms (cache miss)
2484 http fetch GET 200 https://registry.npmjs.org/emoji-regex/-/emoji-regex-8.0.0.tgz 24605ms (cache miss)
2485 http fetch GET 200 https://registry.npmjs.org/string-width/-/string-width-4.2.3.tgz 24605ms (cache miss)
2486 http fetch GET 200 https://registry.npmjs.org/@babel/code-frame/-/code-frame-7.27.1.tgz 24609ms (cache miss)
2487 http fetch GET 200 https://registry.npmjs.org/@octokit/endpoint/-/endpoint-10.1.4.tgz 24681ms (cache miss)
2488 http fetch GET 200 https://registry.npmjs.org/@octokit/plugin-retry/-/plugin-retry-7.2.1.tgz 24686ms (cache miss)
2489 http fetch GET 200 https://registry.npmjs.org/function-bind/-/function-bind-1.1.2.tgz 24842ms (cache miss)
2490 http fetch GET 200 https://registry.npmjs.org/cli-table3/-/cli-table3-0.6.5.tgz 24781ms (cache miss)
2491 http fetch GET 200 https://registry.npmjs.org/espree/-/espree-10.4.0.tgz 24831ms (cache miss)
2492 http fetch GET 200 https://registry.npmjs.org/@babel/plugin-syntax-logical-assignment-operators/-/plugin-syntax-logical-assignment-operators-7.10.4.tgz 24728ms (cache miss)
2493 http fetch GET 200 https://registry.npmjs.org/@types/babel__traverse/-/babel__traverse-7.28.0.tgz 24852ms (cache miss)
2494 http fetch GET 200 https://registry.npmjs.org/@jest/fake-timers/-/fake-timers-30.2.0.tgz 24830ms (cache miss)
2495 http fetch GET 200 https://registry.npmjs.org/@babel/plugin-syntax-json-strings/-/plugin-syntax-json-strings-7.8.3.tgz 24822ms (cache miss)
2496 http fetch GET 200 https://registry.npmjs.org/@babel/plugin-syntax-bigint/-/plugin-syntax-bigint-7.8.3.tgz 24849ms (cache miss)
2497 http fetch GET 200 https://registry.npmjs.org/@babel/helper-validator-identifier/-/helper-validator-identifier-7.28.5.tgz 24846ms (cache miss)
2498 http fetch GET 200 https://registry.npmjs.org/@babel/helper-plugin-utils/-/helper-plugin-utils-7.27.1.tgz 24846ms (cache miss)
2499 http fetch GET 200 https://registry.npmjs.org/@babel/helper-globals/-/helper-globals-7.28.0.tgz 24845ms (cache miss)
2500 http fetch GET 200 https://registry.npmjs.org/@sinonjs/fake-timers/-/fake-timers-13.0.5.tgz 24925ms (cache miss)
2501 http fetch GET 200 https://registry.npmjs.org/ansi-styles/-/ansi-styles-4.3.0.tgz 24838ms (cache miss)
2502 http fetch GET 200 https://registry.npmjs.org/escalade/-/escalade-3.2.0.tgz 25034ms (cache miss)
2503 http fetch GET 200 https://registry.npmjs.org/ansi-styles/-/ansi-styles-6.2.3.tgz 26231ms (cache miss)
2504 http fetch GET 200 https://registry.npmjs.org/baseline-browser-mapping/-/baseline-browser-mapping-2.8.25.tgz 26424ms (cache miss)
2505 http fetch GET 200 https://registry.npmjs.org/ansi-regex/-/ansi-regex-5.0.1.tgz 26376ms (cache miss)
2506 http fetch GET 200 https://registry.npmjs.org/emoji-regex/-/emoji-regex-8.0.0.tgz 26377ms (cache miss)
2507 http fetch GET 200 https://registry.npmjs.org/https-proxy-agent/-/https-proxy-agent-7.0.6.tgz 26793ms (cache miss)
2508 http fetch GET 200 https://registry.npmjs.org/is-stream/-/is-stream-3.0.0.tgz 27509ms (cache miss)
2509 http fetch GET 200 https://registry.npmjs.org/source-map/-/source-map-0.6.1.tgz 29401ms (cache miss)
2510 http fetch GET 200 https://registry.npmjs.org/@babel/helper-module-imports/-/helper-module-imports-7.27.1.tgz 29070ms (cache miss)
2511 http fetch GET 200 https://registry.npmjs.org/mime/-/mime-4.1.0.tgz 29403ms (cache miss)
2512 http fetch GET 200 https://registry.npmjs.org/@babel/helper-string-parser/-/helper-string-parser-7.27.1.tgz 29130ms (cache miss)
2513 http fetch GET 200 https://registry.npmjs.org/ansi-regex/-/ansi-regex-5.0.1.tgz 29144ms (cache miss)
2514 http fetch GET 200 https://registry.npmjs.org/ansi-regex/-/ansi-regex-5.0.1.tgz 29144ms (cache miss)
2515 http fetch GET 200 https://registry.npmjs.org/ansi-regex/-/ansi-regex-5.0.1.tgz 29144ms (cache miss)
2516 http fetch GET 200 https://registry.npmjs.org/body-parser/-/body-parser-2.2.2.tgz 29319ms (cache miss)
2517 http fetch GET 200 https://registry.npmjs.org/emoji-regex/-/emoji-regex-8.0.0.tgz 29165ms (cache miss)
2518 http fetch GET 200 https://registry.npmjs.org/strip-ansi/-/strip-ansi-6.0.1.tgz 29164ms (cache miss)
2519 http fetch GET 200 https://registry.npmjs.org/chownr/-/chownr-1.1.4.tgz 29167ms (cache miss)
2520 http fetch GET 200 https://registry.npmjs.org/figures/-/figures-2.0.0.tgz 29162ms (cache miss)
2521 http fetch GET 200 https://registry.npmjs.org/color-name/-/color-name-1.1.3.tgz 29162ms (cache miss)
2522 http fetch GET 200 https://registry.npmjs.org/has-flag/-/has-flag-3.0.0.tgz 29164ms (cache miss)
2523 http fetch GET 200 https://registry.npmjs.org/strip-final-newline/-/strip-final-newline-4.0.0.tgz 29162ms (cache miss)
2524 http fetch GET 200 https://registry.npmjs.org/supports-color/-/supports-color-5.5.0.tgz 29166ms (cache miss)
2525 http fetch GET 200 https://registry.npmjs.org/chalk/-/chalk-2.4.2.tgz 29161ms (cache miss)
2526 http fetch GET 200 https://registry.npmjs.org/escape-string-regexp/-/escape-string-regexp-1.0.5.tgz 29163ms (cache miss)
2527 http fetch GET 200 https://registry.npmjs.org/color-convert/-/color-convert-1.9.3.tgz 29165ms (cache miss)
2528 http fetch GET 200 https://registry.npmjs.org/path-key/-/path-key-4.0.0.tgz 29163ms (cache miss)
2529 http fetch GET 200 https://registry.npmjs.org/ansi-styles/-/ansi-styles-3.2.1.tgz 29164ms (cache miss)
2530 http fetch GET 200 https://registry.npmjs.org/resolve-from/-/resolve-from-5.0.0.tgz 29163ms (cache miss)
2531 http fetch GET 200 https://registry.npmjs.org/glob/-/glob-7.2.3.tgz 29177ms (cache miss)
2532 http fetch GET 200 https://registry.npmjs.org/is-stream/-/is-stream-4.0.1.tgz 29160ms (cache miss)
2533 http fetch GET 200 https://registry.npmjs.org/indent-string/-/indent-string-5.0.0.tgz 29160ms (cache miss)
2534 http fetch GET 200 https://registry.npmjs.org/npm-run-path/-/npm-run-path-6.0.0.tgz 29164ms (cache miss)
2535 http fetch GET 200 https://registry.npmjs.org/dotenv/-/dotenv-17.2.3.tgz 29369ms (cache miss)
2536 http fetch GET 200 https://registry.npmjs.org/import-from-esm/-/import-from-esm-2.0.0.tgz 29161ms (cache miss)
2537 http fetch GET 200 https://registry.npmjs.org/hosted-git-info/-/hosted-git-info-8.1.0.tgz 29160ms (cache miss)
2538 http fetch GET 200 https://registry.npmjs.org/escape-string-regexp/-/escape-string-regexp-5.0.0.tgz 29159ms (cache miss)
2539 http fetch GET 200 https://registry.npmjs.org/human-signals/-/human-signals-8.0.1.tgz 29162ms (cache miss)
2540 http fetch GET 200 https://registry.npmjs.org/conventional-changelog-angular/-/conventional-changelog-angular-8.1.0.tgz 29157ms (cache miss)
2541 http fetch GET 200 https://registry.npmjs.org/electron-to-chromium/-/electron-to-chromium-1.5.245.tgz 29375ms (cache miss)
2542 http fetch GET 200 https://registry.npmjs.org/conventional-commits-filter/-/conventional-commits-filter-5.0.0.tgz 29161ms (cache miss)
2543 http fetch GET 200 https://registry.npmjs.org/aggregate-error/-/aggregate-error-5.0.0.tgz 29174ms (cache miss)
2544 http fetch GET 200 https://registry.npmjs.org/before-after-hook/-/before-after-hook-4.0.0.tgz 29184ms (cache miss)
2545 http fetch GET 200 https://registry.npmjs.org/safe-buffer/-/safe-buffer-5.1.2.tgz 29251ms (cache miss)
2546 http fetch GET 200 https://registry.npmjs.org/escape-string-regexp/-/escape-string-regexp-2.0.0.tgz 29251ms (cache miss)
2547 http fetch GET 200 https://registry.npmjs.org/p-reduce/-/p-reduce-3.0.0.tgz 29245ms (cache miss)
2548 http fetch GET 200 https://registry.npmjs.org/fast-content-type-parse/-/fast-content-type-parse-3.0.0.tgz 29241ms (cache miss)
2549 http fetch GET 200 https://registry.npmjs.org/@sindresorhus/merge-streams/-/merge-streams-4.0.0.tgz 29234ms (cache miss)
2550 http fetch GET 200 https://registry.npmjs.org/express/-/express-5.1.0.tgz 29476ms (cache miss)
2551 http fetch GET 200 https://registry.npmjs.org/@semantic-release/error/-/error-4.0.0.tgz 29236ms (cache miss)
2552 http fetch GET 200 https://registry.npmjs.org/@octokit/request/-/request-10.0.8.tgz 29241ms (cache miss)
2553 http fetch GET 200 https://registry.npmjs.org/clean-stack/-/clean-stack-5.3.0.tgz 29256ms (cache miss)
2554 http fetch GET 200 https://registry.npmjs.org/@octokit/endpoint/-/endpoint-11.0.3.tgz 29263ms (cache miss)
2555 http fetch GET 200 https://registry.npmjs.org/safe-buffer/-/safe-buffer-5.1.2.tgz 29264ms (cache miss)
2556 http fetch GET 200 https://registry.npmjs.org/@semantic-release/release-notes-generator/-/release-notes-generator-14.1.0.tgz 29278ms (cache miss)
2557 http fetch GET 200 https://registry.npmjs.org/@octokit/plugin-throttling/-/plugin-throttling-11.0.3.tgz 29272ms (cache miss)
2558 http fetch GET 200 https://registry.npmjs.org/@semantic-release/commit-analyzer/-/commit-analyzer-13.0.1.tgz 29278ms (cache miss)
2559 http fetch GET 200 https://registry.npmjs.org/@octokit/core/-/core-7.0.6.tgz 29271ms (cache miss)
2560 http fetch GET 200 https://registry.npmjs.org/path-key/-/path-key-4.0.0.tgz 29223ms (cache miss)
2561 http fetch GET 200 https://registry.npmjs.org/resolve-from/-/resolve-from-5.0.0.tgz 29272ms (cache miss)
2562 http fetch GET 200 https://registry.npmjs.org/get-stream/-/get-stream-7.0.1.tgz 29282ms (cache miss)
2563 http fetch GET 200 https://registry.npmjs.org/@jest/test-sequencer/-/test-sequencer-30.2.0.tgz 29845ms (cache miss)
2564 http fetch GET 200 https://registry.npmjs.org/p-locate/-/p-locate-4.1.0.tgz 29752ms (cache miss)
2565 http fetch GET 200 https://registry.npmjs.org/p-try/-/p-try-1.0.0.tgz 29751ms (cache miss)
2566 http fetch GET 200 https://registry.npmjs.org/@octokit/graphql/-/graphql-9.0.3.tgz 29762ms (cache miss)
2567 http fetch GET 200 https://registry.npmjs.org/path-exists/-/path-exists-3.0.0.tgz 29758ms (cache miss)
2568 http fetch GET 200 https://registry.npmjs.org/p-locate/-/p-locate-2.0.0.tgz 29756ms (cache miss)
2569 http fetch GET 200 https://registry.npmjs.org/p-limit/-/p-limit-2.3.0.tgz 29757ms (cache miss)
2570 http fetch GET 200 https://registry.npmjs.org/@octokit/auth-token/-/auth-token-6.0.0.tgz 29764ms (cache miss)
2571 http fetch GET 200 https://registry.npmjs.org/parse-json/-/parse-json-8.3.0.tgz 29760ms (cache miss)
2572 http fetch GET 200 https://registry.npmjs.org/p-limit/-/p-limit-1.3.0.tgz 29756ms (cache miss)
2573 http fetch GET 200 https://registry.npmjs.org/find-up/-/find-up-2.1.0.tgz 29756ms (cache miss)
2574 http fetch GET 200 https://registry.npmjs.org/find-up/-/find-up-4.1.0.tgz 29759ms (cache miss)
2575 http fetch GET 200 https://registry.npmjs.org/ansi-styles/-/ansi-styles-4.3.0.tgz 29748ms (cache miss)
2576 http fetch GET 200 https://registry.npmjs.org/parse-json/-/parse-json-4.0.0.tgz 29749ms (cache miss)
2577 http fetch GET 200 https://registry.npmjs.org/ansi-styles/-/ansi-styles-4.3.0.tgz 29741ms (cache miss)
2578 http fetch GET 200 https://registry.npmjs.org/ansi-styles/-/ansi-styles-4.3.0.tgz 29742ms (cache miss)
2579 http fetch GET 200 https://registry.npmjs.org/ansi-styles/-/ansi-styles-4.3.0.tgz 29740ms (cache miss)
2580 http fetch GET 200 https://registry.npmjs.org/ansi-styles/-/ansi-styles-4.3.0.tgz 29734ms (cache miss)
2581 http fetch GET 200 https://registry.npmjs.org/ansi-styles/-/ansi-styles-4.3.0.tgz 29736ms (cache miss)
2582 http fetch GET 200 https://registry.npmjs.org/ansi-styles/-/ansi-styles-4.3.0.tgz 29738ms (cache miss)
2583 http fetch GET 200 https://registry.npmjs.org/ansi-styles/-/ansi-styles-4.3.0.tgz 29737ms (cache miss)
2584 http fetch GET 200 https://registry.npmjs.org/ansi-styles/-/ansi-styles-4.3.0.tgz 29733ms (cache miss)
2585 http fetch GET 200 https://registry.npmjs.org/ansi-styles/-/ansi-styles-4.3.0.tgz 29737ms (cache miss)
2586 http fetch GET 200 https://registry.npmjs.org/ansi-styles/-/ansi-styles-4.3.0.tgz 29725ms (cache miss)
2587 http fetch GET 200 https://registry.npmjs.org/ansi-styles/-/ansi-styles-4.3.0.tgz 29715ms (cache miss)
2588 http fetch GET 200 https://registry.npmjs.org/p-map/-/p-map-7.0.4.tgz 29761ms (cache miss)
2589 http fetch GET 200 https://registry.npmjs.org/@octokit/plugin-retry/-/plugin-retry-8.1.0.tgz 29777ms (cache miss)
2590 http fetch GET 200 https://registry.npmjs.org/ansi-styles/-/ansi-styles-4.3.0.tgz 29705ms (cache miss)
2591 http fetch GET 200 https://registry.npmjs.org/ansi-styles/-/ansi-styles-4.3.0.tgz 29709ms (cache miss)
2592 http fetch GET 200 https://registry.npmjs.org/ansi-styles/-/ansi-styles-4.3.0.tgz 29753ms (cache miss)
2593 http fetch GET 200 https://registry.npmjs.org/strip-bom/-/strip-bom-3.0.0.tgz 29759ms (cache miss)
2594 http fetch GET 200 https://registry.npmjs.org/chalk/-/chalk-4.1.2.tgz 29755ms (cache miss)
2595 http fetch GET 200 https://registry.npmjs.org/supports-color/-/supports-color-8.1.1.tgz 29759ms (cache miss)
2596 http fetch GET 200 https://registry.npmjs.org/ansi-escapes/-/ansi-escapes-7.3.0.tgz 29762ms (cache miss)
2597 http fetch GET 200 https://registry.npmjs.org/slash/-/slash-5.1.0.tgz 29737ms (cache miss)
2598 http fetch GET 200 https://registry.npmjs.org/statuses/-/statuses-2.0.1.tgz 29740ms (cache miss)
2599 http fetch GET 200 https://registry.npmjs.org/brace-expansion/-/brace-expansion-2.0.2.tgz 29736ms (cache miss)
2600 http fetch GET 200 https://registry.npmjs.org/glob-parent/-/glob-parent-5.1.2.tgz 29737ms (cache miss)
2601 http fetch GET 200 https://registry.npmjs.org/strip-final-newline/-/strip-final-newline-3.0.0.tgz 29735ms (cache miss)
2602 http fetch GET 200 https://registry.npmjs.org/onetime/-/onetime-6.0.0.tgz 29734ms (cache miss)
2603 http fetch GET 200 https://registry.npmjs.org/is-stream/-/is-stream-3.0.0.tgz 29732ms (cache miss)
2604 http fetch GET 200 https://registry.npmjs.org/wrap-ansi/-/wrap-ansi-7.0.0.tgz 29730ms (cache miss)
2605 http fetch GET 200 https://registry.npmjs.org/wrap-ansi/-/wrap-ansi-7.0.0.tgz 29722ms (cache miss)
2606 http fetch GET 200 https://registry.npmjs.org/string-width/-/string-width-4.2.3.tgz 29730ms (cache miss)
2607 http fetch GET 200 https://registry.npmjs.org/strip-ansi/-/strip-ansi-6.0.1.tgz 29731ms (cache miss)
2608 http fetch GET 200 https://registry.npmjs.org/string-width/-/string-width-4.2.3.tgz 29729ms (cache miss)
2609 http fetch GET 200 https://registry.npmjs.org/ansi-regex/-/ansi-regex-5.0.1.tgz 29731ms (cache miss)
2610 http fetch GET 200 https://registry.npmjs.org/string-width/-/string-width-4.2.3.tgz 29727ms (cache miss)
2611 http fetch GET 200 https://registry.npmjs.org/strip-ansi/-/strip-ansi-6.0.1.tgz 29731ms (cache miss)
2612 http fetch GET 200 https://registry.npmjs.org/strip-ansi/-/strip-ansi-6.0.1.tgz 29726ms (cache miss)
2613 http fetch GET 200 https://registry.npmjs.org/mimic-fn/-/mimic-fn-4.0.0.tgz 29739ms (cache miss)
2614 http fetch GET 200 https://registry.npmjs.org/ansi-regex/-/ansi-regex-5.0.1.tgz 29730ms (cache miss)
2615 http fetch GET 200 https://registry.npmjs.org/ansi-regex/-/ansi-regex-5.0.1.tgz 29724ms (cache miss)
2616 http fetch GET 200 https://registry.npmjs.org/@jest/diff-sequences/-/diff-sequences-30.0.1.tgz 29882ms (cache miss)
2617 http fetch GET 200 https://registry.npmjs.org/@eslint/core/-/core-0.17.0.tgz 29877ms (cache miss)
2618 http fetch GET 200 https://registry.npmjs.org/aggregate-error/-/aggregate-error-5.0.0.tgz 29723ms (cache miss)
2619 http fetch GET 200 https://registry.npmjs.org/aggregate-error/-/aggregate-error-5.0.0.tgz 29724ms (cache miss)
2620 http fetch GET 200 https://registry.npmjs.org/get-stream/-/get-stream-9.0.1.tgz 29798ms (cache miss)
2621 http fetch GET 200 https://registry.npmjs.org/clean-stack/-/clean-stack-5.3.0.tgz 29879ms (cache miss)
2622 http fetch GET 200 https://registry.npmjs.org/clean-stack/-/clean-stack-5.3.0.tgz 29877ms (cache miss)
2623 http fetch GET 200 https://registry.npmjs.org/@jest/test-result/-/test-result-30.2.0.tgz 30057ms (cache miss)
2624 http fetch GET 200 https://registry.npmjs.org/@sindresorhus/is/-/is-4.6.0.tgz 30156ms (cache miss)
2625 http fetch GET 200 https://registry.npmjs.org/locate-path/-/locate-path-5.0.0.tgz 30026ms (cache miss)
2626 http fetch GET 200 https://registry.npmjs.org/@octokit/request-error/-/request-error-7.1.0.tgz 30038ms (cache miss)
2627 http fetch GET 200 https://registry.npmjs.org/signal-exit/-/signal-exit-3.0.7.tgz 30007ms (cache miss)
2628 http fetch GET 200 https://registry.npmjs.org/emoji-regex/-/emoji-regex-8.0.0.tgz 30034ms (cache miss)
2629 http fetch GET 200 https://registry.npmjs.org/emoji-regex/-/emoji-regex-8.0.0.tgz 30032ms (cache miss)
2630 http fetch GET 200 https://registry.npmjs.org/@sindresorhus/merge-streams/-/merge-streams-4.0.0.tgz 30106ms (cache miss)
2631 http fetch GET 200 https://registry.npmjs.org/cliui/-/cliui-7.0.4.tgz 30138ms (cache miss)
2632 http fetch GET 200 https://registry.npmjs.org/negotiator/-/negotiator-1.0.0.tgz 30153ms (cache miss)
2633 http fetch GET 200 https://registry.npmjs.org/strip-json-comments/-/strip-json-comments-2.0.1.tgz 30218ms (cache miss)
2634 http fetch GET 200 https://registry.npmjs.org/unicorn-magic/-/unicorn-magic-0.1.0.tgz 30217ms (cache miss)
2635 http fetch GET 200 https://registry.npmjs.org/@semantic-release/error/-/error-4.0.0.tgz 30151ms (cache miss)
2636 http fetch GET 200 https://registry.npmjs.org/@semantic-release/error/-/error-4.0.0.tgz 30146ms (cache miss)
2637 http fetch GET 200 https://registry.npmjs.org/locate-path/-/locate-path-2.0.0.tgz 30236ms (cache miss)
2638 http fetch GET 200 https://registry.npmjs.org/camelcase/-/camelcase-6.3.0.tgz 30228ms (cache miss)
2639 http fetch GET 200 https://registry.npmjs.org/path-type/-/path-type-6.0.0.tgz 30215ms (cache miss)
2640 http fetch GET 200 https://registry.npmjs.org/npm-run-path/-/npm-run-path-5.3.0.tgz 30211ms (cache miss)
2641 http fetch GET 200 https://registry.npmjs.org/get-stream/-/get-stream-8.0.1.tgz 30212ms (cache miss)
2642 http fetch GET 200 https://registry.npmjs.org/split2/-/split2-1.0.0.tgz 30335ms (cache miss)
2643 http fetch GET 200 https://registry.npmjs.org/strip-final-newline/-/strip-final-newline-4.0.0.tgz 30310ms (cache miss)
2644 http fetch GET 200 https://registry.npmjs.org/is-stream/-/is-stream-4.0.1.tgz 30329ms (cache miss)
2645 http fetch GET 200 https://registry.npmjs.org/path-key/-/path-key-4.0.0.tgz 30332ms (cache miss)
2646 http fetch GET 200 https://registry.npmjs.org/npm-run-path/-/npm-run-path-6.0.0.tgz 30334ms (cache miss)
2647 http fetch GET 200 https://registry.npmjs.org/indent-string/-/indent-string-5.0.0.tgz 30334ms (cache miss)
2648 http fetch GET 200 https://registry.npmjs.org/indent-string/-/indent-string-5.0.0.tgz 30327ms (cache miss)
2649 http fetch GET 200 https://registry.npmjs.org/escape-string-regexp/-/escape-string-regexp-5.0.0.tgz 30333ms (cache miss)
2650 http fetch GET 200 https://registry.npmjs.org/escape-string-regexp/-/escape-string-regexp-5.0.0.tgz 30330ms (cache miss)
2651 http fetch GET 200 https://registry.npmjs.org/human-signals/-/human-signals-8.0.1.tgz 30335ms (cache miss)
2652 http fetch GET 200 https://registry.npmjs.org/graceful-fs/-/graceful-fs-4.2.10.tgz 30351ms (cache miss)
2653 http fetch GET 200 https://registry.npmjs.org/get-stream/-/get-stream-7.0.1.tgz 30371ms (cache miss)
2654 http fetch GET 200 https://registry.npmjs.org/ansi-styles/-/ansi-styles-4.3.0.tgz 30351ms (cache miss)
2655 http fetch GET 200 https://registry.npmjs.org/ansi-styles/-/ansi-styles-4.3.0.tgz 30353ms (cache miss)
2656 http fetch GET 200 https://registry.npmjs.org/ansi-styles/-/ansi-styles-4.3.0.tgz 30351ms (cache miss)
2657 http fetch GET 200 https://registry.npmjs.org/ansi-styles/-/ansi-styles-4.3.0.tgz 30349ms (cache miss)
2658 http fetch GET 200 https://registry.npmjs.org/resolve-from/-/resolve-from-5.0.0.tgz 30349ms (cache miss)
2659 http fetch GET 200 https://registry.npmjs.org/strip-ansi/-/strip-ansi-6.0.1.tgz 30345ms (cache miss)
2660 http fetch GET 200 https://registry.npmjs.org/eslint-visitor-keys/-/eslint-visitor-keys-3.4.3.tgz 30353ms (cache miss)
2661 http fetch GET 200 https://registry.npmjs.org/@jest/transform/-/transform-30.2.0.tgz 30566ms (cache miss)
2662 http fetch GET 200 https://registry.npmjs.org/p-locate/-/p-locate-4.1.0.tgz 30373ms (cache miss)
2663 http fetch GET 200 https://registry.npmjs.org/p-limit/-/p-limit-2.3.0.tgz 30373ms (cache miss)
2664 http fetch GET 200 https://registry.npmjs.org/find-up/-/find-up-4.1.0.tgz 30374ms (cache miss)
2665 http fetch GET 200 https://registry.npmjs.org/chalk/-/chalk-4.1.2.tgz 30455ms (cache miss)
2666 http fetch GET 200 https://registry.npmjs.org/chalk/-/chalk-4.1.2.tgz 30459ms (cache miss)
2667 http fetch GET 200 https://registry.npmjs.org/chalk/-/chalk-4.1.2.tgz 30453ms (cache miss)
2668 http fetch GET 200 https://registry.npmjs.org/chalk/-/chalk-4.1.2.tgz 30450ms (cache miss)
2669 http fetch GET 200 https://registry.npmjs.org/chalk/-/chalk-4.1.2.tgz 30463ms (cache miss)
2670 http fetch GET 200 https://registry.npmjs.org/chalk/-/chalk-4.1.2.tgz 30420ms (cache miss)
2671 http fetch GET 200 https://registry.npmjs.org/chalk/-/chalk-4.1.2.tgz 30399ms (cache miss)
2672 http fetch GET 200 https://registry.npmjs.org/chalk/-/chalk-4.1.2.tgz 30395ms (cache miss)
2673 http fetch GET 200 https://registry.npmjs.org/chalk/-/chalk-4.1.2.tgz 30396ms (cache miss)
2674 http fetch GET 200 https://registry.npmjs.org/chalk/-/chalk-4.1.2.tgz 30399ms (cache miss)
2675 http fetch GET 200 https://registry.npmjs.org/chalk/-/chalk-4.1.2.tgz 30398ms (cache miss)
2676 http fetch GET 200 https://registry.npmjs.org/ansi-styles/-/ansi-styles-4.3.0.tgz 30469ms (cache miss)
2677 http fetch GET 200 https://registry.npmjs.org/ansi-styles/-/ansi-styles-4.3.0.tgz 30464ms (cache miss)
2678 http fetch GET 200 https://registry.npmjs.org/brace-expansion/-/brace-expansion-2.0.2.tgz 30423ms (cache miss)
2679 http fetch GET 200 https://registry.npmjs.org/ansi-styles/-/ansi-styles-4.3.0.tgz 30458ms (cache miss)
2680 http fetch GET 200 https://registry.npmjs.org/@isaacs/cliui/-/cliui-8.0.2.tgz 30604ms (cache miss)
2681 http fetch GET 200 https://registry.npmjs.org/locate-path/-/locate-path-5.0.0.tgz 30463ms (cache miss)
2682 http fetch GET 200 https://registry.npmjs.org/@jest/expect-utils/-/expect-utils-30.2.0.tgz 30690ms (cache miss)
2683 http fetch GET 200 https://registry.npmjs.org/fdir/-/fdir-6.5.0.tgz 32042ms (cache miss)
2684 http fetch GET 200 https://registry.npmjs.org/ansi-styles/-/ansi-styles-4.3.0.tgz 32652ms (cache miss)
2685 http fetch GET 200 https://registry.npmjs.org/ansi-styles/-/ansi-styles-4.3.0.tgz 32650ms (cache miss)
2686 http fetch GET 200 https://registry.npmjs.org/flatted 32149ms (cache miss)
2687 silly packumentCache corgi:https://registry.npmjs.org/flatted set size:undefined disposed:false
2688 warn deprecated glob@7.2.3: Glob versions prior to v9 are no longer supported
2689 http fetch GET 200 https://registry.npmjs.org/@vitest/snapshot/-/snapshot-4.0.7.tgz 32968ms (cache miss)
2690 http fetch GET 200 https://registry.npmjs.org/ignore/-/ignore-7.0.5.tgz 32887ms (cache miss)
2691 http fetch GET 200 https://registry.npmjs.org/expect-type/-/expect-type-1.2.2.tgz 33183ms (cache miss)
2692 http fetch GET 200 https://registry.npmjs.org/emoji-regex/-/emoji-regex-9.2.2.tgz 33159ms (cache miss)
2693 http fetch GET 200 https://registry.npmjs.org/fdir/-/fdir-6.5.0.tgz 32989ms (cache miss)
2694 http fetch GET 200 https://registry.npmjs.org/@humanfs/node/-/node-0.16.7.tgz 33048ms (cache miss)
2695 http fetch GET 200 https://registry.npmjs.org/@jest/core/-/core-30.2.0.tgz 33057ms (cache miss)
2696 http fetch GET 200 https://registry.npmjs.org/@vitest/runner/-/runner-4.0.7.tgz 33191ms (cache miss)
2697 http fetch GET 200 https://registry.npmjs.org/ignore/-/ignore-7.0.5.tgz 32962ms (cache miss)
2698 http fetch GET 200 https://registry.npmjs.org/@cspotcode/source-map-support/-/source-map-support-0.8.1.tgz 33211ms (cache miss)
2699 http fetch GET 200 https://registry.npmjs.org/lru-cache/-/lru-cache-7.18.3.tgz 33157ms (cache miss)
2700 http fetch GET 200 https://registry.npmjs.org/commander/-/commander-12.1.0.tgz 33888ms (cache miss)
2701 http fetch GET 200 https://registry.npmjs.org/tar 33053ms (cache miss)
2702 silly packumentCache corgi:https://registry.npmjs.org/tar set size:undefined disposed:false
2703 http fetch GET 200 https://registry.npmjs.org/@semantic-release/git/-/git-10.0.1.tgz 33838ms (cache miss)
2704 http fetch GET 200 https://registry.npmjs.org/chalk/-/chalk-4.1.2.tgz 33692ms (cache miss)
2705 http fetch GET 200 https://registry.npmjs.org/chalk/-/chalk-4.1.2.tgz 33690ms (cache miss)
2706 http fetch GET 200 https://registry.npmjs.org/chalk/-/chalk-4.1.2.tgz 33703ms (cache miss)
2707 http fetch GET 200 https://registry.npmjs.org/chalk/-/chalk-4.1.2.tgz 33698ms (cache miss)
2708 http fetch GET 200 https://registry.npmjs.org/chalk/-/chalk-4.1.2.tgz 33689ms (cache miss)
2709 http fetch GET 200 https://registry.npmjs.org/chalk/-/chalk-4.1.2.tgz 33685ms (cache miss)
2710 http fetch GET 200 https://registry.npmjs.org/chalk/-/chalk-4.1.2.tgz 33678ms (cache miss)
2711 http fetch GET 200 https://registry.npmjs.org/chalk/-/chalk-4.1.2.tgz 33690ms (cache miss)
2712 http fetch GET 200 https://registry.npmjs.org/object-inspect/-/object-inspect-1.13.4.tgz 34110ms (cache miss)
2713 http fetch GET 200 https://registry.npmjs.org/chalk/-/chalk-4.1.2.tgz 33707ms (cache miss)
2714 http fetch GET 200 https://registry.npmjs.org/eslint-scope/-/eslint-scope-8.4.0.tgz 33982ms (cache miss)
2715 http fetch GET 200 https://registry.npmjs.org/@humanwhocodes/module-importer/-/module-importer-1.0.1.tgz 33845ms (cache miss)
2716 http fetch GET 200 https://registry.npmjs.org/fast-json-stable-stringify/-/fast-json-stable-stringify-2.1.0.tgz 34012ms (cache miss)
2717 http fetch GET 200 https://registry.npmjs.org/@typescript-eslint/types/-/types-8.46.3.tgz 33921ms (cache miss)
2718 http fetch GET 200 https://registry.npmjs.org/chalk/-/chalk-4.1.2.tgz 33677ms (cache miss)
2719 http fetch GET 200 https://registry.npmjs.org/chalk/-/chalk-4.1.2.tgz 33718ms (cache miss)
2720 http fetch GET 200 https://registry.npmjs.org/emoji-regex/-/emoji-regex-8.0.0.tgz 33727ms (cache miss)
2721 http fetch GET 200 https://registry.npmjs.org/chalk/-/chalk-5.6.2.tgz 33995ms (cache miss)
2722 http fetch GET 200 https://registry.npmjs.org/picomatch/-/picomatch-4.0.3.tgz 33862ms (cache miss)
2723 http fetch GET 200 https://registry.npmjs.org/acorn/-/acorn-8.15.0.tgz 34000ms (cache miss)
2724 http fetch GET 200 https://registry.npmjs.org/picomatch/-/picomatch-4.0.3.tgz 33922ms (cache miss)
2725 http fetch GET 200 https://registry.npmjs.org/import-meta-resolve/-/import-meta-resolve-4.2.0.tgz 34196ms (cache miss)
2726 http fetch GET 200 https://registry.npmjs.org/@jest/reporters/-/reporters-30.2.0.tgz 34005ms (cache miss)
2727 http fetch GET 200 https://registry.npmjs.org/aws-ssl-profiles/-/aws-ssl-profiles-1.1.2.tgz 34092ms (cache miss)
2728 http fetch GET 200 https://registry.npmjs.org/@eslint-community/regexpp/-/regexpp-4.12.2.tgz 34011ms (cache miss)
2729 silly packumentCache corgi:https://registry.npmjs.org/flat-cache cache-miss
2730 http fetch GET 200 https://registry.npmjs.org/human-signals/-/human-signals-5.0.0.tgz 35153ms (cache miss)
2731 http fetch GET 200 https://registry.npmjs.org/picomatch/-/picomatch-4.0.3.tgz 35254ms (cache miss)
2732 http fetch GET 200 https://registry.npmjs.org/@eslint/config-helpers/-/config-helpers-0.4.2.tgz 35297ms (cache miss)
2733 http fetch GET 200 https://registry.npmjs.org/@eslint-community/eslint-utils/-/eslint-utils-4.9.0.tgz 35300ms (cache miss)
2734 http fetch GET 200 https://registry.npmjs.org/picomatch/-/picomatch-4.0.3.tgz 35228ms (cache miss)
2735 http fetch GET 200 https://registry.npmjs.org/@eslint/plugin-kit/-/plugin-kit-0.4.1.tgz 35342ms (cache miss)
2736 http fetch GET 200 https://registry.npmjs.org/jackspeak/-/jackspeak-3.4.3.tgz 35580ms (cache miss)
2737 http fetch GET 200 https://registry.npmjs.org/get-stream/-/get-stream-9.0.1.tgz 35373ms (cache miss)
2738 http fetch GET 200 https://registry.npmjs.org/yargs-parser/-/yargs-parser-20.2.9.tgz 35359ms (cache miss)
2739 http fetch GET 200 https://registry.npmjs.org/execa/-/execa-8.0.1.tgz 35369ms (cache miss)
2740 http fetch GET 200 https://registry.npmjs.org/@pkgjs/parseargs/-/parseargs-0.11.0.tgz 35539ms (cache miss)
2741 http fetch GET 200 https://registry.npmjs.org/parse5/-/parse5-5.1.1.tgz 35892ms (cache miss)
2742 http fetch GET 200 https://registry.npmjs.org/@babel/helper-compilation-targets/-/helper-compilation-targets-7.27.2.tgz 35592ms (cache miss)
2743 http fetch GET 200 https://registry.npmjs.org/meow/-/meow-13.2.0.tgz 35566ms (cache miss)
2744 http fetch GET 200 https://registry.npmjs.org/commander/-/commander-14.0.2.tgz 35499ms (cache miss)
2745 http fetch GET 200 https://registry.npmjs.org/vite/-/vite-7.2.1.tgz 36039ms (cache miss)
2746 http fetch GET 200 https://registry.npmjs.org/esquery/-/esquery-1.6.0.tgz 35804ms (cache miss)
2747 http fetch GET 200 https://registry.npmjs.org/JSONStream/-/JSONStream-1.3.5.tgz 35903ms (cache miss)
2748 http fetch GET 200 https://registry.npmjs.org/exit-x/-/exit-x-0.2.2.tgz 35812ms (cache miss)
2749 http fetch GET 200 https://registry.npmjs.org/@babel/helper-module-transforms/-/helper-module-transforms-7.28.3.tgz 35635ms (cache miss)
2750 http fetch GET 200 https://registry.npmjs.org/flat-cache 396ms (cache miss)
2751 silly packumentCache corgi:https://registry.npmjs.org/flat-cache set size:undefined disposed:false
2752 http fetch GET 200 https://registry.npmjs.org/@babel/template/-/template-7.27.2.tgz 35663ms (cache miss)
2753 http fetch GET 200 https://registry.npmjs.org/graphemer/-/graphemer-1.4.0.tgz 35909ms (cache miss)
2754 silly packumentCache corgi:https://registry.npmjs.org/npm cache-miss
2755 silly packumentCache corgi:https://registry.npmjs.org/libnpmdiff cache-miss
2756 silly packumentCache corgi:https://registry.npmjs.org/pacote cache-miss
2757 http fetch GET 200 https://registry.npmjs.org/@eslint/config-array/-/config-array-0.21.1.tgz 35774ms (cache miss)
2758 http fetch GET 200 https://registry.npmjs.org/@unrs/resolver-binding-win32-x64-msvc/-/resolver-binding-win32-x64-msvc-1.11.1.tgz 35857ms (cache miss)
2759 http fetch GET 200 https://registry.npmjs.org/@vitest/mocker/-/mocker-4.0.7.tgz 35858ms (cache miss)
2760 http fetch GET 200 https://registry.npmjs.org/pg-protocol/-/pg-protocol-1.10.3.tgz 36134ms (cache miss)
2761 http fetch GET 200 https://registry.npmjs.org/@jridgewell/trace-mapping/-/trace-mapping-0.3.9.tgz 35644ms (cache miss)
2762 http fetch GET 200 https://registry.npmjs.org/@octokit/plugin-paginate-rest/-/plugin-paginate-rest-11.6.0.tgz 35875ms (cache miss)
2763 http fetch GET 200 https://registry.npmjs.org/@semantic-release/github/-/github-10.3.5.tgz 35903ms (cache miss)
2764 http fetch GET 200 https://registry.npmjs.org/@octokit/types/-/types-14.1.0.tgz 36027ms (cache miss)
2765 http fetch GET 200 https://registry.npmjs.org/@octokit/plugin-paginate-rest/-/plugin-paginate-rest-13.2.1.tgz 35928ms (cache miss)
2766 http fetch GET 200 https://registry.npmjs.org/js-yaml/-/js-yaml-4.1.1.tgz 36261ms (cache miss)
2767 http fetch GET 200 https://registry.npmjs.org/@semantic-release/github/-/github-11.0.6.tgz 35947ms (cache miss)
2768 http fetch GET 200 https://registry.npmjs.org/iconv-lite/-/iconv-lite-0.7.0.tgz 36252ms (cache miss)
2769 http fetch GET 200 https://registry.npmjs.org/@rollup/rollup-win32-x64-gnu/-/rollup-win32-x64-gnu-4.59.0.tgz 36090ms (cache miss)
2770 http fetch GET 200 https://registry.npmjs.org/@jridgewell/sourcemap-codec/-/sourcemap-codec-1.5.5.tgz 36082ms (cache miss)
2771 http fetch GET 200 https://registry.npmjs.org/diff/-/diff-4.0.4.tgz 36245ms (cache miss)
2772 http fetch GET 200 https://registry.npmjs.org/@octokit/types/-/types-16.0.0.tgz 36035ms (cache miss)
2773 http fetch GET 200 https://registry.npmjs.org/@octokit/types/-/types-15.0.2.tgz 36032ms (cache miss)
2774 http fetch GET 200 https://registry.npmjs.org/@octokit/types/-/types-13.10.0.tgz 35957ms (cache miss)
2775 http fetch GET 200 https://registry.npmjs.org/@octokit/types/-/types-13.10.0.tgz 35958ms (cache miss)
2776 http fetch GET 200 https://registry.npmjs.org/@vitest/utils/-/utils-4.0.7.tgz 36220ms (cache miss)
2777 http fetch GET 200 https://registry.npmjs.org/@babel/parser/-/parser-7.28.5.tgz 36115ms (cache miss)
2778 http fetch GET 200 https://registry.npmjs.org/readable-stream/-/readable-stream-3.6.2.tgz 36636ms (cache miss)
2779 http fetch GET 200 https://registry.npmjs.org/libnpmdiff 1020ms (cache miss)
2780 silly packumentCache corgi:https://registry.npmjs.org/libnpmdiff set size:undefined disposed:false
2781 http fetch GET 200 https://registry.npmjs.org/env-ci/-/env-ci-11.2.0.tgz 36978ms (cache miss)
2782 http fetch GET 200 https://registry.npmjs.org/@jridgewell/gen-mapping/-/gen-mapping-0.3.13.tgz 36900ms (cache miss)
2783 http fetch GET 200 https://registry.npmjs.org/lru-cache/-/lru-cache-10.4.3.tgz 36887ms (cache miss)
2784 http fetch GET 200 https://registry.npmjs.org/readable-stream/-/readable-stream-3.6.2.tgz 36801ms (cache miss)
2785 http fetch GET 200 https://registry.npmjs.org/fs-extra/-/fs-extra-11.3.3.tgz 37164ms (cache miss)
2786 http fetch GET 200 https://registry.npmjs.org/lru-cache/-/lru-cache-10.4.3.tgz 36925ms (cache miss)
2787 http fetch GET 200 https://registry.npmjs.org/lru-cache/-/lru-cache-10.4.3.tgz 36901ms (cache miss)
2788 http fetch GET 200 https://registry.npmjs.org/pacote 1260ms (cache miss)
2789 silly packumentCache corgi:https://registry.npmjs.org/pacote set size:undefined disposed:false
2790 http fetch GET 200 https://registry.npmjs.org/@rollup/rollup-win32-x64-msvc/-/rollup-win32-x64-msvc-4.59.0.tgz 37104ms (cache miss)
2791 http fetch GET 200 https://registry.npmjs.org/postcss/-/postcss-8.5.6.tgz 37388ms (cache miss)
2792 http fetch GET 200 https://registry.npmjs.org/argparse/-/argparse-1.0.10.tgz 36892ms (cache miss)
2793 http fetch GET 200 https://registry.npmjs.org/conventional-commits-parser/-/conventional-commits-parser-6.2.1.tgz 37194ms (cache miss)
2794 http fetch GET 200 https://registry.npmjs.org/rollup/-/rollup-4.59.0.tgz 38066ms (cache miss)
2795 http fetch GET 200 https://registry.npmjs.org/parse5/-/parse5-6.0.1.tgz 37640ms (cache miss)
2796 http fetch GET 200 https://registry.npmjs.org/@eslint/eslintrc/-/eslintrc-3.3.1.tgz 37760ms (cache miss)
2797 http fetch GET 200 https://registry.npmjs.org/@typescript-eslint/type-utils/-/type-utils-8.46.3.tgz 37905ms (cache miss)
2798 http fetch GET 200 https://registry.npmjs.org/@mongodb-js/saslprep/-/saslprep-1.3.2.tgz 37910ms (cache miss)
2799 http fetch GET 200 https://registry.npmjs.org/memcached/-/memcached-2.2.2.tgz 38171ms (cache miss)
2800 http fetch GET 200 https://registry.npmjs.org/istanbul-reports/-/istanbul-reports-3.2.0.tgz 38199ms (cache miss)
2801 http fetch GET 200 https://registry.npmjs.org/npm 2220ms (cache miss)
2802 silly packumentCache corgi:https://registry.npmjs.org/npm set size:undefined disposed:false
2803 http fetch GET 200 https://registry.npmjs.org/@octokit/openapi-types/-/openapi-types-25.1.0.tgz 38058ms (cache miss)
2804 http fetch GET 200 https://registry.npmjs.org/semver/-/semver-7.7.3.tgz 37990ms (cache miss)
2805 http fetch GET 200 https://registry.npmjs.org/@jridgewell/trace-mapping/-/trace-mapping-0.3.31.tgz 38064ms (cache miss)
2806 http fetch GET 200 https://registry.npmjs.org/semver/-/semver-7.7.3.tgz 37992ms (cache miss)
2807 http fetch GET 200 https://registry.npmjs.org/semver/-/semver-7.7.4.tgz 37993ms (cache miss)
2808 http fetch GET 200 https://registry.npmjs.org/semver/-/semver-7.7.3.tgz 37939ms (cache miss)
2809 http fetch GET 200 https://registry.npmjs.org/semver/-/semver-7.7.3.tgz 37965ms (cache miss)
2810 http fetch GET 200 https://registry.npmjs.org/semver/-/semver-7.7.3.tgz 37955ms (cache miss)
2811 http fetch GET 200 https://registry.npmjs.org/semver/-/semver-7.7.3.tgz 37968ms (cache miss)
2812 http fetch GET 200 https://registry.npmjs.org/semver/-/semver-7.7.3.tgz 37974ms (cache miss)
2813 silly packumentCache corgi:https://registry.npmjs.org/cacache cache-miss
2814 silly packumentCache corgi:https://registry.npmjs.org/node-gyp cache-miss
2815 http fetch GET 200 https://registry.npmjs.org/semver/-/semver-7.7.3.tgz 37925ms (cache miss)
2816 http fetch GET 200 https://registry.npmjs.org/semver/-/semver-7.7.4.tgz 37926ms (cache miss)
2817 http fetch GET 200 https://registry.npmjs.org/semver/-/semver-7.7.3.tgz 37949ms (cache miss)
2818 http fetch GET 200 https://registry.npmjs.org/@octokit/openapi-types/-/openapi-types-24.2.0.tgz 37921ms (cache miss)
2819 http fetch GET 200 https://registry.npmjs.org/@octokit/openapi-types/-/openapi-types-24.2.0.tgz 37924ms (cache miss)
2820 http fetch GET 200 https://registry.npmjs.org/cosmiconfig/-/cosmiconfig-9.0.0.tgz 38230ms (cache miss)
2821 http fetch GET 200 https://registry.npmjs.org/@octokit/openapi-types/-/openapi-types-26.0.0.tgz 38027ms (cache miss)
2822 http fetch GET 200 https://registry.npmjs.org/@octokit/openapi-types/-/openapi-types-27.0.0.tgz 38037ms (cache miss)
2823 http fetch GET 200 https://registry.npmjs.org/conventional-changelog-writer/-/conventional-changelog-writer-8.2.0.tgz 38096ms (cache miss)
2824 http fetch GET 200 https://registry.npmjs.org/js-yaml/-/js-yaml-3.14.2.tgz 37989ms (cache miss)
2825 http fetch GET 200 https://registry.npmjs.org/@sinonjs/commons/-/commons-3.0.1.tgz 38228ms (cache miss)
2826 http fetch GET 200 https://registry.npmjs.org/neo-async/-/neo-async-2.6.2.tgz 38485ms (cache miss)
2827 http fetch GET 200 https://registry.npmjs.org/semantic-release/-/semantic-release-24.2.9.tgz 38566ms (cache miss)
2828 http fetch GET 200 https://registry.npmjs.org/@babel/generator/-/generator-7.28.5.tgz 38230ms (cache miss)
2829 http fetch GET 200 https://registry.npmjs.org/type-fest/-/type-fest-1.4.0.tgz 38151ms (cache miss)
2830 http fetch GET 200 https://registry.npmjs.org/hashring/-/hashring-3.2.0.tgz 38488ms (cache miss)
2831 http fetch GET 200 https://registry.npmjs.org/fast-glob/-/fast-glob-3.3.3.tgz 38482ms (cache miss)
2832 http fetch GET 200 https://registry.npmjs.org/yargs/-/yargs-16.2.0.tgz 38199ms (cache miss)
2833 http fetch GET 200 https://registry.npmjs.org/@bcoe/v8-coverage/-/v8-coverage-0.2.3.tgz 38382ms (cache miss)
2834 http fetch GET 200 https://registry.npmjs.org/minimatch/-/minimatch-9.0.9.tgz 38310ms (cache miss)
2835 http fetch GET 200 https://registry.npmjs.org/minimatch/-/minimatch-9.0.9.tgz 38284ms (cache miss)
2836 http fetch GET 200 https://registry.npmjs.org/@types/node/-/node-22.19.0.tgz 38543ms (cache miss)
2837 http fetch GET 200 https://registry.npmjs.org/type-fest/-/type-fest-2.19.0.tgz 38447ms (cache miss)
2838 http fetch GET 200 https://registry.npmjs.org/glob/-/glob-10.5.0.tgz 38691ms (cache miss)
2839 warn deprecated glob@10.5.0: Old versions of glob are not supported, and contain widely publicized security vulnerabilities, which have been fixed in the current version. Please update. Support for old versions may be purchased (at exorbitant rates) by contacting i@izs.me
2840 http fetch GET 200 https://registry.npmjs.org/bson/-/bson-6.10.4.tgz 38671ms (cache miss)
2841 http fetch GET 200 https://registry.npmjs.org/@babel/traverse/-/traverse-7.28.5.tgz 38553ms (cache miss)
2842 http fetch GET 200 https://registry.npmjs.org/@typescript-eslint/typescript-estree/-/typescript-estree-8.46.3.tgz 38708ms (cache miss)
2843 http fetch GET 200 https://registry.npmjs.org/bottleneck/-/bottleneck-2.19.5.tgz 38740ms (cache miss)
2844 http fetch GET 200 https://registry.npmjs.org/@typescript-eslint/utils/-/utils-8.46.3.tgz 38782ms (cache miss)
2845 http fetch GET 200 https://registry.npmjs.org/cacache 781ms (cache miss)
2846 silly packumentCache corgi:https://registry.npmjs.org/cacache set size:undefined disposed:false
2847 http fetch GET 200 https://registry.npmjs.org/ajv/-/ajv-6.14.0.tgz 39332ms (cache miss)
2848 http fetch GET 200 https://registry.npmjs.org/pure-rand/-/pure-rand-7.0.1.tgz 39612ms (cache miss)
2849 http fetch GET 200 https://registry.npmjs.org/@esbuild/win32-x64/-/win32-x64-0.25.12.tgz 39322ms (cache miss)
2850 http fetch GET 200 https://registry.npmjs.org/better-sqlite3/-/better-sqlite3-12.2.0.tgz 39529ms (cache miss)
2851 http fetch GET 200 https://registry.npmjs.org/node-gyp 1408ms (cache miss)
2852 silly packumentCache corgi:https://registry.npmjs.org/node-gyp set size:undefined disposed:false
2853 silly packumentCache corgi:https://registry.npmjs.org/libnpmexec cache-miss
2854 silly packumentCache corgi:https://registry.npmjs.org/libnpmpack cache-miss
2855 silly packumentCache corgi:https://registry.npmjs.org/@npmcli%2farborist cache-miss
2856 silly packumentCache corgi:https://registry.npmjs.org/@npmcli%2fmetavuln-calculator cache-miss
2857 http fetch GET 200 https://registry.npmjs.org/mysql2/-/mysql2-3.15.3.tgz 39983ms (cache miss)
2858 http fetch GET 200 https://registry.npmjs.org/@babel/core/-/core-7.28.5.tgz 39790ms (cache miss)
2859 http fetch GET 200 https://registry.npmjs.org/type-fest/-/type-fest-4.41.0.tgz 39802ms (cache miss)
2860 http fetch GET 200 https://registry.npmjs.org/type-fest/-/type-fest-4.41.0.tgz 39766ms (cache miss)
2861 http fetch GET 200 https://registry.npmjs.org/type-fest/-/type-fest-4.41.0.tgz 39754ms (cache miss)
2862 http fetch GET 200 https://registry.npmjs.org/type-fest/-/type-fest-4.41.0.tgz 39768ms (cache miss)
2863 http fetch GET 200 https://registry.npmjs.org/type-fest/-/type-fest-4.41.0.tgz 39773ms (cache miss)
2864 http fetch GET 200 https://registry.npmjs.org/execa/-/execa-9.6.1.tgz 39738ms (cache miss)
2865 http fetch GET 200 https://registry.npmjs.org/execa/-/execa-9.6.1.tgz 39832ms (cache miss)
2866 http fetch GET 200 https://registry.npmjs.org/handlebars/-/handlebars-4.7.8.tgz 40273ms (cache miss)
2867 http fetch GET 200 https://registry.npmjs.org/libnpmexec 557ms (cache miss)
2868 silly packumentCache corgi:https://registry.npmjs.org/libnpmexec set size:undefined disposed:false
2869 http fetch GET 200 https://registry.npmjs.org/libnpmpack 664ms (cache miss)
2870 silly packumentCache corgi:https://registry.npmjs.org/libnpmpack set size:undefined disposed:false
2871 http fetch GET 200 https://registry.npmjs.org/@npmcli%2farborist 1249ms (cache miss)
2872 silly packumentCache corgi:https://registry.npmjs.org/@npmcli%2farborist set size:undefined disposed:false
2873 http fetch GET 200 https://registry.npmjs.org/@babel/types/-/types-7.28.5.tgz 40967ms (cache miss)
2874 http fetch GET 200 https://registry.npmjs.org/@npmcli%2fmetavuln-calculator 1638ms (cache miss)
2875 silly packumentCache corgi:https://registry.npmjs.org/@npmcli%2fmetavuln-calculator set size:undefined disposed:false
2876 silly packumentCache corgi:https://registry.npmjs.org/@semantic-release%2fnpm cache-miss
2877 http fetch GET 200 https://registry.npmjs.org/@faker-js/faker/-/faker-10.1.0.tgz 41276ms (cache miss)
2878 http fetch GET 200 https://registry.npmjs.org/@babel/helpers/-/helpers-7.28.4.tgz 41250ms (cache miss)
2879 http fetch GET 200 https://registry.npmjs.org/typescript/-/typescript-5.9.3.tgz 41806ms (cache miss)
2880 http fetch GET 200 https://registry.npmjs.org/@typescript-eslint/scope-manager/-/scope-manager-8.46.3.tgz 41638ms (cache miss)
2881 http fetch GET 200 https://registry.npmjs.org/lodash-es/-/lodash-es-4.17.23.tgz 41841ms (cache miss)
2882 http fetch GET 200 https://registry.npmjs.org/highlight.js/-/highlight.js-10.7.3.tgz 42606ms (cache miss)
2883 http fetch GET 200 https://registry.npmjs.org/@typescript-eslint/eslint-plugin/-/eslint-plugin-8.46.3.tgz 42944ms (cache miss)
2884 http fetch GET 200 https://registry.npmjs.org/mongodb/-/mongodb-6.20.0.tgz 43223ms (cache miss)
2885 http fetch GET 200 https://registry.npmjs.org/@semantic-release%2fnpm 2334ms (cache miss)
2886 silly packumentCache corgi:https://registry.npmjs.org/@semantic-release%2fnpm set size:undefined disposed:false
2887 http fetch GET 200 https://registry.npmjs.org/eslint/-/eslint-9.39.1.tgz 43726ms (cache miss)
2888 http fetch GET 200 https://registry.npmjs.org/lodash/-/lodash-4.17.23.tgz 44057ms (cache miss)
2889 http fetch GET 200 https://registry.npmjs.org/caniuse-lite/-/caniuse-lite-1.0.30001754.tgz 44826ms (cache miss)
2890 http fetch GET 200 https://registry.npmjs.org/figlet/-/figlet-1.9.3.tgz 45008ms (cache miss)
2891 http fetch GET 200 https://registry.npmjs.org/@sinclair/typebox/-/typebox-0.34.41.tgz 45482ms (cache miss)
2892 info run better-sqlite3@12.2.0 install node_modules/better-sqlite3 prebuild-install || node-gyp rebuild --release
2893 info run better-sqlite3@12.2.0 install { code: 0, signal: null }
2894 info run esbuild@0.25.12 postinstall node_modules/esbuild node install.js
2895 info run unrs-resolver@1.11.1 postinstall node_modules/unrs-resolver napi-postinstall unrs-resolver 1.11.1 check
2896 info run unrs-resolver@1.11.1 postinstall { code: 0, signal: null }
2897 info run esbuild@0.25.12 postinstall { code: 0, signal: null }
2898 silly ADD node_modules/yoctocolors
2899 silly ADD node_modules/yocto-queue
2900 silly ADD node_modules/yn
2901 silly ADD node_modules/yargs-parser
2902 silly ADD node_modules/yargs
2903 silly ADD node_modules/yargs/node_modules/strip-ansi
2904 silly ADD node_modules/yargs/node_modules/string-width
2905 silly ADD node_modules/yargs/node_modules/emoji-regex
2906 silly ADD node_modules/yargs/node_modules/ansi-regex
2907 silly ADD node_modules/yallist
2908 silly ADD node_modules/y18n
2909 silly ADD node_modules/xtend
2910 silly ADD node_modules/write-file-atomic
2911 silly ADD node_modules/wrappy
2912 silly ADD node_modules/wrap-ansi-cjs
2913 silly ADD node_modules/wrap-ansi-cjs/node_modules/strip-ansi
2914 silly ADD node_modules/wrap-ansi-cjs/node_modules/string-width
2915 silly ADD node_modules/wrap-ansi-cjs/node_modules/emoji-regex
2916 silly ADD node_modules/wrap-ansi-cjs/node_modules/ansi-styles
2917 silly ADD node_modules/wrap-ansi-cjs/node_modules/ansi-regex
2918 silly ADD node_modules/wrap-ansi
2919 silly ADD node_modules/wrap-ansi/node_modules/ansi-styles
2920 silly ADD node_modules/wordwrap
2921 silly ADD node_modules/word-wrap
2922 silly ADD node_modules/why-is-node-running
2923 silly ADD node_modules/which
2924 silly ADD node_modules/whatwg-url
2925 silly ADD node_modules/webidl-conversions
2926 silly ADD node_modules/web-worker
2927 silly ADD node_modules/walker
2928 silly ADD node_modules/vitest
2929 silly ADD node_modules/vitest/node_modules/picomatch
2930 silly ADD node_modules/vite
2931 silly ADD node_modules/vite/node_modules/picomatch
2932 silly ADD node_modules/vite/node_modules/fdir
2933 silly ADD node_modules/vary
2934 silly ADD node_modules/validate-npm-package-license
2935 silly ADD node_modules/v8-to-istanbul
2936 silly ADD node_modules/v8-compile-cache-lib
2937 silly ADD node_modules/util-deprecate
2938 silly ADD node_modules/url-join
2939 silly ADD node_modules/uri-js
2940 silly ADD node_modules/update-browserslist-db
2941 silly ADD node_modules/unrs-resolver
2942 silly ADD node_modules/unpipe
2943 silly ADD node_modules/universalify
2944 silly ADD node_modules/universal-user-agent
2945 silly ADD node_modules/unique-string
2946 silly ADD node_modules/unicorn-magic
2947 silly ADD node_modules/unicode-emoji-modifier-base
2948 silly ADD node_modules/undici-types
2949 silly ADD node_modules/uglify-js
2950 silly ADD node_modules/typescript-eslint
2951 silly ADD node_modules/typescript
2952 silly ADD node_modules/type-is
2953 silly ADD node_modules/type-fest
2954 silly ADD node_modules/type-detect
2955 silly ADD node_modules/type-check
2956 silly ADD node_modules/tunnel-agent
2957 silly ADD node_modules/tsx
2958 silly ADD node_modules/ts-node
2959 silly ADD node_modules/ts-jest
2960 silly ADD node_modules/ts-jest/node_modules/type-fest
2961 silly ADD node_modules/ts-jest/node_modules/semver
2962 silly ADD node_modules/ts-api-utils
2963 silly ADD node_modules/traverse
2964 silly ADD node_modules/tr46
2965 silly ADD node_modules/toidentifier
2966 silly ADD node_modules/to-regex-range
2967 silly ADD node_modules/tmpl
2968 silly ADD node_modules/tinyrainbow
2969 silly ADD node_modules/tinyglobby
2970 silly ADD node_modules/tinyglobby/node_modules/picomatch
2971 silly ADD node_modules/tinyglobby/node_modules/fdir
2972 silly ADD node_modules/tinyexec
2973 silly ADD node_modules/tinybench
2974 silly ADD node_modules/time-span
2975 silly ADD node_modules/through2
2976 silly ADD node_modules/through
2977 silly ADD node_modules/thenify-all
2978 silly ADD node_modules/thenify
2979 silly ADD node_modules/text-extensions
2980 silly ADD node_modules/test-exclude
2981 silly ADD node_modules/test-exclude/node_modules/glob
2982 silly ADD node_modules/tempy
2983 silly ADD node_modules/tempy/node_modules/type-fest
2984 silly ADD node_modules/tempy/node_modules/is-stream
2985 silly ADD node_modules/temp-dir
2986 silly ADD node_modules/tar-stream
2987 silly ADD node_modules/tar-stream/node_modules/readable-stream
2988 silly ADD node_modules/tar-fs
2989 silly ADD node_modules/tar-fs/node_modules/chownr
2990 silly ADD node_modules/synckit
2991 silly ADD node_modules/supports-hyperlinks
2992 silly ADD node_modules/supports-color
2993 silly ADD node_modules/super-regex
2994 silly ADD node_modules/strip-json-comments
2995 silly ADD node_modules/strip-final-newline
2996 silly ADD node_modules/strip-bom
2997 silly ADD node_modules/strip-ansi-cjs
2998 silly ADD node_modules/strip-ansi-cjs/node_modules/ansi-regex
2999 silly ADD node_modules/strip-ansi
3000 silly ADD node_modules/string-width-cjs
3001 silly ADD node_modules/string-width-cjs/node_modules/strip-ansi
3002 silly ADD node_modules/string-width-cjs/node_modules/emoji-regex
3003 silly ADD node_modules/string-width-cjs/node_modules/ansi-regex
3004 silly ADD node_modules/string-width
3005 silly ADD node_modules/string-length
3006 silly ADD node_modules/string-length/node_modules/strip-ansi
3007 silly ADD node_modules/string-length/node_modules/ansi-regex
3008 silly ADD node_modules/string_decoder
3009 silly ADD node_modules/string_decoder/node_modules/safe-buffer
3010 silly ADD node_modules/stream-combiner2
3011 silly ADD node_modules/std-env
3012 silly ADD node_modules/statuses
3013 silly ADD node_modules/stackback
3014 silly ADD node_modules/stack-utils
3015 silly ADD node_modules/stack-utils/node_modules/escape-string-regexp
3016 silly ADD node_modules/sqlstring
3017 silly ADD node_modules/sprintf-js
3018 silly ADD node_modules/split2
3019 silly ADD node_modules/spdx-license-ids
3020 silly ADD node_modules/spdx-expression-parse
3021 silly ADD node_modules/spdx-exceptions
3022 silly ADD node_modules/spdx-correct
3023 silly ADD node_modules/spawn-error-forwarder
3024 silly ADD node_modules/sparse-bitfield
3025 silly ADD node_modules/source-map-support
3026 silly ADD node_modules/source-map-js
3027 silly ADD node_modules/source-map
3028 silly ADD node_modules/slash
3029 silly ADD node_modules/skin-tone
3030 silly ADD node_modules/simple-lru-cache
3031 silly ADD node_modules/simple-get
3032 silly ADD node_modules/simple-concat
3033 silly ADD node_modules/signale
3034 silly ADD node_modules/signale/node_modules/supports-color
3035 silly ADD node_modules/signale/node_modules/has-flag
3036 silly ADD node_modules/signale/node_modules/figures
3037 silly ADD node_modules/signale/node_modules/escape-string-regexp
3038 silly ADD node_modules/signale/node_modules/color-name
3039 silly ADD node_modules/signale/node_modules/color-convert
3040 silly ADD node_modules/signale/node_modules/chalk
3041 silly ADD node_modules/signale/node_modules/ansi-styles
3042 silly ADD node_modules/signal-exit
3043 silly ADD node_modules/siginfo
3044 silly ADD node_modules/side-channel-weakmap
3045 silly ADD node_modules/side-channel-map
3046 silly ADD node_modules/side-channel-list
3047 silly ADD node_modules/side-channel
3048 silly ADD node_modules/shebang-regex
3049 silly ADD node_modules/shebang-command
3050 silly ADD node_modules/setprototypeof
3051 silly ADD node_modules/serve-static
3052 silly ADD node_modules/seq-queue
3053 silly ADD node_modules/send
3054 silly ADD node_modules/semver-regex
3055 silly ADD node_modules/semver-diff
3056 silly ADD node_modules/semver-diff/node_modules/semver
3057 silly ADD node_modules/semver
3058 silly ADD node_modules/semantic-release
3059 silly ADD node_modules/semantic-release/node_modules/strip-final-newline
3060 silly ADD node_modules/semantic-release/node_modules/semver
3061 silly ADD node_modules/semantic-release/node_modules/resolve-from
3062 silly ADD node_modules/semantic-release/node_modules/path-key
3063 silly ADD node_modules/semantic-release/node_modules/p-reduce
3064 silly ADD node_modules/semantic-release/node_modules/npm-run-path
3065 silly ADD node_modules/semantic-release/node_modules/meow
3066 silly ADD node_modules/semantic-release/node_modules/lru-cache
3067 silly ADD node_modules/semantic-release/node_modules/is-stream
3068 silly ADD node_modules/semantic-release/node_modules/indent-string
3069 silly ADD node_modules/semantic-release/node_modules/import-from-esm
3070 silly ADD node_modules/semantic-release/node_modules/human-signals
3071 silly ADD node_modules/semantic-release/node_modules/hosted-git-info
3072 silly ADD node_modules/semantic-release/node_modules/fast-content-type-parse
3073 silly ADD node_modules/semantic-release/node_modules/execa
3074 silly ADD node_modules/semantic-release/node_modules/execa/node_modules/get-stream
3075 silly ADD node_modules/semantic-release/node_modules/escape-string-regexp
3076 silly ADD node_modules/semantic-release/node_modules/conventional-commits-parser
3077 silly ADD node_modules/semantic-release/node_modules/conventional-commits-filter
3078 silly ADD node_modules/semantic-release/node_modules/conventional-changelog-writer
3079 silly ADD node_modules/semantic-release/node_modules/conventional-changelog-angular
3080 silly ADD node_modules/semantic-release/node_modules/clean-stack
3081 silly ADD node_modules/semantic-release/node_modules/before-after-hook
3082 silly ADD node_modules/semantic-release/node_modules/aggregate-error
3083 silly ADD node_modules/semantic-release/node_modules/@sindresorhus/merge-streams
3084 silly ADD node_modules/semantic-release/node_modules/@semantic-release/release-notes-generator
3085 silly ADD node_modules/semantic-release/node_modules/@semantic-release/release-notes-generator/node_modules/get-stream
3086 silly ADD node_modules/semantic-release/node_modules/@semantic-release/github
3087 silly ADD node_modules/semantic-release/node_modules/@semantic-release/error
3088 silly ADD node_modules/semantic-release/node_modules/@semantic-release/commit-analyzer
3089 silly ADD node_modules/semantic-release/node_modules/@octokit/types
3090 silly ADD node_modules/semantic-release/node_modules/@octokit/request-error
3091 silly ADD node_modules/semantic-release/node_modules/@octokit/request
3092 silly ADD node_modules/semantic-release/node_modules/@octokit/plugin-throttling
3093 silly ADD node_modules/semantic-release/node_modules/@octokit/plugin-retry
3094 silly ADD node_modules/semantic-release/node_modules/@octokit/plugin-paginate-rest
3095 silly ADD node_modules/semantic-release/node_modules/@octokit/plugin-paginate-rest/node_modules/@octokit/types
3096 silly ADD node_modules/semantic-release/node_modules/@octokit/plugin-paginate-rest/node_modules/@octokit/openapi-types
3097 silly ADD node_modules/semantic-release/node_modules/@octokit/openapi-types
3098 silly ADD node_modules/semantic-release/node_modules/@octokit/graphql
3099 silly ADD node_modules/semantic-release/node_modules/@octokit/endpoint
3100 silly ADD node_modules/semantic-release/node_modules/@octokit/core
3101 silly ADD node_modules/semantic-release/node_modules/@octokit/auth-token
3102 silly ADD node_modules/safer-buffer
3103 silly ADD node_modules/safe-buffer
3104 silly ADD node_modules/run-parallel
3105 silly ADD node_modules/router
3106 silly ADD node_modules/rollup
3107 silly ADD node_modules/reusify
3108 silly ADD node_modules/retry
3109 silly ADD node_modules/resolve-pkg-maps
3110 silly ADD node_modules/resolve-from
3111 silly ADD node_modules/resolve-cwd
3112 silly ADD node_modules/resolve-cwd/node_modules/resolve-from
3113 silly ADD node_modules/require-directory
3114 silly ADD node_modules/registry-auth-token
3115 silly ADD node_modules/readable-stream
3116 silly ADD node_modules/readable-stream/node_modules/safe-buffer
3117 silly ADD node_modules/read-pkg-up
3118 silly ADD node_modules/read-pkg-up/node_modules/type-fest
3119 silly ADD node_modules/read-pkg
3120 silly ADD node_modules/read-pkg/node_modules/unicorn-magic
3121 silly ADD node_modules/read-pkg/node_modules/type-fest
3122 silly ADD node_modules/read-pkg/node_modules/parse-json
3123 silly ADD node_modules/read-package-up
3124 silly ADD node_modules/read-package-up/node_modules/type-fest
3125 silly ADD node_modules/react-is
3126 silly ADD node_modules/rc
3127 silly ADD node_modules/rc/node_modules/strip-json-comments
3128 silly ADD node_modules/raw-body
3129 silly ADD node_modules/range-parser
3130 silly ADD node_modules/queue-microtask
3131 silly ADD node_modules/qs
3132 silly ADD node_modules/pure-rand
3133 silly ADD node_modules/punycode
3134 silly ADD node_modules/pump
3135 silly ADD node_modules/proxy-addr
3136 silly ADD node_modules/proto-list
3137 silly ADD node_modules/process-nextick-args
3138 silly ADD node_modules/pretty-ms
3139 silly ADD node_modules/pretty-format
3140 silly ADD node_modules/prelude-ls
3141 silly ADD node_modules/prebuild-install
3142 silly ADD node_modules/postgres-interval
3143 silly ADD node_modules/postgres-date
3144 silly ADD node_modules/postgres-bytea
3145 silly ADD node_modules/postgres-array
3146 silly ADD node_modules/postcss
3147 silly ADD node_modules/pkg-dir
3148 silly ADD node_modules/pkg-dir/node_modules/p-locate
3149 silly ADD node_modules/pkg-dir/node_modules/p-limit
3150 silly ADD node_modules/pkg-dir/node_modules/locate-path
3151 silly ADD node_modules/pkg-dir/node_modules/find-up
3152 silly ADD node_modules/pkg-conf
3153 silly ADD node_modules/pkg-conf/node_modules/path-exists
3154 silly ADD node_modules/pkg-conf/node_modules/p-try
3155 silly ADD node_modules/pkg-conf/node_modules/p-locate
3156 silly ADD node_modules/pkg-conf/node_modules/p-limit
3157 silly ADD node_modules/pkg-conf/node_modules/locate-path
3158 silly ADD node_modules/pkg-conf/node_modules/find-up
3159 silly ADD node_modules/pirates
3160 silly ADD node_modules/pify
3161 silly ADD node_modules/picomatch
3162 silly ADD node_modules/picocolors
3163 silly ADD node_modules/pgpass
3164 silly ADD node_modules/pg-types
3165 silly ADD node_modules/pg-protocol
3166 silly ADD node_modules/pg-pool
3167 silly ADD node_modules/pg-int8
3168 silly ADD node_modules/pg-connection-string
3169 silly ADD node_modules/pg-cloudflare
3170 silly ADD node_modules/pg
3171 silly ADD node_modules/pathe
3172 silly ADD node_modules/path-type
3173 silly ADD node_modules/path-to-regexp
3174 silly ADD node_modules/path-scurry
3175 silly ADD node_modules/path-scurry/node_modules/lru-cache
3176 silly ADD node_modules/path-key
3177 silly ADD node_modules/path-is-absolute
3178 silly ADD node_modules/path-exists
3179 silly ADD node_modules/parseurl
3180 silly ADD node_modules/parse5-htmlparser2-tree-adapter
3181 silly ADD node_modules/parse5-htmlparser2-tree-adapter/node_modules/parse5
3182 silly ADD node_modules/parse5
3183 silly ADD node_modules/parse-ms
3184 silly ADD node_modules/parse-json
3185 silly ADD node_modules/parent-module
3186 silly ADD node_modules/package-json-from-dist
3187 silly ADD node_modules/p-try
3188 silly ADD node_modules/p-timeout
3189 silly ADD node_modules/p-reduce
3190 silly ADD node_modules/p-locate
3191 silly ADD node_modules/p-limit
3192 silly ADD node_modules/p-is-promise
3193 silly ADD node_modules/p-filter
3194 silly ADD node_modules/p-filter/node_modules/p-map
3195 silly ADD node_modules/p-event
3196 silly ADD node_modules/p-each-series
3197 silly ADD node_modules/optionator
3198 silly ADD node_modules/onetime
3199 silly ADD node_modules/once
3200 silly ADD node_modules/on-finished
3201 silly ADD node_modules/object-inspect
3202 silly ADD node_modules/object-assign
3203 silly ADD node_modules/npm-run-path
3204 silly ADD node_modules/npm
3205 silly ADD node_modules/normalize-url
3206 silly ADD node_modules/normalize-path
3207 silly ADD node_modules/normalize-package-data
3208 silly ADD node_modules/normalize-package-data/node_modules/semver
3209 silly ADD node_modules/node-releases
3210 silly ADD node_modules/node-int64
3211 silly ADD node_modules/node-emoji
3212 silly ADD node_modules/node-abi
3213 silly ADD node_modules/node-abi/node_modules/semver
3214 silly ADD node_modules/nerf-dart
3215 silly ADD node_modules/neo-async
3216 silly ADD node_modules/natural-compare
3217 silly ADD node_modules/napi-postinstall
3218 silly ADD node_modules/napi-build-utils
3219 silly ADD node_modules/nanoid
3220 silly ADD node_modules/named-placeholders
3221 silly ADD node_modules/named-placeholders/node_modules/lru-cache
3222 silly ADD node_modules/mz
3223 silly ADD node_modules/mysql2
3224 silly ADD node_modules/ms
3225 silly ADD node_modules/mongodb-connection-string-url
3226 silly ADD node_modules/mongodb
3227 silly ADD node_modules/mkdirp-classic
3228 silly ADD node_modules/minipass
3229 silly ADD node_modules/minimist
3230 silly ADD node_modules/minimatch
3231 silly ADD node_modules/mimic-response
3232 silly ADD node_modules/mimic-fn
3233 silly ADD node_modules/mime-types
3234 silly ADD node_modules/mime-db
3235 silly ADD node_modules/mime
3236 silly ADD node_modules/micromatch
3237 silly ADD node_modules/merge2
3238 silly ADD node_modules/merge-stream
3239 silly ADD node_modules/merge-descriptors
3240 silly ADD node_modules/meow
3241 silly ADD node_modules/memory-pager
3242 silly ADD node_modules/memcached
3243 silly ADD node_modules/media-typer
3244 silly ADD node_modules/math-intrinsics
3245 silly ADD node_modules/marked-terminal
3246 silly ADD node_modules/marked-terminal/node_modules/ansi-escapes
3247 silly ADD node_modules/marked
3248 silly ADD node_modules/makeerror
3249 silly ADD node_modules/make-error
3250 silly ADD node_modules/make-dir
3251 silly ADD node_modules/make-dir/node_modules/semver
3252 silly ADD node_modules/make-asynchronous
3253 silly ADD node_modules/make-asynchronous/node_modules/type-fest
3254 silly ADD node_modules/magic-string
3255 silly ADD node_modules/lru.min
3256 silly ADD node_modules/lru-cache
3257 silly ADD node_modules/long
3258 silly ADD node_modules/lodash.uniqby
3259 silly ADD node_modules/lodash.merge
3260 silly ADD node_modules/lodash.memoize
3261 silly ADD node_modules/lodash.isstring
3262 silly ADD node_modules/lodash.isplainobject
3263 silly ADD node_modules/lodash.escaperegexp
3264 silly ADD node_modules/lodash.capitalize
3265 silly ADD node_modules/lodash-es
3266 silly ADD node_modules/lodash
3267 silly ADD node_modules/locate-path
3268 silly ADD node_modules/load-json-file
3269 silly ADD node_modules/load-json-file/node_modules/strip-bom
3270 silly ADD node_modules/load-json-file/node_modules/parse-json
3271 silly ADD node_modules/lines-and-columns
3272 silly ADD node_modules/levn
3273 silly ADD node_modules/leven
3274 silly ADD node_modules/keyv
3275 silly ADD node_modules/JSONStream
3276 silly ADD node_modules/jsonparse
3277 silly ADD node_modules/jsonfile
3278 silly ADD node_modules/json5
3279 silly ADD node_modules/json-with-bigint
3280 silly ADD node_modules/json-stringify-safe
3281 silly ADD node_modules/json-stable-stringify-without-jsonify
3282 silly ADD node_modules/json-schema-traverse
3283 silly ADD node_modules/json-parse-even-better-errors
3284 silly ADD node_modules/json-parse-better-errors
3285 silly ADD node_modules/json-buffer
3286 silly ADD node_modules/jsesc
3287 silly ADD node_modules/js-yaml
3288 silly ADD node_modules/js-tokens
3289 silly ADD node_modules/jest-worker
3290 silly ADD node_modules/jest-worker/node_modules/supports-color
3291 silly ADD node_modules/jest-watcher
3292 silly ADD node_modules/jest-watcher/node_modules/chalk
3293 silly ADD node_modules/jest-watcher/node_modules/ansi-styles
3294 silly ADD node_modules/jest-validate
3295 silly ADD node_modules/jest-validate/node_modules/chalk
3296 silly ADD node_modules/jest-validate/node_modules/camelcase
3297 silly ADD node_modules/jest-validate/node_modules/ansi-styles
3298 silly ADD node_modules/jest-util
3299 silly ADD node_modules/jest-util/node_modules/picomatch
3300 silly ADD node_modules/jest-util/node_modules/chalk
3301 silly ADD node_modules/jest-util/node_modules/ansi-styles
3302 silly ADD node_modules/jest-snapshot
3303 silly ADD node_modules/jest-snapshot/node_modules/semver
3304 silly ADD node_modules/jest-snapshot/node_modules/chalk
3305 silly ADD node_modules/jest-snapshot/node_modules/ansi-styles
3306 silly ADD node_modules/jest-runtime
3307 silly ADD node_modules/jest-runtime/node_modules/chalk
3308 silly ADD node_modules/jest-runtime/node_modules/ansi-styles
3309 silly ADD node_modules/jest-runner
3310 silly ADD node_modules/jest-runner/node_modules/chalk
3311 silly ADD node_modules/jest-runner/node_modules/ansi-styles
3312 silly ADD node_modules/jest-resolve-dependencies
3313 silly ADD node_modules/jest-resolve
3314 silly ADD node_modules/jest-resolve/node_modules/chalk
3315 silly ADD node_modules/jest-resolve/node_modules/ansi-styles
3316 silly ADD node_modules/jest-regex-util
3317 silly ADD node_modules/jest-pnp-resolver
3318 silly ADD node_modules/jest-mock
3319 silly ADD node_modules/jest-message-util
3320 silly ADD node_modules/jest-message-util/node_modules/chalk
3321 silly ADD node_modules/jest-message-util/node_modules/ansi-styles
3322 silly ADD node_modules/jest-matcher-utils
3323 silly ADD node_modules/jest-matcher-utils/node_modules/chalk
3324 silly ADD node_modules/jest-matcher-utils/node_modules/ansi-styles
3325 silly ADD node_modules/jest-leak-detector
3326 silly ADD node_modules/jest-haste-map
3327 silly ADD node_modules/jest-environment-node
3328 silly ADD node_modules/jest-each
3329 silly ADD node_modules/jest-each/node_modules/chalk
3330 silly ADD node_modules/jest-each/node_modules/ansi-styles
3331 silly ADD node_modules/jest-docblock
3332 silly ADD node_modules/jest-diff
3333 silly ADD node_modules/jest-diff/node_modules/chalk
3334 silly ADD node_modules/jest-diff/node_modules/ansi-styles
3335 silly ADD node_modules/jest-config
3336 silly ADD node_modules/jest-config/node_modules/chalk
3337 silly ADD node_modules/jest-config/node_modules/ansi-styles
3338 silly ADD node_modules/jest-cli
3339 silly ADD node_modules/jest-cli/node_modules/chalk
3340 silly ADD node_modules/jest-cli/node_modules/ansi-styles
3341 silly ADD node_modules/jest-circus
3342 silly ADD node_modules/jest-circus/node_modules/chalk
3343 silly ADD node_modules/jest-circus/node_modules/ansi-styles
3344 silly ADD node_modules/jest-changed-files
3345 silly ADD node_modules/jest
3346 silly ADD node_modules/java-properties
3347 silly ADD node_modules/jackspeak
3348 silly ADD node_modules/jackpot
3349 silly ADD node_modules/istanbul-reports
3350 silly ADD node_modules/istanbul-lib-source-maps
3351 silly ADD node_modules/istanbul-lib-report
3352 silly ADD node_modules/istanbul-lib-instrument
3353 silly ADD node_modules/istanbul-lib-instrument/node_modules/semver
3354 silly ADD node_modules/istanbul-lib-coverage
3355 silly ADD node_modules/issue-parser
3356 silly ADD node_modules/isexe
3357 silly ADD node_modules/isarray
3358 silly ADD node_modules/is-unicode-supported
3359 silly ADD node_modules/is-text-path
3360 silly ADD node_modules/is-stream
3361 silly ADD node_modules/is-property
3362 silly ADD node_modules/is-promise
3363 silly ADD node_modules/is-plain-obj
3364 silly ADD node_modules/is-obj
3365 silly ADD node_modules/is-number
3366 silly ADD node_modules/is-glob
3367 silly ADD node_modules/is-generator-fn
3368 silly ADD node_modules/is-fullwidth-code-point
3369 silly ADD node_modules/is-extglob
3370 silly ADD node_modules/is-arrayish
3371 silly ADD node_modules/ipaddr.js
3372 silly ADD node_modules/into-stream
3373 silly ADD node_modules/ini
3374 silly ADD node_modules/inherits
3375 silly ADD node_modules/inflight
3376 silly ADD node_modules/index-to-position
3377 silly ADD node_modules/indent-string
3378 silly ADD node_modules/imurmurhash
3379 silly ADD node_modules/import-meta-resolve
3380 silly ADD node_modules/import-local
3381 silly ADD node_modules/import-from-esm
3382 silly ADD node_modules/import-fresh
3383 silly ADD node_modules/ignore
3384 silly ADD node_modules/ieee754
3385 silly ADD node_modules/iconv-lite
3386 silly ADD node_modules/human-signals
3387 silly ADD node_modules/https-proxy-agent
3388 silly ADD node_modules/http-proxy-agent
3389 silly ADD node_modules/http-errors
3390 silly ADD node_modules/http-errors/node_modules/statuses
3391 silly ADD node_modules/html-escaper
3392 silly ADD node_modules/hosted-git-info
3393 silly ADD node_modules/hosted-git-info/node_modules/lru-cache
3394 silly ADD node_modules/hook-std
3395 silly ADD node_modules/highlight.js
3396 silly ADD node_modules/hasown
3397 silly ADD node_modules/hashring
3398 silly ADD node_modules/has-symbols
3399 silly ADD node_modules/has-flag
3400 silly ADD node_modules/handlebars
3401 silly ADD node_modules/graphemer
3402 silly ADD node_modules/graceful-fs
3403 silly ADD node_modules/gopd
3404 silly ADD node_modules/globby
3405 silly ADD node_modules/globby/node_modules/slash
3406 silly ADD node_modules/globby/node_modules/path-type
3407 silly ADD node_modules/globby/node_modules/ignore
3408 silly ADD node_modules/globals
3409 silly ADD node_modules/glob-parent
3410 silly ADD node_modules/glob
3411 silly ADD node_modules/glob/node_modules/minimatch
3412 silly ADD node_modules/glob/node_modules/brace-expansion
3413 silly ADD node_modules/github-from-package
3414 silly ADD node_modules/git-log-parser
3415 silly ADD node_modules/git-log-parser/node_modules/split2
3416 silly ADD node_modules/get-tsconfig
3417 silly ADD node_modules/get-stream
3418 silly ADD node_modules/get-proto
3419 silly ADD node_modules/get-package-type
3420 silly ADD node_modules/get-intrinsic
3421 silly ADD node_modules/get-caller-file
3422 silly ADD node_modules/gensync
3423 silly ADD node_modules/generate-function
3424 silly ADD node_modules/function-timeout
3425 silly ADD node_modules/function-bind
3426 silly ADD node_modules/fs.realpath
3427 silly ADD node_modules/fs-extra
3428 silly ADD node_modules/fs-constants
3429 silly ADD node_modules/from2
3430 silly ADD node_modules/fresh
3431 silly ADD node_modules/forwarded
3432 silly ADD node_modules/foreground-child
3433 silly ADD node_modules/flatted
3434 silly ADD node_modules/flat-cache
3435 silly ADD node_modules/find-versions
3436 silly ADD node_modules/find-up-simple
3437 silly ADD node_modules/find-up
3438 silly ADD node_modules/finalhandler
3439 silly ADD node_modules/fill-range
3440 silly ADD node_modules/file-uri-to-path
3441 silly ADD node_modules/file-entry-cache
3442 silly ADD node_modules/figures
3443 silly ADD node_modules/figlet
3444 silly ADD node_modules/figlet/node_modules/commander
3445 silly ADD node_modules/fb-watchman
3446 silly ADD node_modules/fastq
3447 silly ADD node_modules/fast-levenshtein
3448 silly ADD node_modules/fast-json-stable-stringify
3449 silly ADD node_modules/fast-glob
3450 silly ADD node_modules/fast-glob/node_modules/glob-parent
3451 silly ADD node_modules/fast-deep-equal
3452 silly ADD node_modules/fast-content-type-parse
3453 silly ADD node_modules/express
3454 silly ADD node_modules/expect-type
3455 silly ADD node_modules/expect
3456 silly ADD node_modules/expand-template
3457 silly ADD node_modules/exit-x
3458 silly ADD node_modules/execa
3459 silly ADD node_modules/execa/node_modules/signal-exit
3460 silly ADD node_modules/etag
3461 silly ADD node_modules/esutils
3462 silly ADD node_modules/estree-walker
3463 silly ADD node_modules/estraverse
3464 silly ADD node_modules/esrecurse
3465 silly ADD node_modules/esquery
3466 silly ADD node_modules/esprima
3467 silly ADD node_modules/espree
3468 silly ADD node_modules/eslint-visitor-keys
3469 silly ADD node_modules/eslint-scope
3470 silly ADD node_modules/eslint
3471 silly ADD node_modules/eslint/node_modules/chalk
3472 silly ADD node_modules/eslint/node_modules/ansi-styles
3473 silly ADD node_modules/escape-string-regexp
3474 silly ADD node_modules/escape-html
3475 silly ADD node_modules/escalade
3476 silly ADD node_modules/esbuild
3477 silly ADD node_modules/es-object-atoms
3478 silly ADD node_modules/es-module-lexer
3479 silly ADD node_modules/es-errors
3480 silly ADD node_modules/es-define-property
3481 silly ADD node_modules/error-ex
3482 silly ADD node_modules/environment
3483 silly ADD node_modules/env-paths
3484 silly ADD node_modules/env-ci
3485 silly ADD node_modules/env-ci/node_modules/strip-final-newline
3486 silly ADD node_modules/env-ci/node_modules/path-key
3487 silly ADD node_modules/env-ci/node_modules/onetime
3488 silly ADD node_modules/env-ci/node_modules/npm-run-path
3489 silly ADD node_modules/env-ci/node_modules/mimic-fn
3490 silly ADD node_modules/env-ci/node_modules/is-stream
3491 silly ADD node_modules/env-ci/node_modules/human-signals
3492 silly ADD node_modules/env-ci/node_modules/get-stream
3493 silly ADD node_modules/env-ci/node_modules/execa
3494 silly ADD node_modules/end-of-stream
3495 silly ADD node_modules/encodeurl
3496 silly ADD node_modules/emojilib
3497 silly ADD node_modules/emoji-regex
3498 silly ADD node_modules/emittery
3499 silly ADD node_modules/electron-to-chromium
3500 silly ADD node_modules/ee-first
3501 silly ADD node_modules/eastasianwidth
3502 silly ADD node_modules/duplexer2
3503 silly ADD node_modules/dunder-proto
3504 silly ADD node_modules/dotenv
3505 silly ADD node_modules/dot-prop
3506 silly ADD node_modules/dir-glob
3507 silly ADD node_modules/diff
3508 silly ADD node_modules/detect-newline
3509 silly ADD node_modules/detect-libc
3510 silly ADD node_modules/depd
3511 silly ADD node_modules/denque
3512 silly ADD node_modules/deepmerge
3513 silly ADD node_modules/deep-is
3514 silly ADD node_modules/deep-extend
3515 silly ADD node_modules/dedent
3516 silly ADD node_modules/decompress-response
3517 silly ADD node_modules/debug
3518 silly ADD node_modules/crypto-random-string
3519 silly ADD node_modules/crypto-random-string/node_modules/type-fest
3520 silly ADD node_modules/cross-spawn
3521 silly ADD node_modules/create-require
3522 silly ADD node_modules/cosmiconfig
3523 silly ADD node_modules/core-util-is
3524 silly ADD node_modules/cookie-signature
3525 silly ADD node_modules/cookie
3526 silly ADD node_modules/convert-source-map
3527 silly ADD node_modules/convert-hrtime
3528 silly ADD node_modules/conventional-commits-parser
3529 silly ADD node_modules/conventional-commits-filter
3530 silly ADD node_modules/conventional-changelog-writer
3531 silly ADD node_modules/conventional-changelog-writer/node_modules/semver
3532 silly ADD node_modules/conventional-changelog-angular
3533 silly ADD node_modules/content-type
3534 silly ADD node_modules/content-disposition
3535 silly ADD node_modules/connection-parse
3536 silly ADD node_modules/config-chain
3537 silly ADD node_modules/concat-map
3538 silly ADD node_modules/compare-func
3539 silly ADD node_modules/commander
3540 silly ADD node_modules/color-name
3541 silly ADD node_modules/color-convert
3542 silly ADD node_modules/collect-v8-coverage
3543 silly ADD node_modules/co
3544 silly ADD node_modules/cliui
3545 silly ADD node_modules/cliui/node_modules/wrap-ansi
3546 silly ADD node_modules/cliui/node_modules/strip-ansi
3547 silly ADD node_modules/cliui/node_modules/string-width
3548 silly ADD node_modules/cliui/node_modules/emoji-regex
3549 silly ADD node_modules/cliui/node_modules/ansi-styles
3550 silly ADD node_modules/cliui/node_modules/ansi-regex
3551 silly ADD node_modules/cli-table3
3552 silly ADD node_modules/cli-table3/node_modules/strip-ansi
3553 silly ADD node_modules/cli-table3/node_modules/string-width
3554 silly ADD node_modules/cli-table3/node_modules/emoji-regex
3555 silly ADD node_modules/cli-table3/node_modules/ansi-regex
3556 silly ADD node_modules/cli-highlight
3557 silly ADD node_modules/cli-highlight/node_modules/yargs-parser
3558 silly ADD node_modules/cli-highlight/node_modules/yargs
3559 silly ADD node_modules/cli-highlight/node_modules/wrap-ansi
3560 silly ADD node_modules/cli-highlight/node_modules/strip-ansi
3561 silly ADD node_modules/cli-highlight/node_modules/string-width
3562 silly ADD node_modules/cli-highlight/node_modules/emoji-regex
3563 silly ADD node_modules/cli-highlight/node_modules/cliui
3564 silly ADD node_modules/cli-highlight/node_modules/chalk
3565 silly ADD node_modules/cli-highlight/node_modules/ansi-styles
3566 silly ADD node_modules/cli-highlight/node_modules/ansi-regex
3567 silly ADD node_modules/clean-stack
3568 silly ADD node_modules/cjs-module-lexer
3569 silly ADD node_modules/ci-info
3570 silly ADD node_modules/char-regex
3571 silly ADD node_modules/chalk
3572 silly ADD node_modules/chai
3573 silly ADD node_modules/caniuse-lite
3574 silly ADD node_modules/camelcase
3575 silly ADD node_modules/callsites
3576 silly ADD node_modules/call-bound
3577 silly ADD node_modules/call-bind-apply-helpers
3578 silly ADD node_modules/bytes
3579 silly ADD node_modules/buffer-from
3580 silly ADD node_modules/buffer
3581 silly ADD node_modules/bson
3582 silly ADD node_modules/bser
3583 silly ADD node_modules/bs-logger
3584 silly ADD node_modules/browserslist
3585 silly ADD node_modules/braces
3586 silly ADD node_modules/brace-expansion
3587 silly ADD node_modules/bottleneck
3588 silly ADD node_modules/body-parser
3589 silly ADD node_modules/bl
3590 silly ADD node_modules/bl/node_modules/readable-stream
3591 silly ADD node_modules/bindings
3592 silly ADD node_modules/better-sqlite3
3593 silly ADD node_modules/before-after-hook
3594 silly ADD node_modules/baseline-browser-mapping
3595 silly ADD node_modules/base64-js
3596 silly ADD node_modules/balanced-match
3597 silly ADD node_modules/babel-preset-jest
3598 silly ADD node_modules/babel-preset-current-node-syntax
3599 silly ADD node_modules/babel-plugin-jest-hoist
3600 silly ADD node_modules/babel-plugin-istanbul
3601 silly ADD node_modules/babel-jest
3602 silly ADD node_modules/babel-jest/node_modules/chalk
3603 silly ADD node_modules/babel-jest/node_modules/ansi-styles
3604 silly ADD node_modules/aws-ssl-profiles
3605 silly ADD node_modules/assertion-error
3606 silly ADD node_modules/array-ify
3607 silly ADD node_modules/argv-formatter
3608 silly ADD node_modules/argparse
3609 silly ADD node_modules/arg
3610 silly ADD node_modules/anymatch
3611 silly ADD node_modules/any-promise
3612 silly ADD node_modules/ansi-styles
3613 silly ADD node_modules/ansi-regex
3614 silly ADD node_modules/ansi-escapes
3615 silly ADD node_modules/ajv
3616 silly ADD node_modules/aggregate-error
3617 silly ADD node_modules/agent-base
3618 silly ADD node_modules/acorn-walk
3619 silly ADD node_modules/acorn-jsx
3620 silly ADD node_modules/acorn
3621 silly ADD node_modules/accepts
3622 silly ADD node_modules/accepts/node_modules/negotiator
3623 silly ADD node_modules/@vitest/utils
3624 silly ADD node_modules/@vitest/spy
3625 silly ADD node_modules/@vitest/snapshot
3626 silly ADD node_modules/@vitest/runner
3627 silly ADD node_modules/@vitest/pretty-format
3628 silly ADD node_modules/@vitest/mocker
3629 silly ADD node_modules/@vitest/expect
3630 silly ADD node_modules/@unrs/resolver-binding-win32-x64-msvc
3631 silly ADD node_modules/@ungap/structured-clone
3632 silly ADD node_modules/@typescript-eslint/visitor-keys
3633 silly ADD node_modules/@typescript-eslint/utils
3634 silly ADD node_modules/@typescript-eslint/typescript-estree
3635 silly ADD node_modules/@typescript-eslint/typescript-estree/node_modules/semver
3636 silly ADD node_modules/@typescript-eslint/typescript-estree/node_modules/minimatch
3637 silly ADD node_modules/@typescript-eslint/typescript-estree/node_modules/brace-expansion
3638 silly ADD node_modules/@typescript-eslint/types
3639 silly ADD node_modules/@typescript-eslint/type-utils
3640 silly ADD node_modules/@typescript-eslint/tsconfig-utils
3641 silly ADD node_modules/@typescript-eslint/scope-manager
3642 silly ADD node_modules/@typescript-eslint/project-service
3643 silly ADD node_modules/@typescript-eslint/parser
3644 silly ADD node_modules/@typescript-eslint/eslint-plugin
3645 silly ADD node_modules/@typescript-eslint/eslint-plugin/node_modules/ignore
3646 silly ADD node_modules/@types/yargs-parser
3647 silly ADD node_modules/@types/yargs
3648 silly ADD node_modules/@types/whatwg-url
3649 silly ADD node_modules/@types/webidl-conversions
3650 silly ADD node_modules/@types/stack-utils
3651 silly ADD node_modules/@types/serve-static
3652 silly ADD node_modules/@types/send
3653 silly ADD node_modules/@types/range-parser
3654 silly ADD node_modules/@types/qs
3655 silly ADD node_modules/@types/pg
3656 silly ADD node_modules/@types/normalize-package-data
3657 silly ADD node_modules/@types/node
3658 silly ADD node_modules/@types/memcached
3659 silly ADD node_modules/@types/json-schema
3660 silly ADD node_modules/@types/jest
3661 silly ADD node_modules/@types/istanbul-reports
3662 silly ADD node_modules/@types/istanbul-lib-report
3663 silly ADD node_modules/@types/istanbul-lib-coverage
3664 silly ADD node_modules/@types/http-errors
3665 silly ADD node_modules/@types/figlet
3666 silly ADD node_modules/@types/express-serve-static-core
3667 silly ADD node_modules/@types/express
3668 silly ADD node_modules/@types/estree
3669 silly ADD node_modules/@types/deep-eql
3670 silly ADD node_modules/@types/connect
3671 silly ADD node_modules/@types/chai
3672 silly ADD node_modules/@types/body-parser
3673 silly ADD node_modules/@types/babel__traverse
3674 silly ADD node_modules/@types/babel__template
3675 silly ADD node_modules/@types/babel__generator
3676 silly ADD node_modules/@types/babel__core
3677 silly ADD node_modules/@tsconfig/node16
3678 silly ADD node_modules/@tsconfig/node14
3679 silly ADD node_modules/@tsconfig/node12
3680 silly ADD node_modules/@tsconfig/node10
3681 silly ADD node_modules/@standard-schema/spec
3682 silly ADD node_modules/@sinonjs/fake-timers
3683 silly ADD node_modules/@sinonjs/commons
3684 silly ADD node_modules/@sindresorhus/merge-streams
3685 silly ADD node_modules/@sindresorhus/is
3686 silly ADD node_modules/@sinclair/typebox
3687 silly ADD node_modules/@semantic-release/release-notes-generator
3688 silly ADD node_modules/@semantic-release/release-notes-generator/node_modules/get-stream
3689 silly ADD node_modules/@semantic-release/npm
3690 silly ADD node_modules/@semantic-release/npm/node_modules/strip-final-newline
3691 silly ADD node_modules/@semantic-release/npm/node_modules/semver
3692 silly ADD node_modules/@semantic-release/npm/node_modules/path-key
3693 silly ADD node_modules/@semantic-release/npm/node_modules/npm-run-path
3694 silly ADD node_modules/@semantic-release/npm/node_modules/is-stream
3695 silly ADD node_modules/@semantic-release/npm/node_modules/indent-string
3696 silly ADD node_modules/@semantic-release/npm/node_modules/human-signals
3697 silly ADD node_modules/@semantic-release/npm/node_modules/get-stream
3698 silly ADD node_modules/@semantic-release/npm/node_modules/execa
3699 silly ADD node_modules/@semantic-release/npm/node_modules/escape-string-regexp
3700 silly ADD node_modules/@semantic-release/npm/node_modules/clean-stack
3701 silly ADD node_modules/@semantic-release/npm/node_modules/aggregate-error
3702 silly ADD node_modules/@semantic-release/npm/node_modules/@sindresorhus/merge-streams
3703 silly ADD node_modules/@semantic-release/npm/node_modules/@semantic-release/error
3704 silly ADD node_modules/@semantic-release/github
3705 silly ADD node_modules/@semantic-release/github/node_modules/indent-string
3706 silly ADD node_modules/@semantic-release/github/node_modules/escape-string-regexp
3707 silly ADD node_modules/@semantic-release/github/node_modules/clean-stack
3708 silly ADD node_modules/@semantic-release/github/node_modules/aggregate-error
3709 silly ADD node_modules/@semantic-release/github/node_modules/@semantic-release/error
3710 silly ADD node_modules/@semantic-release/git
3711 silly ADD node_modules/@semantic-release/error
3712 silly ADD node_modules/@semantic-release/commit-analyzer
3713 silly ADD node_modules/@semantic-release/changelog
3714 silly ADD node_modules/@sec-ant/readable-stream
3715 silly ADD node_modules/@rollup/rollup-win32-x64-msvc
3716 silly ADD node_modules/@rollup/rollup-win32-x64-gnu
3717 silly ADD node_modules/@pnpm/npm-conf
3718 silly ADD node_modules/@pnpm/network.ca-file
3719 silly ADD node_modules/@pnpm/network.ca-file/node_modules/graceful-fs
3720 silly ADD node_modules/@pnpm/config.env-replace
3721 silly ADD node_modules/@pkgr/core
3722 silly ADD node_modules/@pkgjs/parseargs
3723 silly ADD node_modules/@octokit/types
3724 silly ADD node_modules/@octokit/request-error
3725 silly ADD node_modules/@octokit/request
3726 silly ADD node_modules/@octokit/plugin-throttling
3727 silly ADD node_modules/@octokit/plugin-throttling/node_modules/@octokit/types
3728 silly ADD node_modules/@octokit/plugin-throttling/node_modules/@octokit/openapi-types
3729 silly ADD node_modules/@octokit/plugin-retry
3730 silly ADD node_modules/@octokit/plugin-paginate-rest
3731 silly ADD node_modules/@octokit/plugin-paginate-rest/node_modules/@octokit/types
3732 silly ADD node_modules/@octokit/plugin-paginate-rest/node_modules/@octokit/openapi-types
3733 silly ADD node_modules/@octokit/openapi-types
3734 silly ADD node_modules/@octokit/graphql
3735 silly ADD node_modules/@octokit/endpoint
3736 silly ADD node_modules/@octokit/core
3737 silly ADD node_modules/@octokit/auth-token
3738 silly ADD node_modules/@nodelib/fs.walk
3739 silly ADD node_modules/@nodelib/fs.stat
3740 silly ADD node_modules/@nodelib/fs.scandir
3741 silly ADD node_modules/@mongodb-js/saslprep
3742 silly ADD node_modules/@jridgewell/trace-mapping
3743 silly ADD node_modules/@jridgewell/sourcemap-codec
3744 silly ADD node_modules/@jridgewell/resolve-uri
3745 silly ADD node_modules/@jridgewell/remapping
3746 silly ADD node_modules/@jridgewell/gen-mapping
3747 silly ADD node_modules/@jest/types
3748 silly ADD node_modules/@jest/types/node_modules/chalk
3749 silly ADD node_modules/@jest/types/node_modules/ansi-styles
3750 silly ADD node_modules/@jest/transform
3751 silly ADD node_modules/@jest/transform/node_modules/chalk
3752 silly ADD node_modules/@jest/transform/node_modules/ansi-styles
3753 silly ADD node_modules/@jest/test-sequencer
3754 silly ADD node_modules/@jest/test-result
3755 silly ADD node_modules/@jest/source-map
3756 silly ADD node_modules/@jest/snapshot-utils
3757 silly ADD node_modules/@jest/snapshot-utils/node_modules/chalk
3758 silly ADD node_modules/@jest/snapshot-utils/node_modules/ansi-styles
3759 silly ADD node_modules/@jest/schemas
3760 silly ADD node_modules/@jest/reporters
3761 silly ADD node_modules/@jest/reporters/node_modules/chalk
3762 silly ADD node_modules/@jest/reporters/node_modules/ansi-styles
3763 silly ADD node_modules/@jest/pattern
3764 silly ADD node_modules/@jest/globals
3765 silly ADD node_modules/@jest/get-type
3766 silly ADD node_modules/@jest/fake-timers
3767 silly ADD node_modules/@jest/expect-utils
3768 silly ADD node_modules/@jest/expect
3769 silly ADD node_modules/@jest/environment
3770 silly ADD node_modules/@jest/diff-sequences
3771 silly ADD node_modules/@jest/core
3772 silly ADD node_modules/@jest/core/node_modules/chalk
3773 silly ADD node_modules/@jest/core/node_modules/ansi-styles
3774 silly ADD node_modules/@jest/console
3775 silly ADD node_modules/@jest/console/node_modules/chalk
3776 silly ADD node_modules/@jest/console/node_modules/ansi-styles
3777 silly ADD node_modules/@istanbuljs/schema
3778 silly ADD node_modules/@istanbuljs/load-nyc-config
3779 silly ADD node_modules/@istanbuljs/load-nyc-config/node_modules/resolve-from
3780 silly ADD node_modules/@istanbuljs/load-nyc-config/node_modules/p-locate
3781 silly ADD node_modules/@istanbuljs/load-nyc-config/node_modules/p-limit
3782 silly ADD node_modules/@istanbuljs/load-nyc-config/node_modules/locate-path
3783 silly ADD node_modules/@istanbuljs/load-nyc-config/node_modules/js-yaml
3784 silly ADD node_modules/@istanbuljs/load-nyc-config/node_modules/find-up
3785 silly ADD node_modules/@istanbuljs/load-nyc-config/node_modules/argparse
3786 silly ADD node_modules/@isaacs/cliui
3787 silly ADD node_modules/@humanwhocodes/retry
3788 silly ADD node_modules/@humanwhocodes/module-importer
3789 silly ADD node_modules/@humanfs/node
3790 silly ADD node_modules/@humanfs/core
3791 silly ADD node_modules/@faker-js/faker
3792 silly ADD node_modules/@eslint/plugin-kit
3793 silly ADD node_modules/@eslint/object-schema
3794 silly ADD node_modules/@eslint/js
3795 silly ADD node_modules/@eslint/eslintrc
3796 silly ADD node_modules/@eslint/core
3797 silly ADD node_modules/@eslint/config-helpers
3798 silly ADD node_modules/@eslint/config-array
3799 silly ADD node_modules/@eslint-community/regexpp
3800 silly ADD node_modules/@eslint-community/eslint-utils
3801 silly ADD node_modules/@eslint-community/eslint-utils/node_modules/eslint-visitor-keys
3802 silly ADD node_modules/@esbuild/win32-x64
3803 silly ADD node_modules/@cspotcode/source-map-support
3804 silly ADD node_modules/@cspotcode/source-map-support/node_modules/@jridgewell/trace-mapping
3805 silly ADD node_modules/@colors/colors
3806 silly ADD node_modules/@bcoe/v8-coverage
3807 silly ADD node_modules/@babel/types
3808 silly ADD node_modules/@babel/traverse
3809 silly ADD node_modules/@babel/template
3810 silly ADD node_modules/@babel/plugin-syntax-typescript
3811 silly ADD node_modules/@babel/plugin-syntax-top-level-await
3812 silly ADD node_modules/@babel/plugin-syntax-private-property-in-object
3813 silly ADD node_modules/@babel/plugin-syntax-optional-chaining
3814 silly ADD node_modules/@babel/plugin-syntax-optional-catch-binding
3815 silly ADD node_modules/@babel/plugin-syntax-object-rest-spread
3816 silly ADD node_modules/@babel/plugin-syntax-numeric-separator
3817 silly ADD node_modules/@babel/plugin-syntax-nullish-coalescing-operator
3818 silly ADD node_modules/@babel/plugin-syntax-logical-assignment-operators
3819 silly ADD node_modules/@babel/plugin-syntax-jsx
3820 silly ADD node_modules/@babel/plugin-syntax-json-strings
3821 silly ADD node_modules/@babel/plugin-syntax-import-meta
3822 silly ADD node_modules/@babel/plugin-syntax-import-attributes
3823 silly ADD node_modules/@babel/plugin-syntax-class-static-block
3824 silly ADD node_modules/@babel/plugin-syntax-class-properties
3825 silly ADD node_modules/@babel/plugin-syntax-bigint
3826 silly ADD node_modules/@babel/plugin-syntax-async-generators
3827 silly ADD node_modules/@babel/parser
3828 silly ADD node_modules/@babel/helpers
3829 silly ADD node_modules/@babel/helper-validator-option
3830 silly ADD node_modules/@babel/helper-validator-identifier
3831 silly ADD node_modules/@babel/helper-string-parser
3832 silly ADD node_modules/@babel/helper-plugin-utils
3833 silly ADD node_modules/@babel/helper-module-transforms
3834 silly ADD node_modules/@babel/helper-module-imports
3835 silly ADD node_modules/@babel/helper-globals
3836 silly ADD node_modules/@babel/helper-compilation-targets
3837 silly ADD node_modules/@babel/generator
3838 silly ADD node_modules/@babel/core
3839 silly ADD node_modules/@babel/compat-data
3840 silly ADD node_modules/@babel/code-frame
3841 verbose cwd L:\npm dev Packages
3842 verbose os Windows_NT 10.0.26200
3843 verbose node v24.13.0
3844 verbose npm  v11.7.0
3845 notice
3845 notice New minor version of npm available! 11.7.0 -> 11.11.1
3845 notice Changelog: https://github.com/npm/cli/releases/tag/v11.11.1
3845 notice To update run: npm install -g npm@11.11.1
3845 notice  { force: true, Symbol(proc-log.meta): true }
3846 verbose exit 0
3847 info ok
